OP_Ciclo_Produccion,OP_Tasa_Defectos,OP_Disponibilidad_Maq,OP_Costo_Unitario,OP_Merma_Materia_Prima,OP_Cumplimiento_Plan,OP_Eficiencia_Energetica,OP_Rotacion_Inventario,OP_Tiempo_Set_Up,OP_Productividad_HH,OP_Lead_Time_Prov,OP_Capacidad_Utilizada,FIN_Margen_EBITDA,FIN_ROI,FIN_Flujo_Caja_Libre,FIN_Apalancamiento,FIN_Dias_Cuentas_Cobrar,FIN_Dias_Pago_Prov,FIN_Costo_Capital_WACC,FIN_Margen_Neto,FIN_Ratio_Liquidez,FIN_Variacion_Gastos_Adm,FIN_Punto_Equilibrio,FIN_EBIT,FIN_Costo_Deuda,MKT_NPS,MKT_CAC,MKT_LTV,MKT_Tasa_Churn,MKT_Conversion_Lead,MKT_Market_Share,MKT_Ticket_Promedio,MKT_Reclamaciones_QRS,MKT_Reconocimiento_Marca,MKT_Costo_Por_Click,MKT_Frecuencia_Compra,MKT_Tasa_Recomendacion,RH_Indice_Clima,RH_Tasa_Rotacion,RH_Ausentismo,RH_Horas_Capacitacion,RH_Productividad_Empleado,RH_Satisfaccion_Beneficios,RH_Tiempo_Contratacion,RH_Gasto_Nomina_Ventas,RH_Indice_Diversidad,RH_Promociones_Internas,RH_Evaluacion_Desempeno,RH_Accidentalidad_Laboral,RH_Antiguedad_Promedio
112.0816000328267,114.4474894780985,111.34251767600168,104.07482092029656,110.30377728126614,97.91167450578152,113.3539168574292,103.13324427034382,102.6568200142346,105.33191388505496,110.96642500626852,101.88030550400303,124.69058798970195,132.21465767373712,118.14490522146248,138.4526985740741,124.53232457932576,116.2669831814202,112.98114948732118,130.73967648962952,108.98366983254472,122.8381266060848,127.80761979190449,122.49499172807714,118.50299828899443,104.22028052206434,118.191632863861,105.02845791295692,105.59722847074016,115.25576300463597,97.41677794041546,103.06447839446322,118.87234606493152,109.6810419777739,105.91917733354416,109.11376102266864,109.7888979253566,98.6288023696032,120.29108900114232,111.4568314526893,97.07849904530885,106.79248816768371,118.41731594456998,105.3485458171147,101.19605259824296,105.56523808789812,106.24953488748416,106.02322088403196,104.37623448215405,92.86816803635122
107.47311868478288,102.54920389699608,95.17010690078956,97.20344212885465,102.76695878509652,93.62411042853472,94.78946825267572,97.7700180377368,91.1634920352286,95.65896494051296,100.59207207192878,94.77138131374328,67.6261447563251,82.82234816834635,77.81839037228194,78.23446374187114,90.43489407457028,92.42921821519856,79.40359675085749,92.51957794230212,85.3103956754465,85.21007099516835,66.8157448972561,73.70399688620552,86.06710167016669,101.43978571767714,103.7188211562202,103.22157386681984,114.4579231804176,103.9412248916576,112.87641994514492,105.3694816143347,106.7463635303636,95.73455594805348,94.37785261681503,98.9428986926098,104.5655049626222,108.60280332161308,104.13026451809152,110.66318954130018,103.48911837803936,110.7170923474238,106.3099859783528,97.83749216279703,99.9670570912028,105.24937288297016,104.32338647182424,114.66779674113432,97.1547337546692,103.7831761019776
102.72249020241468,110.01347992111126,105.62433365439884,105.75322846651058,108.05878615559376,107.64730040440216,109.9414416165103,109.80541243173262,101.79738612257248,100.73711220836032,110.54234637300893,105.00502715363916,112.29665456292663,112.60602915118383,105.1996897041858,121.73987826068684,110.56820866089944,107.98328204322166,101.79964087545396,112.80056974179791,115.46471474313222,111.31309889297522,103.9563289167954,100.51097798036815,93.69066722073374,133.86021468991513,119.47278194326172,112.14888912822134,128.1337132341402,102.38268520168197,104.54948584114356,125.10365927562866,126.89441324703895,118.41950415315078,95.90352056680835,108.12407317252084,94.698144093239,91.24311199412162,84.07679996478967,87.69080517905685,92.87481354744904,89.77179257796963,84.55066391924964,85.1186994910681,94.50463790715524,89.70593968501528,83.36527191441346,89.67251351875214,85.23396791467344,72.92545604757895
125.66029402957324,119.61076395759252,122.8285755590656,121.30564019792516,119.78426417358163,132.28388613282132,123.1014373555258,125.2085995753374,124.91044240680937,121.1949968876132,115.9353600026582,120.1054687524147,77.57980812671975,80.24821111033171,85.16745440967516,77.34431041305494,63.9096190618394,71.25159458892244,80.33294496510251,80.04708733062864,85.49108037996511,89.52387028102291,79.11632040248288,71.61427468381233,72.09041522596434,116.16286412157712,115.25037552063615,117.53836969872592,121.08072201692032,103.44476355026444,98.66039555583528,107.62266751466828,117.18237791264237,102.16613816421082,126.61637642085998,102.30950337749744,115.54585753498462,108.85233676365904,105.5596037713314,103.85223081159738,109.10567206890178,112.14224490120912,114.55566017242782,106.6033283494296,119.88024530961609,104.15607282008142,108.67860336136935,114.228816106085,109.58173698369625,109.28682437679312
93.23448653354082,99.97881594721792,95.63677626652532,87.01962604438103,91.06194674636096,99.27046500181876,93.9787784150923,89.65340756274583,95.41736089051064,100.15184478825869,94.06961368137276,95.416947825594,121.64030577080908,110.6419770341622,126.20349732413814,105.00136618340358,114.73726462367196,130.76496561806084,125.55807233558934,116.16064718985756,124.65646428275234,130.88359705509544,116.10791335109109,114.8726359083744,114.7952158159082,135.57420261006544,116.1581084024716,103.29552035007656,100.1040626810958,114.19622809276048,116.08885477680782,101.9065669214675,105.53316913659944,118.26324380939528,122.08068393744148,129.9402887799847,99.33098041955344,70.28361441052039,79.90696208954539,77.37270689407507,83.2832935281375,78.85771380515038,82.70117302861814,84.08501231095536,72.07546511588973,93.17225467877763,80.59380961930839,78.79349948647146,80.76176713803667,82.77318137062245
94.0523187269388,98.45537257287104,94.22180539912593,97.554414182627,92.36089299586752,89.81053780026284,89.62561790634179,99.45078201499896,98.38497263378784,90.11678505037833,100.69684951968236,100.6737180774192,102.3447708046712,78.19398978976128,100.69321591274117,93.68425772657822,86.88365666649726,104.05500403882526,89.96098000870295,102.23971544473866,94.43420101624665,97.12662441309304,97.57328571445724,105.49085593839708,89.03599698835758,115.29527725670772,117.04478887973868,111.80143867078614,119.59531968276028,138.44955236972868,132.42364420790256,104.06800993074648,133.19638933612543,117.52379383210553,106.33978291452794,134.90391644765597,116.08481729957852,90.45006245323836,92.50673064862065,93.85498199702452,86.63455038558504,97.90802822995047,75.07424938408596,92.46318729777876,86.17326851895685,98.1785169392472,89.43026233972203,80.4937029227866,90.65018326738507,91.86372832121684
120.72622261141652,128.16415833274954,127.17012946989443,123.694219609422,138.4336643591545,126.11837367969906,125.30306475069922,110.166234074597,127.14055566321844,128.93060548786383,118.43209208369836,122.08239703908237,131.8920690236653,120.67239403100244,119.8425342024862,127.41438027611424,117.40790235136744,118.06058028663551,127.03531251685936,115.89538365867978,115.29579678930688,127.82445870587726,123.91226709318798,118.9884215729238,112.50401436495883,112.40470226568311,114.97495745822717,125.62056565599434,116.02961507932751,108.4141720026018,118.13450309832469,118.38484690866709,115.89302844359403,96.04389697826797,114.8118873128774,118.80731013470074,122.85012715841592,77.55709257057855,75.71745004529195,71.42110292615209,65.1541816657978,68.11602354738739,69.99726946998621,68.34570007606172,76.86881972355775,66.82344708256072,72.53228858791452,59.13038798371582,64.72798634654755,75.64233896035647
107.19156708889454,114.68737994570348,116.28804698014618,107.42607778195269,117.73491884097756,103.7750009926018,111.2065010780167,108.36209817547456,112.8396059031563,113.95039504271531,98.85267435603956,103.58339240344566,118.19882052630253,101.16633850851376,119.35528550776831,100.66577948668063,115.21122523440404,113.18856142160448,101.1178147665578,92.3110253335932,101.47598052747853,104.5579098746592,107.0879318329701,103.82544180591134,104.5722900407214,84.27144904230508,91.70909105200376,92.96625927625855,94.99592705999626,105.64058113034557,97.800746932797,100.06558795134896,93.64590960846652,87.76854429026218,96.59224358403488,110.84579666774894,107.89028833816188,133.83659657475278,117.82302476834816,126.9858941830888,128.4726407361525,121.63757814203107,121.01180095400754,133.72270701297882,126.5805177132966,116.83496940810214,118.35938508390394,135.8762576956933,135.4515779198733,135.1683594044017
93.20049235069986,98.2056477875724,93.39991864243495,96.25411255313774,86.20251237993561,98.37133948041108,95.45908655815856,90.516514998718,96.2467000917276,89.28671760112053,91.82235417207109,98.65822344345152,92.42426984995342,75.24901329974861,79.14900476465887,76.84898727701915,84.09290323607082,78.4220690770878,74.87067884909598,85.58772898189473,81.20452481616228,91.13175241773516,78.7072302919216,69.4467771087091,86.84834720224043,75.06081463795178,83.28462570451246,70.52612912307684,87.03505809300347,79.8759181520799,86.25802091986257,76.69740092622455,85.94033961205633,78.85233557197466,80.41655792721707,91.14109604862634,78.49140738534633,94.62650999686508,94.651788321973,102.600233036738,98.7423507987577,85.09331747298538,98.90699173990406,94.9133115335305,100.5853262227461,95.99933261999242,92.90339568394634,93.33582393943324,101.50151822055015,95.66552696724852
103.98365007173427,105.46222459598664,115.52605105906578,112.82625134192229,101.52611087007162,105.78277739470008,105.47039912159364,111.30503478414566,107.79073922257813,107.43075246710023,107.4296128836518,103.95294998571428,132.91877853448855,117.37751793332576,129.6167706880939,126.11773143950418,130.5541429123381,128.00260826163498,127.91817292790437,112.32086694167889,120.7406896134081,129.8614892385654,118.10870122388108,125.7864126589974,118.6276737661335,144.03610048169273,113.33206007407506,120.16566957406904,133.2227371117572,126.12165655392909,126.38123817574052,135.27711025214072,136.14023723897037,138.6988592325535,120.92679051691832,126.82968059020828,120.92781364586789,122.54405342069796,144.6865348615899,128.61258060201317,125.38968447559792,138.84024478510491,131.34131084048195,135.84998086556166,137.88286829136302,133.59681118373695,128.09733750260082,128.8027524573331,135.8195789901439,149.349165221918
94.40101873671226,99.63570493598468,87.34028903714554,85.01093528596819,95.45806491640552,92.5805536641172,99.1528411018783,93.1618888711974,87.11376766628433,101.04034364601824,93.7265516898866,92.75513247228992,125.59971087494353,137.2275702494039,120.96417660960572,123.29315993032452,126.00271036212426,104.14005047414426,130.64417002047688,115.57154917089288,124.92210002472886,131.3360067559599,118.3765525801091,117.02544214898693,131.8960885521995,91.21380650137574,88.5279094870638,93.1336220473533,106.46224691934472,111.58811689242924,85.17464043843937,92.21638075591702,100.98460034221551,105.44558570508556,100.2468408694731,81.37843598959648,89.44096066722659,117.0864304951211,113.39179269729236,105.1137951720316,107.2392034008157,111.5826943631175,111.53319234416642,111.04272089625674,110.59985592732798,118.4379404560423,108.653460667038,113.51822834605592,118.07323643985804,113.32026863481336
92.76286314920046,94.00205171990814,92.04575640004757,89.20042980361507,95.75037768333596,99.6430369341571,88.63018479038692,85.98623842716471,98.30312460055012,96.68179276397548,96.65664691401882,95.2467362311497,113.49177808528296,132.47299772702002,116.68248105307538,117.91128100888216,102.84768987163702,105.0758867194315,120.04557688308948,113.23608897295456,112.19991773270418,113.98685611852044,119.53464398360316,114.174438342253,105.2522351277134,112.09620180103676,90.08026838034289,108.4530160768498,109.7620903218074,100.5463146137965,80.47718735014301,91.5569478813442,111.12731712510616,109.1420029228136,101.08514405430692,90.28174959834077,80.92485134633306,105.06569462153536,105.68632696030488,106.49624039203192,116.10896064660986,124.323107437293,101.54219664349888,116.5083882904334,108.70129275020648,99.7091477308554,114.44455948050192,110.02389107024491,108.18912823112822,112.41646357640752
102.43469383915848,114.00573843661684,100.04532247047648,99.78372232455402,106.37385325007732,97.19361623056926,112.18963549357996,98.70446844440544,100.68387340958488,103.67335234798124,106.81746313464656,104.62748616550442,95.55871868988338,90.31384552468391,87.66768150613309,90.47881835052338,68.40940597187482,96.4102599787524,78.04980275871156,87.81518300402894,87.50716018664252,83.2293167125296,83.40395418864458,85.74243309712358,78.56080394066908,61.5154751267345,64.51204341923264,83.19735985730078,70.65468668628506,61.53610500612384,73.16083893879886,73.78245640055397,84.81440331252162,90.48544989383198,77.97300942381545,70.59871881334989,67.60114291249099,96.86482843515124,85.55687799228279,89.2281256325658,85.65925326896911,88.77338843521026,95.61375989633191,91.72774324066668,92.71973748997355,92.91950624498,95.56281734444715,95.26775740979149,98.92438989891674,87.5402082983946
66.76297801992503,67.85485723968519,61.96811324476772,66.6012808245887,70.02601736236454,64.31520540456808,62.56261378099172,72.29419637787007,66.6228148363209,70.1123797453281,72.59464535635263,76.7716940677404,101.26643829610305,91.69165289334504,94.96297322341638,99.24679324105144,96.60026077807558,93.41254637888753,91.68218286006244,84.11318583411382,89.19623826086172,84.25356318171505,102.18395955670482,102.11520844143436,110.82055393040794,94.5424062389489,100.0269238722299,116.55230274600407,91.43676493128852,99.35234634156576,105.87566493737472,101.56756915830078,110.30869691370329,99.72958853377251,103.87191283588972,93.74634484876007,88.94579639053478,85.99118281479441,87.34035529961321,89.0198279436256,89.91072194504468,84.83621824118912,94.23500279350108,85.00323483203275,79.15379986321594,75.13065931819996,77.84321075258262,94.95126066196872,84.64598116640329,94.0206333424728
71.24237585946285,82.80605152813075,73.71282908309101,78.27360672196325,73.49896121229001,71.20823588057449,76.30008283508897,73.73089580298173,73.23664313328253,74.5092778645628,80.10388945273806,76.52124822926831,99.7088783671803,92.7635969214767,99.16231612138871,98.72299877461006,100.46999653027709,103.84174662019632,108.76531699711296,103.5053407741515,109.71436036949832,101.8611106009176,102.33340091916536,100.92351712485797,96.9177432397623,98.82098684907234,100.5940392917514,110.4330354827744,105.81564499945108,114.79551250372012,102.34662284298388,104.59194971680223,91.97261823189496,100.34843046171824,100.66103189039536,87.37167631324039,109.0639248743892,102.54390897388308,114.03068291070883,101.39758327050131,104.97545342505198,111.12360333010469,102.75854191316397,107.0053514558179,109.7351192677484,110.4627191689209,110.46956338690492,116.84899190440184,107.85505837009929,114.09483479970996
95.34264319051418,92.55524097869863,90.956949519469,90.5965563675214,93.2050846821822,96.757581316482,93.94284047401852,88.67006651320666,87.00163246490284,89.00686927167389,83.97083815731884,87.25913916289986,92.68293128049464,93.19266530239706,100.20317625947406,91.29819154627164,81.62877809497344,78.67005871310502,89.77667873453966,97.17346129691688,90.05648850797819,101.70844434802196,85.27430555517947,88.97293317384408,78.95704795345122,76.63577673946601,81.29589940290157,86.73571267241093,96.11138626810582,78.69205638254275,84.03429209275693,88.7884274155878,75.47595081615658,73.1604767129524,86.64141912548446,82.20046942192805,81.21851200787656,99.27675602486154,104.1748157357641,105.04958110597134,98.90823472030247,92.31589002297298,90.54495972202342,100.10636141691256,106.35355403780326,98.28226453815697,96.58379598501384,94.06169051307234,102.73866073365248,107.75599767631324
87.31211913310555,81.5504431769114,92.3747819111943,83.48495898843059,85.2369982264503,77.21080281759943,80.82974785527924,82.40336424742375,82.72038128503648,74.28378566638858,87.3304422673706,95.70034406494196,125.10442685267132,139.64844338746923,119.52179028207978,117.9662145413806,111.78018058973704,140.16813455256488,116.79565581736836,116.3584660248218,123.9896471126658,122.90643937603548,130.33245631290114,129.27117576659174,111.44876705277342,116.02998355649892,116.29168365052672,99.91828936619446,102.02935203245704,95.310709435839,104.64434347035424,95.3742916508134,107.51575202950616,100.08400457898686,111.43356001315826,110.04415385570576,112.40440348070275,87.76097547004645,78.35814008606698,88.03261792500108,81.67850099338071,82.06223155099585,80.03096458668526,87.10817229960793,77.90614583466031,91.53102384143506,75.81663775489109,85.72335270825121,89.36909054546602,80.23797179836421
99.82593376493637,102.2942808186575,107.867768411703,94.69439816689534,93.61720812519144,90.55293199837628,106.83567967823416,108.19454997472556,106.43397959674644,114.92459954160276,107.84640180561382,105.68537730562028,95.3334338082101,100.1861739796893,96.24303905550089,112.47236605591766,96.28695136810887,111.68913422563196,105.83144058889408,112.34476372268064,96.18546304989692,108.44590975957098,96.3452656781056,119.02041853399604,110.76572470636206,97.03482536134108,87.88927747569734,90.54109963594358,99.3955909601156,84.33759673974122,98.15691300852698,97.4123225742185,99.49343620165588,74.11217409611383,93.25401581983276,80.8531513888023,82.983080683727,76.35219981857175,79.41463745255643,77.24895353794895,64.64123648937763,77.45509234471832,77.07518978616363,82.32218682048334,78.16253924482082,67.97110848705717,68.33268695804017,74.94257824311042,86.31941544411106,69.71461836607548
86.87630039432797,84.77790232621024,81.25870474553581,89.55672901822797,85.23064071430586,84.12384457513684,92.77723221598264,83.79117600283577,88.12134756341247,87.15626386317885,80.18182743678064,85.64293773407431,69.77346522440044,40.41781096736385,76.41772782015052,54.37558155885113,57.89384741447143,57.84429754638701,53.731321221457875,46.968412692350086,48.794474410260946,66.20139049754108,64.55525161921534,66.55735473625808,56.71934317610916,136.19157253589017,153.70577128201666,130.45557197909494,147.31218303405686,147.38966033644215,138.90885743606594,142.07631180539482,146.72805552205233,140.20724792916198,139.9957121333293,132.8959400449685,128.40401947417985,79.41061308217398,95.6494006827379,85.98386081633407,76.84314005028244,83.79731492478521,92.6450407795684,85.78790114954327,86.85969755891138,93.84309435178687,91.45095622576773,84.79439159626158,89.17652965240622,88.38182870059867
82.57238009682956,80.9362742119802,88.08590731164156,72.61915250570325,74.55841230866905,81.57414847952522,67.7313502832003,78.37498825982526,74.32629414784248,80.80618080558331,71.30109143655868,83.63507159524848,105.53193113158402,110.45073456586748,112.91311770857796,114.12111709173844,110.41735978099445,101.8527703364367,119.446535978481,122.02893034631094,115.55405073173806,102.82084742392593,106.7921461608776,104.38148834055444,103.06065931081211,90.1264240534559,100.8456929048919,89.35470181326664,93.37400259208306,101.40368493081328,109.69317173900164,92.99722041408404,93.15498622081984,78.60392618152586,94.91228721475986,103.0718048501786,91.99472486177258,117.78264336741351,133.73980213202228,122.70922937161254,127.83250649171644,134.3501321314515,119.93933866472226,137.52245901773338,125.60652107638182,117.09152036799614,119.13132948099062,120.75057314328528,130.41417953045425,117.13238949905237
113.63770512821644,124.5989089740008,128.08990001145008,122.28439468515496,122.86078862836588,127.98604028251744,124.49845557127738,132.834414474226,119.5462046690796,121.69519278443876,118.2550209014453,123.23198626347369,111.16730510933112,102.66083673934072,75.69672945819602,92.9087833598774,96.28668770028416,103.01447393909784,107.13637074708636,91.48755560387244,99.21474871279476,105.30839774789646,90.00704153500494,94.8032229726626,93.5040253550472,90.2814708191861,98.51303833647252,100.3131499263805,93.54134722747024,93.65065303185484,94.27923728429757,102.190545715774,94.67559917080482,93.13038120168984,88.78861313143861,84.69513488186749,94.11312566653535,128.56618064898166,128.49419231700963,129.94320337632516,128.85332338746628,127.77667646270562,129.97143772002497,138.437082618225,137.2605761963357,125.23590712373054,132.8873897021103,123.0407316471811,137.37542323674847,131.18205394843784
99.33015645460164,93.74485547300908,99.52384401004504,98.00024018249292,111.53965050571902,94.29754868227498,84.14700139105159,89.49494230828236,101.9850205165532,92.93777148907904,93.30564828012552,98.6094964573986,85.87216349662461,86.18933653513649,94.35403174454004,100.49209374428185,111.7406396356051,114.7358652595747,103.7088810690678,100.0410376328384,85.88475891766353,75.60681570237925,103.10518018089977,94.6772259756278,106.97964473558152,77.73181928292719,88.41484792915068,88.22418948430696,77.64406457897057,111.63149464554552,110.28558275144128,87.37133088835608,94.0829255869452,108.03606473181434,95.0937448092666,88.58634567552252,85.40565836105503,100.61401963900776,87.79880682190483,100.62481712575952,109.05432498128138,104.72424988812698,90.18861777403252,100.44575049444954,98.99444342210371,93.01226985880064,97.39696973528444,102.88546693383992,108.98856268965322,104.22131982942716
97.69980427558964,100.89115010901396,99.8805025760697,107.81621604951212,102.85033139769038,98.95579003473884,96.18459905270282,91.75370941244556,103.49492365898855,100.083300665575,104.78002038783102,113.47384306332228,90.01647933046758,95.88258298251812,79.97479481271807,90.51099310608888,86.18587706485135,102.10079155970531,105.35876315137268,79.33444093332915,100.57584791889175,84.6887072833091,98.8434273187236,86.87074388505694,93.03447084140714,110.28851844961336,122.359356234315,132.2829560052325,96.3515270914238,127.40967145018595,122.68826372653822,123.9704404346866,110.58228555932972,114.07469685232248,108.4095621972509,117.27036481994978,116.27331512375108,107.15413675912288,104.01477698612472,110.8917823506469,92.59741665841057,110.9621276919296,110.48404376089026,93.95205182121568,110.23001505579492,103.73625759432564,106.88920562603889,96.49825044695184,110.02653358009876,116.49748769868393
81.48177054976395,89.34012899985747,73.83158102318075,72.0846752112026,77.06112877593615,84.39828087807689,86.77460903130287,82.54672553079118,89.00410240354086,70.6318033958266,75.55608328834268,77.25317006552291,112.36680694262728,115.71550437818912,104.50017070177827,103.97773279975608,119.1541673855598,129.48011758827317,112.62402705008736,111.60860771734583,119.4855456109652,104.78063787823264,121.36585309557998,107.68368995256976,130.85812647976132,104.6872019973628,106.27887458969252,82.99420516075651,83.28985601638841,91.9735523866997,92.27159137714656,101.56700937874018,111.36352127552726,96.35610313930938,90.29379798536388,99.47199779364934,111.51612085997256,88.23009881568746,99.74660318304778,94.52396970769254,98.3467247601051,90.7154638868194,96.45846219249736,92.46511161177776,98.71242779235064,87.91300155803478,92.94908346467348,100.5220764939894,93.53568991853408,96.86648609420882
88.01796334940967,100.4719749826258,89.97322525176699,76.73669835301813,96.44326664200852,82.48555063364515,88.92534896516199,88.44104382565173,97.7349000008299,103.21969162238878,87.55251654071624,90.24545466203529,125.89436545933204,116.2104582622292,91.6871993484284,102.8372335774583,117.17370662333056,109.41650604580538,122.91881663330084,118.62317410004626,117.79032565670816,110.2375964953616,124.52449277757508,110.6181249686052,117.86540127073457,70.84463841424616,101.36208429111028,94.12867120049997,85.22324620240056,80.96922721252412,80.13180793092081,84.08263568971148,68.65461884188284,98.19277155161038,95.2373486479778,80.56521116695325,93.38653781144734,95.30523108973529,79.44737282411789,78.04968203551742,77.72539245293152,84.20140387920367,83.20212229147269,88.46281244665899,80.3621081713201,77.89273074367424,85.1759438422354,84.29625031423674,93.8910875143818,86.8199445898557
92.6394283423254,103.84545719401817,107.10758194416891,102.58308656941648,104.07727828169403,99.72123496973296,95.79443902360312,100.07265120693488,107.38530418844768,95.491278853536,98.6056701621752,102.2467314057103,107.44155241469728,97.91963008119696,103.14988081232826,95.80320416514012,109.80315042682848,97.69070278988949,116.0675597962964,103.55650060108384,117.03068459989387,106.93590104336695,108.17598959969008,109.47274450424688,112.74007556954638,126.77791212325867,123.95379243264458,98.12129713011495,121.5785520230352,100.85548210241772,96.1754394082312,113.59615975694612,125.15841997052844,113.4072380684672,99.27549701526542,111.5051599242092,130.31110906347303,112.6047725990615,120.574948731372,122.15981191678068,118.51505589924209,134.69951324493962,112.6940569925616,124.21088808789722,130.81574397342618,121.84429147384894,120.02328028652846,122.4792271778079,122.68565654853649,120.2494913198969
74.59738414924965,82.92511372950646,92.15802786833852,91.73765224621972,84.83556879092467,83.68721578829074,81.74540769374205,78.82931444800988,75.79575358638645,77.57526491942956,88.32825800943651,88.09267601657065,97.39411422637362,103.03782998143606,85.77479763963711,92.31906136720023,91.41821328680328,85.39880324850083,96.87432164728212,90.40568357650862,96.64408932991068,97.23063461735885,85.88960458325751,86.34077332997572,101.35225105616288,75.8647637127799,79.70797428757226,80.23647066053864,78.26342534528847,82.64891917360592,69.38028312484064,76.7868298966959,78.8428506845506,82.21954784822518,63.56462054230722,80.981931742261,91.98435622311855,142.09256246379806,126.52145151321857,133.06138665619068,121.71737932302923,130.94999229939336,120.72078955939352,136.25847200826914,129.1122546760266,130.81429822370518,129.91906791807173,136.3088004319496,132.00923564345672,120.05110047986692
105.875895008492,106.2356269087764,113.35168791654604,111.83020203988228,108.66972324126344,107.88156388161026,115.97500196600284,104.33646957134752,109.4547720333522,103.43417425325308,105.70068714706984,98.10280012423308,90.36183158742926,96.15290396011298,99.85918398223396,101.07497535849352,107.95338491898715,102.91402712505828,97.33844455574818,91.80742577963991,88.04535370426893,102.53186650526251,118.9686378332549,110.0456264189028,99.08836336579814,101.6515721298126,114.92632984372034,116.779992419299,104.18640100455274,104.48888774460016,100.58059510209432,108.04984039653526,119.40245633645016,105.7526338568534,110.0074349480266,111.6784662560264,126.40936745390766,96.95182505293754,87.2244316458039,86.44624549648114,98.0132929952379,83.561528852555,89.08431511115906,80.03143786169672,82.2610286090004,86.83780953731267,86.67674229631056,77.68694262171806,94.89040964161468,87.11366875248876
92.28903215982533,94.05800951487,88.54617254228656,92.03871672759104,101.27313747536564,88.44138618526351,81.83200841518779,98.98311021169962,90.72488564273335,97.4307982754798,90.09416452443337,81.16264019383539,91.03846307082864,88.41250494706496,87.29302417760422,108.37702875493052,102.65579231542635,101.69882264709938,86.65701858324749,109.33820720496291,103.21534625705098,105.0626462017243,89.06506456008994,106.31036531761504,95.59822636050072,134.11858865598558,140.15646081523337,124.57597008077067,117.81114132947856,143.45843328884712,130.66919595313465,123.50038178422956,130.359400091939,124.40221599840056,109.75641420454816,127.511734328639,115.97636808545283,99.60442181995892,95.4892466009127,107.57270496199293,90.72047134581076,103.57317288410184,92.1128740500267,96.12249231995013,105.38475147357812,97.78410942950164,98.49778518986427,94.40971999233284,103.23979782417504,99.3747203804516
91.1030106275788,90.51063092710882,90.0265065866558,93.16641282494062,89.97015157647127,95.79679881163004,90.36804419490412,99.63523604619144,92.8696847354096,95.69713874941412,95.0745662595956,92.68901740000013,90.54358668434668,71.56775351667,88.62684422740377,84.39748972365265,82.52798952268544,86.74794041425156,87.2984811962555,88.21000648201104,89.92272781572927,80.36271284886224,95.55765479628592,88.12756323696878,90.61926083055988,123.35128333399751,102.2619571433624,114.0103835333959,115.06717577762116,123.16223552170491,103.23746378192446,113.2099215334952,111.95946160163436,98.89901227064806,95.51108195200771,111.94521069846743,114.43082740250664,83.36584428072993,100.99507147511544,97.91705749294287,92.51964731713336,89.84344417980132,93.8760380282389,86.1861494701004,96.22003460603564,104.22546328397056,90.1415936378188,94.33730723674256,98.74797886826452,87.44035451662518
94.1673631104459,89.68751812944231,91.67883205111508,95.0100137997456,93.34256120061632,78.53276404949409,98.46155923245718,95.28551837599392,91.81447751922168,84.79372183640673,97.43470248819165,82.8047860212626,97.77108177802168,118.770725888563,105.36459950360592,101.62824361443114,108.58773749726302,115.15799875355492,115.27131520506704,121.00994874070273,103.85755493834328,98.93852119410998,112.13420026365893,108.68647862028908,112.76471957822672,120.74479915993844,106.38430620671583,99.97115139556954,123.15204640820492,115.89914021887115,111.43774526944384,110.3849218340814,115.11101950416408,118.02892483279297,117.1344159289632,131.486178064407,105.25081985396514,93.36386950513082,94.58422716082192,87.40164149769822,83.33539698890444,84.30691833206492,105.95408304383554,85.66361860754867,83.06465565162112,94.57143147447717,84.2480376369728,95.5715627719649,91.35990267733082,86.57594019045516
119.47657245628926,119.4412523982461,118.9419759398198,,123.15226711772635,124.49293070596482,137.07268448532272,120.70303748867084,132.5102304406915,134.05586457142076,124.03831413461783,125.66001603000586,102.64561285559236,111.83394666967594,118.91625857941575,95.3589165698853,104.9841879864102,116.75926369962431,114.46570227844803,102.6887760195476,111.4891055529264,110.0711923139699,97.50749587805808,102.44238438099056,102.31994647289476,118.06942374721118,113.21126988374704,96.41400347164844,123.68526047228686,101.2609415240433,125.87068687737911,116.996343596779,121.14144614449005,95.6359866874713,111.00305067755492,138.66388102132333,96.41703614001692,115.4675780835289,112.51452251445944,114.48002695706953,127.38604456387148,126.02280750303896,115.703098093779,114.02171135572804,114.6346619279848,122.62277267498143,111.0773180741968,124.4096088390819,126.77849309394604,114.89919973484152
99.4671426356944,101.79365724195738,101.4133801998549,102.17933047571208,102.57510486064224,102.06508519170332,99.28038550747956,94.04177294616665,102.30169958395204,103.4525447628584,106.37508308363152,102.31004010957744,127.11395722933696,123.81040697368344,134.39747349061508,126.94712753988291,127.02004540175244,110.90131932235536,127.14153912239738,119.62826104967236,109.7652964671232,118.06476200747858,122.1122110856221,125.2672938874322,124.43732952425536,136.51425532735115,134.64160780992685,131.2159166550108,131.70711742771746,118.92343170460872,124.76753691378424,125.4704468011753,122.35731216426038,135.35650381395482,138.50048992722265,119.25345902226556,140.60565212568804,72.67485348120263,85.8253497410705,81.67793450805583,82.72827131657141,73.70222123472209,74.5519101556619,82.5202502852723,81.99516084283744,81.17810957364793,84.63145525159204,85.52349559375176,84.49469708596493,80.71017469094433
78.07925506684921,87.3703157641752,83.39632313416816,86.66168686149463,79.54090350823103,79.22286589438811,77.93907255302828,69.93894276823437,79.7419670589512,86.82651085174376,85.18681756026902,79.68059174790018,110.97165252611292,115.3080496095207,125.1130115284094,129.89580282696187,109.39203270933106,114.0544704811182,114.4998539446292,125.35500066109644,126.75478132386944,106.26644634138336,118.20022361437,127.53498640999584,128.7198865304039,100.9834336288479,127.3001309074728,135.5885117410439,103.39228193645717,130.70518465769757,138.9399763849546,102.10719927558333,128.49640070554892,104.11142555283416,106.10026599091202,94.96597959676156,115.21148414323028,108.74310312752924,99.41191978809437,96.99990993588496,107.8188839016366,121.70732111402836,109.28908859676118,111.62541197338648,94.03964529818865,100.40978763451648,105.16212858408682,107.57864711842905,107.75343967108758,104.25172027575584
109.07899314253704,109.92224137005095,110.00799117220662,117.63922321904222,110.2513396135224,112.6330947894958,122.81739119059364,108.29126957613406,116.05046824951091,115.91684488740204,111.53607677167108,105.20404079764111,102.5577239350425,85.48288892252303,87.10196599085835,99.84551837979836,89.4800626192225,96.27602498913252,73.90030368456732,76.73107654011953,82.68990260730442,97.4856305124799,100.15953796263224,84.08962453810153,106.27445814870548,101.37674041921387,104.286404722116,96.63459643239644,103.07830340565764,100.96438383614434,94.83693603070338,106.90872999509244,95.75033959830752,116.22111857486188,105.65552217777253,112.5499988413151,96.04402953142852,105.98171283045411,118.63053787479878,112.94171203441168,119.76944924533834,107.98757735681475,103.5688211648976,105.23344696985794,111.43399212191234,114.22289770100008,106.9395129432531,112.74399963317153,117.5300179309466,104.61831891167886
81.92433860701674,89.55727906688482,73.71382991410069,95.48564544499004,80.21189567924513,83.92170775444815,89.65955720918065,86.47086118236295,78.49940754005485,93.65915475334693,94.19184774010608,82.0340310590114,122.0959663715376,103.69858243010158,128.1875187797168,117.98393760281236,115.46693363882912,108.5625661467658,108.3427548335966,102.59676873641108,104.4249066166982,123.46529086965285,106.59798841539278,100.03733890628462,119.13943018042984,104.44667040929158,98.47227646574292,125.78031281060798,133.03141329843675,124.77978834873528,112.05253552579074,114.1937505611082,113.50506527627878,110.0201957474182,117.55421654161762,115.42089560855268,109.41273237705308,93.57829731367522,103.81408894130809,87.29823783244481,98.7522670445084,110.66732048534384,108.18763957794911,93.01207687964929,98.81560863220427,93.93294852715395,89.43336352946444,99.85418774191564,113.39471538253572,99.60336590799854
98.83088709865156,97.00412561005965,105.70095445791992,105.09503376096517,108.01203752179488,101.4202079207825,106.5276888638825,105.71768650381318,104.21636951989277,114.0584284002519,97.85475647607836,107.4456713481472,73.16433926687652,82.28405409710385,73.31141703086436,90.84404579172372,85.99988571112719,79.35005064271769,83.30094028515131,94.51557902440824,84.8251010751231,98.1929863711722,83.6401392021881,91.36144529243688,100.6377767446252,98.95736343017508,89.17281556098301,87.14521020618744,97.93048103717558,91.45701534837094,81.31784688191355,89.13693548955794,95.07067536074612,74.39228923669253,75.00582681673426,97.32139470985916,78.74873489028515,112.17394559736746,121.73466917672631,119.53661813818866,114.71344554164806,105.18399099368123,121.8177354159716,102.717078352861,106.29506611054666,112.85010057656618,103.07813456425949,104.57774321675906,106.38247039387,116.62921834981697
68.68217042065423,63.28307374075426,67.94144394349381,68.06013001326586,75.19722036151543,71.45726699678622,66.54293639711626,69.49738182704274,69.08819780441769,67.17137142678689,68.83651934396833,62.1300809492203,102.98001156865683,93.47828379315136,99.21051247760344,124.01997175178748,121.2145114692247,118.5872809353159,107.93554977659262,101.06351008032718,113.90276493846184,111.9350432859105,91.75042467394265,113.03390930806314,105.4039878244611,107.80962367197095,102.46124248792584,98.28748864427908,96.26937167886258,112.16158270934172,121.00946992177992,105.70711192435242,121.59457965736873,117.4373903120062,121.96202290620607,114.493262858363,104.70742418504317,98.76532463582753,101.26529937341206,107.658419716812,103.00512933645268,108.36773912565928,101.2297478943399,103.50089085772372,103.83864692562152,104.04719369942232,97.99553632729256,101.276524743932,97.39238187052206,102.94256386339516
85.10867331259574,81.1994683593234,74.2276250879721,79.94933770556356,73.84862238429162,75.26354644010048,79.83206256233336,79.96570784793327,78.98287800784541,88.1966342305793,73.91505307070354,84.17837125805346,73.96456906263879,86.36227779085027,91.58052221948589,94.90743870993288,98.4429692111668,81.93478646080655,97.19923787442178,77.69837889617801,93.56217952734582,97.2582437863816,106.128889363587,83.28919660706896,97.86584503507274,93.37072600006434,70.01729838584157,73.60160741872217,84.36075520025108,77.88833230288938,62.51874412858258,72.96196326558866,89.5245489148578,94.20433578300154,90.02344926390418,85.50269982750098,82.7006265304173,130.72588852000186,115.28026493864142,121.2856369828321,121.6387547700004,121.25530645524958,112.87318972879636,113.86411540551724,118.30173185209188,106.60844041602182,123.58526594161322,119.74778812532423,134.36878067035698,
100.06845919042112,108.18841005109763,88.5916074716286,94.10753901359126,103.2275890930361,101.91986213955664,102.1511181328127,99.50849082515984,106.7841334132394,104.86875948683137,107.7152283907177,107.03944955672848,78.39047074898116,82.16370151855747,102.68350652073518,89.8202390575596,84.59135527544025,82.23856318703739,100.53661293748496,99.59941915395096,78.7099283231872,95.61014743626151,76.08745570520566,78.78407068205328,95.3593577180164,99.85323314541198,81.85594811318843,94.6525114541321,98.12564804713598,93.55222528527808,80.06351082874748,100.74073016946838,90.56073934096824,90.11387723949022,78.40179285365126,105.78372967929782,111.80281565097305,73.95263262811488,77.67105099171074,73.11165023999831,74.21227212258461,82.1933977794431,74.61230118946003,87.14510869538327,70.0191557908021,67.5099076827618,73.82449926437828,79.91822557882283,79.72708947993843,80.73596655350573
115.25545926025686,119.49663715722048,110.93942417467797,107.60343304448588,107.52909942618528,114.12807954787726,112.73125522300904,112.10079311194008,105.87603010085166,113.5724777806199,119.52294336818954,115.8474242107143,110.33178795304023,109.0797205179844,102.58196888550036,101.63440924564507,105.93419292044244,106.82983234689952,105.1889137551898,93.0501389574674,100.15196581092596,99.0693538202736,106.81596705437444,97.32784594805992,97.0300134766851,45.13849801121463,57.02537745130704,49.7169444936104,46.13998274258924,55.658046921600416,52.68809914834181,51.02550180750975,62.72864515653848,60.96767285964077,53.38414941076543,66.44937325698986,47.09839520740518,97.4136571532638,94.26175036676376,95.7895880325782,93.48264724071696,100.57650732495452,92.99437741238438,97.22722388279452,100.28573436607392,100.22512611988232,97.17128423634564,89.222190444512,95.91358915668636,93.62514734653509
96.92198994456146,100.27610290350484,111.43178220119827,100.52411202728403,96.27799966447289,103.35538902269172,109.82553140850624,106.39991561525262,112.29649958923422,94.1091700596329,110.92013812487276,108.662925292208,56.57033353948903,59.56208137070097,58.415531132013626,48.985146110849826,62.24681748954388,55.29093376640694,58.147638764436195,61.35444826431324,50.817154298668186,68.76691455012062,59.070230439912976,54.08523492541389,55.99677218132781,100.15186279074908,119.63181849984,92.89231512292956,82.92940467642345,116.34683387352314,121.53522210060686,107.73388536736188,99.3277824993244,83.17059994381843,109.88101225309826,92.15584430270196,122.61415153270384,99.79593781049664,95.0063851438534,95.8425379321466,103.78481062797916,95.93633200354743,101.22420564747688,97.89412839649384,103.94992562584132,94.94032417764082,95.30444388084676,91.31001538206114,98.23048840726148,91.7883006131636
100.9142966537528,103.65867993133288,106.57157183691577,95.64483377450344,97.18019051205454,95.33261941635672,102.6623609698634,90.18584182712402,89.1598454177039,97.41334693723542,104.38501952990642,109.27534538747447,77.42174433284933,80.09475129492606,62.20008353502711,68.26457517992498,76.96176321725618,80.00061163202699,71.66159187988885,74.28804792571576,71.93792717088263,75.93853625706726,72.95135864965486,71.14590435159208,87.63860447860358,103.28009674152196,90.73086499573714,73.40152702112066,91.33016028353902,81.48456382703716,92.60033817374776,87.52731903449175,107.85601057086382,77.1359569359087,84.44135309809413,82.17585796197886,98.83028779316992,62.033390584482994,56.59514934817591,53.73199756822936,61.58112694227705,52.063826180911775,66.15468320873646,56.070214667663045,58.178466711815595,56.2189572982766,63.750089409102856,58.50969367782128,67.1675052387584,66.13435536293815
102.69128766945018,95.29090221865714,93.19796328322931,96.24521892632929,93.94103062388156,96.60452658761464,90.09656418123689,96.9816830053474,92.49510614988638,91.41932661447784,94.49534222718084,93.7029843230654,85.1589471971318,108.1307025842932,104.9050584255488,97.26434943510851,82.73235777806889,92.7866059418068,98.33269987864747,74.85259521044108,105.93779145947305,104.64731496212649,103.81651762235276,95.20524330913976,89.53683089709024,108.9123517412228,118.7809847745266,108.19998494880188,108.78959565186256,114.0390098028058,103.1517036854246,116.606559970331,115.8204692530703,129.59126753275424,101.8685291729788,115.61124863518016,120.6298938639278,86.28523941798757,81.5124719127232,81.67825092569352,83.02524551170923,83.40520261428668,77.49163321177045,74.7426876751566,82.51922105597104,84.70933938054691,81.60020418546996,95.51490566287094,99.3781928491837,85.83175711192092
65.46394764385215,76.9590336447845,74.8111098426797,73.71007048257759,89.95575257621621,81.39521909767168,84.70465239458629,82.48434449926194,79.6732295941973,81.96246421895515,75.99596525703936,78.37002804487788,107.62042853617788,109.70198725011544,108.86203653415748,101.72290947953309,98.82441613336786,112.50558244709,94.61027641673545,99.09809031418015,101.20252299837163,102.72537066653013,114.60672618195171,96.03027725897496,90.50758623827696,107.10156526103584,117.6818385478603,107.79097924239224,98.0144717682342,106.30112047840387,93.88122323217874,101.36003567972296,90.45663221702144,103.61619641710188,108.63747705355514,106.83726539832688,113.3340894815998,93.08418010425494,80.77598906597903,91.9856044035708,79.39287683843393,89.13419273012902,93.86146857667468,79.58878052294563,92.15359481019028,85.48197560188699,80.40470571131523,82.8805261082462,83.80487994021813,87.08026935044377
85.21786059672698,93.62063656151273,91.54620815445448,94.80749021070172,91.36713600088284,78.95263048119197,90.76799757414514,87.12683542926251,92.1239077062559,94.5577393760934,80.84648801160904,87.12014470783923,90.01934462420037,98.22429722665562,100.77282005882644,109.87050528647032,82.58470590207976,93.45424806766098,95.42180691759562,98.04752444346003,101.3355324857028,104.8302721256112,96.4721678071631,88.39490789162775,106.68407103674326,109.03602555725992,101.41688932968884,116.797430894493,113.3146348212168,123.48822199738602,133.5913354489739,107.1806025289861,104.91460374035886,98.2393051560359,138.97386792335,114.6016063870019,116.99799505889897,115.8217663760621,118.29086965994624,114.4859750793408,123.21139162956982,111.3920221954172,117.92920359921804,110.49024419491744,113.0191110636794,116.72862021220698,112.60937151495358,121.26665940647908,113.64182955921424,104.79677669334188
95.97577907150588,96.35203282767029,88.09849123966173,93.09145376019416,86.202330931832,98.88578876038268,96.52574741489776,96.59392149620612,92.58803983274466,82.71798668052162,103.26978611151216,93.10030265938224,76.40581297749927,76.40335695268229,71.27469013645712,76.95867285996457,86.5347030989119,81.67861661287884,79.91495420989042,79.1429305713869,87.95166622104556,78.09664561956832,81.54907966028023,74.47818076788097,85.88256131907953,80.60652996075333,88.94781604591465,78.73367225491116,82.40929268336382,74.66140845468416,77.53470384194952,88.4833684375985,84.18248819870782,76.757390025492,79.87621083833503,88.0881236085308,96.6065528685462,90.74672457459891,89.08356697985495,98.10160935008751,85.42862514557638,91.06267362624016,86.35061286044136,85.20393251313517,77.81190060216007,89.09061907288273,100.40135231496345,98.90578766355172,87.2929870338738,84.92818813046972
114.84160646306876,107.97487260836247,117.36579289238108,115.8103317875906,113.03296337242902,114.17555969987838,123.18953768967675,129.9301056156465,115.56987987827604,115.74665907326238,118.20172378402609,123.5212001714653,86.98862635677798,79.88531830061393,82.07796822093837,97.16236992012756,87.244826207899,93.69981399178494,89.40911087651831,94.95978783835042,83.02747421562668,75.85978989218307,90.36275466173872,89.0731546467989,91.18858431979255,115.11417111769477,115.45989271420628,117.59466250030933,115.4849626164376,102.41009262852234,106.14615683289684,109.54458967513328,116.97404327065502,106.34178583214369,131.26820237024157,125.53683845056548,121.24559319006548,88.07967760121917,85.87854437500846,92.323498427292,93.65223862092589,89.70656837745878,81.20854381634828,81.73378413333438,90.6504345348099,88.92043289149304,98.46812108371547,88.00161434780951,92.12600505132602,99.84020946470793
107.01000371038349,112.5369760921564,108.98467573545037,103.51480076096232,110.26119082067392,107.28172400972808,99.59637309595917,104.63256037859246,107.207024770165,110.76358186749816,102.69448981917952,98.42920192387358,95.69575174142264,111.78769231959544,95.52316190532116,102.38752197595038,104.32141231112392,100.84781988660832,109.52847538059916,102.76820938931743,104.375553884118,117.48355296707868,114.00839130000593,103.33776761764214,105.50245387139428,123.75918006247498,137.24841975377058,141.98811236407676,122.74794617622987,138.3274966825504,146.3615707717585,133.22735997439798,151.28441201496085,129.92822785072065,124.0649569478352,148.81494227265716,114.94118531519476,111.43177959580302,105.6001617441928,116.2144315932766,113.31680861997138,106.80212803057968,112.95968301359828,114.52485507449694,107.38273078541182,108.05113636838936,115.18148652651904,108.18319910192216,119.59664733574633,103.21223433855867
70.53447173597989,80.45485444029626,79.68906378898053,74.33035108885389,83.99661153390862,79.54063228778513,73.37526977602668,75.52093291958562,72.3990502822706,72.62100285799177,80.19468211449383,69.24914930873112,99.5020519055072,122.16470561719768,109.39770657351292,106.23331947330357,115.90110521569132,92.29883417017834,112.19670743421372,114.42676209616272,126.0962694479254,101.14648063164854,105.02339552353484,117.99606274615586,105.2185305145856,101.8579049591396,106.62753541494024,115.4036396033199,109.26027920263763,96.2828833495114,121.57334455484832,115.5669767179992,101.07738112283616,107.75486466090194,113.61783084907792,117.25150473670742,114.42489381787809,70.26055302318512,68.7691024471444,66.07778101647557,67.97063717676997,78.10116800329199,69.37380941093669,78.81693386763834,73.39228198664362,76.89290925283476,74.90898742066697,78.80825769509855,85.4569370251479,74.22324463529904
105.29420847828642,101.73344603337428,104.36048915852216,108.98675086426007,96.93134297973214,98.0028910547696,102.20398678412585,101.17097412261496,111.82716583059646,108.50657776593374,99.99743695712192,111.74716422344471,107.49900898808828,102.49350155326422,91.11339460183288,89.1245921382733,103.13525161565988,102.64269927337156,85.58147977808933,94.24202069142032,111.31140053190045,109.7811189180122,108.3597776713922,103.82135495142718,102.0122442265333,114.71796849815875,103.6758622261195,110.64214841648852,94.28100142635678,124.70503227800602,124.59583156305229,105.9871079743535,112.24985712342364,113.64455241976594,119.57046043914552,103.33189834585323,119.69496656031048,68.5661287238252,80.54682329268088,67.22038780741474,76.4449918535301,67.32806684617853,75.07342408332205,66.17954460453605,77.67856239605527,75.56187350935907,70.75474980091691,70.10128074094338,73.53164868406809,68.83332441422469
93.44537961679484,96.2027834609423,93.20539704287042,89.88811471520074,84.82414386806002,90.67656078161752,86.38446866692797,95.1300216067655,98.42051136491324,95.97959313189068,96.2568759648686,99.3239483282657,120.5444439755684,132.69057990296383,107.93317467356052,111.41388261254228,108.32343060052118,117.9308134925538,122.44746798271808,106.06876738425264,103.97327050905602,116.63056366403228,126.23650564073392,104.62573986068529,129.99096237476724,94.09659105801224,103.94905418878008,111.82468521253092,105.6543557996048,100.98470417109492,93.04354634326586,90.50510880219416,91.94975107510344,101.84930462979828,102.45982848621036,101.07020289394583,99.65395295991183,96.023719750553,90.8125707217904,88.1898810363546,96.10335937735704,90.37623009773958,87.83281886616658,106.18702910855173,93.772244654907,91.1696262022746,96.47722953135954,89.42149161781796,109.69211224642152,96.49897623542914
95.68508030370964,92.31632092682432,85.45625706162781,86.55558755003433,99.20099587226952,88.4034265160321,91.57971988343522,92.14752812032214,94.2102917504388,91.55447115517376,88.98302432395644,88.03051176132523,114.36134768431592,93.75638168739984,102.57142961660313,110.17680648279854,105.39371245166956,110.40756357248954,100.59283658658887,95.57912834643864,109.05814188037576,115.36904323347017,114.6212514213518,110.15077747519936,107.86948436102512,84.0233927345328,108.62188152486416,82.53146526935659,63.56721415810796,76.65465746877507,76.87891188137593,116.39082443005006,87.2034197593855,105.72736084188972,89.15261180270721,91.37644587892396,93.39252701865884,80.69738581826144,81.94756884408064,77.18638120108125,86.29647061924692,83.00864930816863,81.57063563780353,67.80402227972812,78.2948080940679,83.77630828045758,78.04507796462207,74.33158152059401,74.83588057958019,69.30137286386619
110.44724854911908,110.47851316173256,105.04074256241373,107.65651418872967,111.12321521946754,105.25637672699088,121.73292709053511,110.14935603396373,104.34436071576091,107.81856944227152,112.36853003201452,113.44715433821662,91.38543107464696,79.55485811239048,84.87491578915308,88.84864663377988,86.10682940481574,86.97594541156411,80.02145188659514,77.0912815490635,88.79264512934438,97.86631410956092,83.506982251935,93.63251705131148,106.12383932860254,102.02735415350293,120.02698663593726,109.16869019496912,108.52298478618644,106.61368339648769,112.74955048414968,106.14016683106836,128.257605891216,115.66337158771933,118.67916080402637,116.56428799033422,105.28930564377856,79.93651921804668,79.83061739950632,74.69515383656632,77.76035837568975,74.192863309944,78.37111239121478,79.20379397393884,81.91281423288684,78.54544867016936,81.50047469964096,81.57628969297726,73.84756726550904,79.89986811853286
117.15300614781528,112.71346706821215,114.33259837793165,108.7356382200732,111.12352917805744,124.13967571662332,106.2646041149105,110.366516238895,115.06805071541076,109.38208881676071,115.14712514150868,117.17107204989944,96.93639427729948,102.63408126081184,91.4886409682501,103.3359781580036,81.83620608997731,92.34904760842002,86.95685457598577,103.8691569419553,102.40409408569585,99.23361299334871,94.44576812492822,92.3145894538322,88.6089333137039,76.6296758806558,72.33182864216806,75.39787698796529,86.60061788073851,81.19999267466135,80.76001767470561,83.64292792998056,66.04539411240907,81.98547245590484,96.3233074966612,81.2904366783084,63.63249978333337,107.20377679462852,91.95037610867112,106.3358771569721,112.82581425512204,105.86150133589138,105.23775756906852,107.29002565079216,111.63351053856393,113.00839681118735,109.85086804824113,114.20214932433102,117.41757263521698,98.48487410048963
111.90981695613064,110.61108494705272,115.80602932082388,109.8729124881355,116.64234721735517,109.68534131760902,113.80779873149564,115.00101064337024,112.46687204313946,108.36155104961784,106.71456233118688,121.47057483174792,65.14892269254806,81.07132932310819,82.68856441660428,80.40703922864259,73.43479777598455,95.02479172973578,82.42534052566242,66.84041956941374,72.99717750200175,83.02529018289923,80.87274355212567,66.99542694345693,78.79956160725602,103.17068947018616,80.32395276637496,81.3641405417593,83.14026625343949,88.40666225063798,97.37969116323607,113.128308621889,99.60409736686609,105.38524436513296,96.73954237257908,114.23763963730283,78.22990441687536,112.7971281495133,123.89431250752024,119.50658396293178,102.5644449006186,113.57191266980864,112.52261853077296,109.83540227688516,107.624420964422,113.91223547880736,111.2437732565028,111.20286636079636,113.87660148626672,113.72418034586175
84.97370603129795,87.2839667967032,91.97966028282669,85.03063278393712,74.23299845657603,84.63400325422609,90.61445182703427,94.7227168452486,82.38373027321309,90.958499723937,87.7896190150106,87.78428512079428,96.21498157003938,108.8881725567032,99.010297561331,95.55828529102682,96.90959256799702,86.59908265204253,96.59731572632992,100.57022586932318,91.66104816780336,101.75894408166928,87.4111787854967,98.44244921941784,95.39344580281742,88.49943432806494,56.61347512796441,69.23540634209868,80.59845000151627,73.63444545318575,88.21598732133229,81.3332254334812,77.36322155508618,69.54646046064646,68.2735461996388,68.81901661239318,58.06346809425363,108.51108433047712,115.93746711043858,114.68446281181689,108.83166805621934,120.07883296170732,118.31286225558708,107.64698616170352,111.47117214457565,111.63249771719433,104.66142244148004,111.41816184845356,103.5773212972902,107.9185757237244
93.19902342313368,101.2254594585286,91.34591960883006,99.73376026579542,95.3786918952176,96.38375952024668,95.97720537051268,97.6049931848044,97.16263528196062,95.4591056398262,100.6061350716086,100.4899749315947,116.46243472509012,116.55773616250616,114.37626104423111,133.86788419861574,115.76190183638532,122.55311311523398,103.22575901643678,114.5541157357406,111.2729435659712,100.57091123807145,129.4408709530082,116.61984007646213,108.0003769430214,82.18597348033597,102.60614885877855,68.69555753132073,101.00248146148267,96.84593799732664,72.10748344019127,86.44072625199824,89.20344007669168,76.82637990668891,87.54763876767693,93.2926596779418,96.13560176497909,118.51099385064788,112.02562897877964,122.6743364784983,108.99368991122088,117.78835437095428,109.47810545064576,116.58989060713436,116.84856507216344,118.73002799706668,113.8712944512875,120.64348132767498,114.7352720747838,111.43643430310163
106.94121218294494,107.68695224402562,112.43239431585108,106.28175811606307,106.60805733526888,98.958203840673,104.40331120847476,109.77888741641266,102.28072268215438,104.27639024801734,104.82286944178354,118.17901102351657,125.90420885684512,103.33554789043788,111.74345469715638,109.52812272096014,98.42149988124604,105.6825364051974,114.1036537922028,109.45816268305948,105.70392290107706,111.22599302185014,110.18113900264711,101.30618137839896,109.05468140658728,131.13378431171554,100.07985349704516,128.75245685503296,76.55167685342954,107.60877302452722,118.22762689138108,108.95951250305232,114.8250426103208,121.70037962472593,134.82775283485716,133.17779035584434,84.72785929464013,117.2902454327373,118.44681577364445,109.01291614612612,116.36831169999168,121.78674479507004,116.14407546907113,117.26384783629165,120.249176179995,125.89860017403552,123.4141278946636,117.5820934951784,120.15096672480568,123.62591775222756
112.52825450273409,112.78010524640486,113.27755890162254,115.60112646367313,119.25452760452454,112.65477334805406,108.13709508960626,113.44811705677223,117.91019605608658,112.51372669522362,118.50875251478082,117.62367268207272,126.52579294557626,119.32139395114648,113.09792355994978,130.33414764642927,130.24346455316663,118.34391094686346,109.5132748423962,131.93899825038443,127.55273322325895,112.10162648021168,123.3015629896246,109.42038615870734,124.36877430207036,97.53385203623898,104.32576651335758,98.20676275894382,106.06727160754951,98.2103238786456,96.61465020183375,99.25482844591846,95.98069682387406,108.93931812438808,108.92997180668824,101.72883167427094,100.91610137367212,69.15451249678087,61.17604666317405,68.41899504729003,70.9020173046329,66.28529165161706,63.56068547947291,65.71988770492068,69.80647851309575,69.4877306328865,67.88237352062386,66.27518502782074,64.19365744015191,66.65750940741275
94.26126071680272,96.67087998556238,92.70554996057848,97.06687624316052,87.74290667085796,94.39965273857152,93.97632014702148,96.5618876294392,87.461428617849,91.2864422049169,87.58473900395039,93.05902726129489,107.74521079669134,83.19524957562523,96.29895033429251,92.24704769065768,94.6398968718836,92.91989868242338,96.5752922111608,91.94930240529293,86.00711195782407,96.8262184929804,90.84068582519748,94.75629297138758,99.65056278263134,111.5991906663108,113.97581669380786,116.6248467472452,72.00597115674934,97.77386545931368,109.32105864164048,109.58066970260953,117.32693051106766,102.15721751202138,94.81956844725237,102.21519239473564,93.10717258057832,112.7609976592373,117.7135022697088,112.5564092873216,103.12869887301711,106.28524165268396,106.52447659764972,98.96386158900576,122.28082677160674,109.62736438439238,108.55790074846702,102.22413448057864,100.66821527637448,109.59844422838742
107.59211934326991,82.97240224689236,93.47905695430362,96.52825640804576,97.64355115705952,95.55081332813018,93.4312954649631,98.61145454112535,105.81031841425184,102.44967432248345,97.08381138369349,100.82735027614764,124.97179856487168,111.16277153293758,121.39631686047092,125.8682927527824,120.49192153099835,113.7640227243438,122.0994883230983,125.08430941011132,115.21058571803933,111.04795654664814,109.57647644277768,118.32687938130728,137.5551143492703,95.33905037077577,86.41700035614025,102.93685996812508,101.37393045522072,116.70441627552276,97.8064478657164,108.21872199151706,121.80446986216538,96.2227156956278,91.10533574610476,93.10720989969002,99.73441955105552,87.7997235486021,86.60993075700785,101.09365249577957,97.23892956828932,91.76261360533906,87.9477916513807,82.34720609959363,85.00071838293316,89.84496752499642,90.35778384023016,87.41976926621244,90.81010218730135,95.09683847472353
87.76059890706804,89.1488038917701,71.28377408854487,85.35729963955403,78.77785225961165,82.93804109540984,72.45536686501681,78.65042174147342,78.92331209694927,81.72875498056945,80.2824231144667,81.57857109889015,91.41001078768464,104.87998858662452,85.07606172842061,104.52456187649396,100.30556970999916,101.67023028517038,104.18505325684082,97.40094341432936,82.78833747926893,87.62082107347186,92.26819751948229,93.76231368070133,100.81617636106894,63.00279803333676,86.63467582678746,77.36067205359646,71.6403186222236,88.5626741853687,63.57231277313175,66.56777254941943,72.18307770963,65.54347740100108,53.45301979091081,72.53289972831118,53.14771523267484,92.36880859560635,85.6501323299755,79.5001059719885,83.6489604488434,90.5484737262456,78.18014885582377,87.05753745897007,94.6691860313312,98.21395515411362,82.43105128007971,104.801932859483,82.40143578797318,96.40835724387406
80.42678297795074,73.35833174489944,86.47712762059518,81.54079187412746,83.33381941716152,79.41024007654809,88.02986174135859,83.6495056627843,83.15341232479211,75.3515770722821,85.79180483931349,93.9967391664136,123.0107699677472,129.0560755543053,130.0393262735113,123.74171200315304,115.76916620731905,133.19892500614807,136.32725453028323,120.85762499348682,130.1307188258474,134.9132522525796,123.82740973961712,121.40649036057592,131.27487066798534,86.96400422359238,91.87516125251126,89.52356780792695,69.58612593232789,74.21230405201352,88.31253872194425,83.98981772045182,118.64262709757182,102.87878917914472,98.04740852989818,86.60939431005986,98.45044673884246,108.60548056244282,104.02885301424504,106.29731766616356,113.71763916503043,106.63041404484102,102.0753942015364,105.9936428561514,115.50647431812894,112.2482421487086,106.97444119389964,107.2290095226561,112.21700571701196,101.15667303340445
118.1939569467327,110.37568262889732,115.87210682137514,113.51469908291112,107.71115572409784,104.61553579000916,116.97981643512318,107.22940401871142,116.14718388785332,115.90614621361384,112.34534514722296,113.08824252439288,101.561937958482,102.57618306681675,92.62067914655218,80.83628540679533,103.32299657342972,103.43225807834143,88.75473818116382,118.07190178345994,109.84038958381728,108.22772789336166,105.05957929039768,90.8499377978056,100.20090275875997,89.25524890698067,78.29389275108447,91.8590228230886,109.02810952427052,100.69000499538664,75.32362389570623,76.56738852683495,85.78944658797265,99.62628388484796,96.3261458317169,100.24773493838532,77.04811196187286,86.17272939904825,74.52784420281874,80.2509278455923,81.90411079680794,82.08556711442098,83.87209791279238,72.86334663990276,77.00227164510488,74.51181856171375,67.91083239706761,82.23591773063707,62.382738720206646,79.55966177668226
118.30322356345458,114.74525095543162,118.93696264297128,117.42980714050442,118.30309623276123,121.95156648525854,120.60190531281772,117.17919905413838,117.49039827756178,119.31921710923876,123.7939688102454,118.97893382743476,103.0952260488987,96.8398504393804,111.33094900071563,110.75449029391304,107.67187343891868,111.4355265767609,110.18867975855976,99.0777366413412,107.99188316015386,110.57532992751092,111.90280293188592,107.12990570413524,124.03291541068492,95.913826352618,87.64059537079275,96.61900104216625,92.97426271862814,92.61558180263545,90.51839404061656,99.9792446803239,94.11842458084467,97.95233869974848,86.14714284262982,91.58729323259584,101.43816004937456,72.43556894113415,81.95526991275108,72.57970103504653,79.81452772246112,71.49437348090235,75.21374017963284,73.08164012457814,69.83147854267675,72.99744887838716,67.2156358702939,83.83733093702963,74.27592047970774,73.83214064654348
88.72922550040572,92.44644079769046,99.25480176241936,86.72576238491284,93.94077120234384,107.6945135345312,100.0652216173235,99.86648971275686,103.18219139345976,99.07682750395888,104.35840030708432,94.7414031511948,119.05158645190448,119.25945686054472,131.44197938893,131.97036584672765,114.95400113947032,114.23516147185386,119.91600310429408,132.4397401481474,119.74309054614206,123.60483466664004,124.90047759458344,126.39328570956262,141.31427974935238,115.69235979625452,101.76771160319151,115.63920356114814,100.50344509638596,118.23350620840782,101.26694551060174,110.19741070676191,123.31257005495144,116.92329547166106,108.84397523689675,99.63970681738336,102.776022541318,113.67457866013216,120.23983785579672,104.0410851162074,107.43845685024712,99.26014434999357,110.77776348407424,106.36857710992884,119.49159934283152,115.37104077686442,116.7374108144422,108.4020974242668,112.62065048987556,107.2348436790082
110.01256191379336,120.85712740527296,117.63268955690086,114.38159765744884,118.30867467749864,115.14500162229756,120.42458353195818,116.539214835281,108.90707547937828,123.09088500037792,118.5110863439873,120.53909442641256,95.45244962186456,87.29858646200151,104.50399963299289,101.31843223550376,101.68616551812512,101.23318769787753,100.5685830589696,102.34983809520168,100.72436078954507,95.11525736533784,94.4023745738309,94.2988249284716,101.34726661908952,77.65253994894145,91.5005880914775,94.84012400316392,101.74618437740553,81.58750749974405,94.95537241142311,89.24223546574785,82.50234550019124,92.78268547501791,75.3877730095341,95.49806708033704,86.13625986830114,107.40891097319934,104.92281339732968,98.01679519168744,94.56406867499862,123.7735698888836,105.62111592261164,106.04234571975424,94.16489307422228,103.67956580039191,104.79627423305816,109.52736911327209,106.77354282417322,100.42128714752178
96.07058077058524,103.08603436915506,97.6118110912818,112.53828105621422,109.71679595899784,106.55086096195228,106.54623865960492,99.47837805032889,112.68512887162731,105.32173758896198,106.79013254718274,109.7604774398532,116.12079347368356,112.68810084346474,103.5505019217133,106.84254581499658,115.20922568357707,120.526631866997,105.00118498063156,99.43963485610834,115.07169087218868,107.8348458209988,107.24582334312603,89.9000550388222,95.33456268954995,81.03319437297615,84.44846290921106,87.24646014769708,72.97365504166568,73.24715215307398,97.330348058418,82.70030098946526,77.11429665929447,92.2450145488704,92.25907189636384,92.72644763680472,90.9675258136409,93.72116278819168,104.32054373198018,96.35878063009363,105.54399181849674,100.08677769241014,101.74123729341764,96.92981998945169,97.95138965476568,91.35373974044464,97.60208148531244,102.66586073027084,108.6103272204979,105.69053500732984
88.56563626071659,92.0557230895767,87.67794029419166,94.95428069213108,89.15010083113606,93.78681745650742,94.8432914547297,95.59313253683752,90.39395000575192,91.76912204651676,85.33214238836611,87.83643182385266,102.68702717496672,114.66317430959371,116.43295935503798,105.55489590643438,125.1315863659812,116.2873943877338,116.51258143620156,132.36749951762744,122.60183735860588,113.9245164457041,131.1956143091818,115.55141315630595,114.9425111958772,59.52757438072178,49.57753920516682,63.8903645894437,56.40225097917408,74.53884920083188,85.57553184338516,54.058930281313195,52.57679065816871,66.94016447114745,73.5089145200285,78.2221490865918,71.13637184296297,83.67716435603808,87.29273140477738,76.66788891777057,86.04989064086112,94.68031765170105,84.22242739216468,95.94497378413266,93.83139211248982,87.23569652569968,96.5090570354384,77.1282048252009,78.57793152392813,81.26795180114964
105.51302597857396,105.18633118823028,109.39225748073534,110.24792150558206,105.61212405742634,99.07428159989271,103.93352307825695,108.28096547412856,102.4388770427818,99.52631662613456,105.4070035292917,108.30319080823833,107.6514999067774,89.31897085479666,105.5850478096536,92.2413119756486,105.38877306217248,94.99708390623412,94.4777350321622,83.22007164194076,92.42461700124814,105.95487464399272,103.64326808056094,89.44368483299417,100.26042696669036,94.47460827050234,93.38252695026756,79.64638904168142,72.59359705765847,86.17837968153029,99.25142712976825,105.21428804147378,116.19641793338404,107.691390793773,90.23650962268108,84.11152601487997,95.95829606931888,116.44027115130224,105.26778893206752,111.50820725973604,105.28708687796774,119.58618957049042,114.31901570497826,106.35900362983205,108.93677489819676,118.29747195741793,116.04735473115733,101.8456064452429,106.95090751047518,114.26428404059472
131.45273505836596,125.45575263310516,116.7991013811433,129.25120210602063,115.82759142382184,131.58312178763757,129.63046718985927,119.54690631893511,121.57463963485236,121.97220123523476,120.40509648691038,115.52776865592526,72.69225388273252,80.42498508337898,85.58417558487655,83.4774768116191,76.02157090990919,75.6979027145596,71.2550089209352,76.01248250401501,67.23603518651606,78.16192103429469,86.66295086843111,82.32370613410143,83.83860004441276,81.58088074238695,70.11698626143031,88.91462689606507,101.69288874968905,69.79951246944718,88.88921445509644,84.10282715426801,78.39219027790793,79.94522807939137,100.5869634801541,87.37068090678231,79.41133129696938,107.6083766172575,124.7398768284828,115.5824044955791,106.86686899168468,115.87582925440942,110.80939650646336,107.9786591241151,119.78333052970824,119.7523962480152,107.9754880278961,110.49763418233276,108.2243355034018,121.77152801870992
101.09724628217155,99.846718868652,100.93039907418388,99.90589736815792,97.9642261733168,100.47425339546474,101.06653804301416,91.77468543110486,103.50720576031432,102.51023963939376,97.7422896298296,100.38746228871652,121.16847232061674,127.02387016409676,127.1981856584206,135.4281720330688,119.364147985426,128.22979194281828,140.04799847802573,122.47724818462105,123.22409571746576,128.78632985212383,134.4972370132267,134.69580504581705,137.73250689384864,91.6862893096467,103.23124277022784,112.01183104357908,104.51150764506468,88.00403010560998,115.18904204862278,110.26039053092086,99.33067629615968,104.88783606915212,92.81698066287554,108.92146087679174,104.61852923728507,87.95802983667413,109.45612509948936,93.71371917226018,109.88611962438064,100.0914044081274,94.25195846476012,96.93683499102852,92.2087392576414,100.63580406510852,103.84538567902602,98.73008649406025,105.55591514216763,107.15942996786778
122.37415219316576,117.05469371626724,116.68674581409306,124.45623337423808,123.21863175200136,131.62893933265562,124.43991455523944,122.74513194180292,120.5473783779579,115.69278616800388,121.59698408345884,125.73343659759357,102.39307007525066,104.8234843165726,86.59438385892943,102.67086727600618,104.87463321174168,70.99113660556387,96.6271664877392,96.25020075391464,93.53928863744268,93.12723718282167,80.92829247814613,79.68333603425471,96.63511448478329,88.42941623949547,73.86207597602979,101.89319609804232,92.32739719734798,91.74251712301636,79.45675233859606,81.87404803370738,74.60573851565249,77.69324931932056,88.56814533905285,81.49960439650566,90.39485060381256,82.1517662794064,83.47487947921964,83.88656282821975,75.5161431772925,84.06029330019949,83.86253139957859,77.89669513972402,75.66757301726538,82.60171036460413,80.92545447138922,93.68966641131496,83.65122989723015,90.68879033185732
64.85085134457128,65.68515753588953,63.035973350821465,57.61556396148208,73.80778889380372,57.03865846103389,54.353517995093675,58.47410486934803,56.95703499153995,61.708048904232385,55.804195564742614,69.24047248644995,108.2365253179382,96.50285358378962,85.80249931049515,101.2224067228944,118.81745987930124,105.62162385090885,109.72348634642424,93.47682795456572,97.13872057845678,97.65216612465824,94.0240085190132,108.45344452872064,102.43722009411064,124.19382176659144,96.6880056515174,104.61986002904332,104.578146022423,102.96265834353022,86.68555155500792,99.19995525286966,111.05152647653011,94.97514331473374,110.0513058802843,88.97810641355673,93.91678701214204,87.06725702635134,103.11253137505132,98.6929009907326,96.43112986778468,85.97421355822783,78.8688232744281,93.76912421388508,90.43144579329557,96.73845740915311,89.4651967383798,92.20183718188969,106.4814707105119,89.30724615070721
101.27286102058892,109.8597546498218,112.15033015414092,110.74817328549312,106.76870243675754,121.41884717841748,113.7633168371369,112.89423985089348,111.22085457770966,112.8324929288524,102.5418446199584,108.4744435519849,127.37624966081644,106.14627396796983,118.5723547752356,120.5866927351574,129.68255423192437,110.57568263093,114.8569309499628,120.80461161569744,118.89984168969298,119.96955883773876,120.97910644707764,108.44260963153845,112.25051251214988,92.78255897051334,99.6555916310082,90.16491585977916,103.5673912003107,105.6543738076116,99.83065418014878,104.96269535507116,90.014114996619,95.46816791029258,97.05681858737104,97.41363863516092,102.09339177860042,113.35841155844696,119.84014543917348,112.55125520177654,113.87525421669106,124.5083918057763,115.05066036093336,111.95409990356856,115.07190082808582,110.98140864968404,115.41565250977666,124.2730791452754,107.73278978102329,117.1439034396586
102.4837788141154,93.5227965302738,93.23004694404504,104.38456177242828,108.62659221733476,105.18148349374648,97.14593143610033,99.49012271779472,95.42089545972271,101.51214330150977,97.96499078193374,94.91394287956096,97.27820702439658,73.64928331797185,90.21100948388478,91.00358537948232,88.18630393219397,77.99048649369757,85.61790769447653,89.38110011745954,86.44919931414209,86.57369072952477,90.78507902835128,103.34604976789078,94.0816975341458,120.74550838359949,122.95603934529213,108.10966516274026,125.8614037345947,131.77137914059847,110.85429190349078,132.40410739214005,120.1679963190216,117.04124282836318,123.1958584066899,137.3617795334441,136.99782961965178,129.2147508304149,120.39903638851732,110.24370257252332,117.76354235404742,114.79703235293078,111.45172720100769,117.15110599977554,118.57574743974666,123.00630403237368,117.96205703010558,117.04951996521352,111.53793495054288,113.04257861120846
99.36921571244682,93.3743139381824,101.33858651529783,101.53431192885606,100.49918361034102,98.28009017227376,92.32347611036953,85.47760543928693,104.61760928272103,100.7006842363032,96.48178700263276,91.03774993838675,101.36074131556728,84.63568928236073,93.97151229880838,76.98643940965559,75.6449065918373,90.90750089952844,76.25546076863422,81.04714976041937,76.41680985131276,88.63017012421874,88.40072439345067,84.49177118566311,99.7218801615133,113.0548854100416,109.96257253680837,117.8749370376314,110.16748313387232,103.24893406096024,131.9976564360518,115.43392593365743,110.45347390095952,115.4367879615809,93.16960820230128,118.71757301313848,114.51721166784344,99.7186948141725,97.05773258132304,97.41922027733008,98.96914707323336,93.5785451729098,94.52562043233462,93.4010950000292,92.15955543398054,94.58954044294546,95.55493900335148,106.57515347300868,105.83648484695344,93.70105353390738
93.98348041913331,108.88021060120408,97.70345376404228,100.67918026962754,102.7795936704832,102.54653391979826,97.29953350645192,99.43467695652674,98.54443869195892,103.04860422227512,94.63552642089508,94.69356914645792,108.2758501471784,99.3106185407591,106.67850019946545,85.75972880286452,95.28059786906596,95.14991717128702,106.67740012154778,106.91523741988898,94.38980639999794,113.5341117629143,117.21744679437508,93.8349114633092,111.96548829504454,66.8172689941975,79.20830356874302,54.4426662437901,73.48146627379496,71.7006961727909,86.96041483235489,69.45341938053849,61.76497263910973,58.92508939611516,85.9788468687283,68.12114756400969,81.72918432803733,105.47484045531591,105.327662337136,95.92702381428924,106.04837703626926,96.84882440511755,89.08713986369894,91.93602417691643,104.7772840694672,102.32311502601716,102.3830848922741,99.29345246456016,87.66975397928178,106.70253782019078
75.90523649702125,74.43757499155407,66.1352040959147,67.93551995672955,78.97956870196228,68.94382319061437,64.85529162149048,68.65837072564504,74.34455021188863,77.57682577276883,70.26487746334473,76.86975306978152,71.85203502232889,61.67261717922034,83.77768758469568,76.55193156835477,59.63399349040176,70.3945016002441,64.78550823508829,70.95488103980965,85.60269010629999,67.34928053684877,78.91214202514882,63.96796546577271,77.38148562840374,87.7163121556412,69.44733034114631,77.62062656102171,74.94074928276659,75.91229205063398,102.66643067147515,87.17213971496805,79.24084464331712,82.01896357227011,79.32773532178342,68.19581297469495,82.74587582753384,94.20559125095714,91.897741892846,96.63563548801896,95.7988343563069,96.93002485060232,97.59160257682268,99.98501720598104,106.655333231959,101.91254645821104,103.04194200239634,100.95441475425127,101.67303964801836,93.92761014106516
98.3974037199094,94.96166101039802,97.70776766859204,96.7075614767203,98.56544904547162,102.70757997480668,107.32877869752213,99.8732268063076,97.75227210067618,91.73697410446714,106.20626380399214,104.4481181575575,98.42481986555194,105.19522053702748,90.10249502365184,97.07298651428368,94.82237989970083,107.41294797648985,110.4707133987136,86.97233010250889,102.79331084045036,94.63680518861985,105.75249849292378,98.46617118127996,103.9179442375632,93.6426930670946,100.18414472863792,98.58505185544854,100.3618724827383,98.7248424062301,101.45258990151628,111.91911478965218,114.8502160299177,102.1532011033068,106.20177438423325,96.51632293138928,91.4666156741362,103.2643971318514,114.16553931759262,100.8423716591018,102.66430944520198,100.18215543990422,107.59306624932192,116.45455158920888,101.63711653941924,108.9847621274792,100.82283538252813,101.05281139326269,98.25137488153275,110.79153223870314
103.2802490031722,103.61040005108404,111.09987531981976,108.36272231732175,107.30248455101584,106.05848792191642,112.0133838826182,101.86569019962094,100.43401832026636,106.03631140876792,110.4719713489374,106.95777146242034,113.6233329914988,109.01354114416502,112.78078261247202,98.73017962792972,116.52100362939072,92.40185358053498,93.21443931598355,126.08656388181092,117.51972357935476,107.36622566901444,104.43303108049692,100.54518084554408,100.70706773352428,104.37347684988326,52.75724279902895,85.35772939560005,88.78822650672701,76.37973339429959,91.55801671112624,85.0045606572949,90.33482474927888,67.94428499091343,92.77948565271166,81.36750426679112,77.95583617707379,85.01737331825296,89.93331513498894,91.80471505674387,95.01637992904084,99.65002481142776,100.30095301059713,86.03494283570033,81.02538365512167,90.05208463028711,94.20018011282215,94.74549358152176,78.86808039401353,97.37787089709794
125.33232000165415,120.56023541503583,117.08930157623077,114.94913659045504,121.902807406035,112.33306215318696,131.77024818184404,130.56178403798555,122.13863712505908,122.59074460307248,130.38611821672538,128.27488539954848,89.7157189455416,95.7249785161247,91.71939051478527,82.99733709549562,94.8174204926446,83.68993567084044,98.14000250132256,92.05338408338936,100.27032875366336,92.46386270777128,89.49299612774702,95.1774902706774,91.88460037895597,58.92222327238517,57.94780656328746,55.83249954682062,,59.37931648520557,50.87971922693578,50.339589908721685,56.77989647074581,51.06423534122614,49.19148862628469,59.93894137951,58.67335322500634,52.48296346618567,65.73528459351165,59.646131587108,62.09668106503625,62.28889983735592,47.33907820635737,58.95100347883387,43.642321161301965,68.14278805943981,49.820086659551706,66.74350473491376,54.338521373546854,63.03567163775127
103.57941101491728,102.60968664369948,92.53434597513514,80.7450419602091,98.34379113798842,86.64001441736028,86.11147162811747,82.6677439726365,96.14596062244902,86.87967425711989,94.18158611055892,92.89573862879648,71.63312719196274,87.76284580558072,83.06900434655196,81.8861519674837,79.26681905499998,79.00268536871249,89.38307350992407,59.10736321099768,73.40830458329508,80.56280033882712,76.38530657849907,89.7504777137901,70.86595501728594,114.04296521673903,117.23505340375772,121.62467027118193,105.46547362997298,130.99440219732372,129.07244276337366,133.6706707406738,122.3918418021448,122.80019008798756,118.267908664594,119.19317967846492,129.67083195902924,112.33022603098938,117.86017543992952,132.23542383072154,117.12529178181464,119.82381825066062,123.74437275873326,118.16122876683072,119.3272757133886,120.79500667898328,120.59401999260068,117.02257006034564,123.28853479956942,110.2895231679788
88.78192723189466,89.78227321775995,90.01667845825504,85.11991170914426,93.3549421256566,86.94336719563844,88.22886470615664,94.4284334456153,86.93128928117065,92.65407096705891,93.7101450715344,87.39703771809835,121.44098922627693,129.21295761024908,112.24260220281464,121.78530874949575,134.91744505749386,133.10856825514313,128.70538741717067,117.17587982528909,134.4993967229797,128.3558602282741,117.47465483330708,118.31871682922758,122.91037636090468,104.91644325888838,100.9688626188014,86.64972763279582,97.35349356749704,102.63722995537124,98.64792813307056,104.25890291806805,106.91200929381549,115.0906401865218,124.14818376101616,103.2707181362097,138.66247939352166,119.0799963921665,128.94597154227608,127.59432661776148,125.08809179087636,124.52301587145774,127.70725043970307,130.93211275623378,130.85606794075102,128.40409852835924,127.81130604224488,124.88395331523854,119.5897076765998,130.07154000353233
93.71474727773364,94.6238525821873,95.93917238254768,86.37008221666116,89.34525790875088,94.02363926205972,86.00610622021148,91.35204949184144,98.43920907548708,104.09701087549604,88.85382069389301,90.80845625096316,84.71640991911498,94.97022509709018,103.43415470416714,106.0080700881828,98.32030981457844,88.95833856738193,102.95846200917188,91.4148588022558,101.2885282983435,110.21916651959206,114.01943196341722,102.03277517080328,98.177025135565,102.67665557529622,110.9718473253418,107.96121220107784,118.64306744154048,120.62734955639,82.38372120762878,114.10941807352134,127.77617629992582,105.77158101637492,96.64267644497212,118.85728377498324,117.6328725467626,99.00914185790236,90.60815196647955,99.88084906599036,77.50812298159575,97.19965733698112,88.10999918896657,94.99475986889074,91.1919888193856,86.24834422251249,93.0878782800949,89.33342687275378,94.2705704747833,89.87441071041313
111.4342272678299,118.88244903569031,114.61323954191724,111.19033077729456,107.13479579253728,113.44808932103165,110.2525573795458,118.02895612724888,118.83860872944044,113.64600139311196,110.5093304304212,112.17907680864327,122.57190903376647,113.15352045449998,105.58977823485884,136.37967000972017,137.75153342018288,124.72879966112352,113.71941259073094,128.07644669475025,123.23401592874892,116.6193613977468,127.79041037870986,132.82603766541052,131.13347969164323,104.617650980425,102.61713008978695,68.59439857681751,87.82021385910227,92.0253692827157,82.98304812305061,90.30593121273766,82.7685830125956,97.65903636274344,112.16933506550885,92.29441299238462,79.18579674296126,71.44843769605986,80.80913772935102,86.14672996677965,79.33214599201906,81.213387669553,88.55933849657515,85.23267564953035,83.57475082373384,83.41776854532706,82.215530938353,93.72086909625702,88.5773808333371,90.53118061139304
100.68204479757132,106.12521244002782,103.09612744947864,104.19236505080792,103.91636345791696,111.02612059386358,100.34063172781238,105.33027406518892,109.5258409181869,107.4563720862641,91.2355656142079,97.1922588633501,81.01042661568513,102.64330860292422,93.9623563597593,78.9680092047357,112.03621150727297,100.74745256698688,85.0453027387517,98.672677524026,95.75686121468918,88.55725432544953,100.26355622031956,98.26356405102452,92.29686890583582,93.72764148913612,101.65497408915952,113.7373322960589,112.26240503550837,108.82594132920708,91.86041680897578,87.99949540030335,108.52441318478824,105.32198899278852,98.9664237123862,110.76930809245836,98.74242584154912,106.164325592974,96.3231627752808,97.34632219826014,91.10762213174137,107.36584320617357,96.52794305763544,97.70456870745606,93.11623647598216,98.62977072836247,110.4479198060616,103.07559940615316,90.31335131503084,88.0134897657856
96.20527602621564,90.7583862143909,87.91564584025082,89.78735489837935,88.05340412150618,82.29808762330129,98.25151697570222,97.75137462362176,89.75531308212943,92.47618932257105,97.98432431370593,93.3748707615311,87.22429477809949,89.97075592637734,90.32265222566184,81.20301380501962,85.75092956519467,70.32653640509997,92.96022114597922,89.98952268896129,63.224586520366415,84.33920115812859,96.68736589246336,73.94699839177449,80.37804654483921,82.75517843209174,79.98645023426958,83.88334357865065,78.51339603946282,72.4402999406116,104.21386249828214,100.7205358114726,90.58485080011484,89.57112425743735,77.63942057028166,72.18474079537411,112.21976829624676,104.6637952935898,105.4621101630798,98.07872691033616,101.29519172193976,97.85476723696895,101.49262484247248,94.58074054617774,101.11732050755144,92.46137796552262,91.77964349834652,105.87352168689512,95.8208740117942,99.39416907846204
103.418592367156,106.71726225127544,108.1297309119322,114.96134916905406,107.38138862362356,108.41695117922612,105.71786310619154,105.76220167393627,102.2997992577929,104.13108814716446,115.40063139579976,107.49734194563013,110.9600318529094,105.3956959475927,99.86996539397865,102.3627088973321,99.41743969167368,110.42572450708516,116.08689173002698,101.07753407712944,116.87559390218622,96.2956950874506,87.8772624876416,108.08082589768448,119.57833123447246,97.4562539340111,104.72311212765248,81.50249225103187,88.34140073680007,85.00023640760801,121.22963405406853,75.49432320779168,113.16048457459672,105.5893981931309,104.3959497101507,78.8302107962925,100.92897018349758,117.93153471031836,101.04779476140958,107.60236043928931,113.46936096583934,122.31146781928068,108.97916037867644,110.34301653879255,125.00189093083785,113.17887578282986,120.76208892325516,116.81451492035,124.39522759140738,116.2910298744848
101.81399442631756,101.09815694315029,96.09546818029256,103.0898870632322,107.6433539136413,92.36626711328483,106.79805990869068,95.96306111433154,98.38822521340664,92.35236185121052,98.69027701348426,105.18296686060998,92.94818141992604,89.99121068212546,88.35969207502897,108.4018024982499,102.3410974761992,103.77604014381414,93.25239318125134,94.52839112862134,100.69122467273874,101.27917873745668,101.46829671581798,87.45917024280915,93.15219125642597,86.03437194488346,72.83518494598924,78.04920483859908,77.75528548713572,87.63241524024967,72.16196088832174,66.34997094487676,97.22299100038924,95.46124789979451,108.27473425585154,71.81579379800877,86.66639796006574,94.13254801611114,93.38579595584656,102.6547532491878,99.121461991442,100.13666966757408,97.0216094308978,100.23851765896484,87.51832556066223,99.8247915160575,94.62940170606558,101.05550776534255,104.72314734445804,88.87889120118196
112.14138762416776,114.34356367544412,99.92292244052032,116.03204665604748,,118.3282363354142,117.55027930593592,121.63219629434866,115.51087956132696,111.00080744251652,113.25991632600716,114.9972923401864,95.7505050916246,87.19715866617565,89.1025258844971,69.24235397647774,79.55337858997876,79.83929354408143,73.22108606919882,79.36612930126827,84.9721626170777,73.03956772871834,71.84841185569464,93.58803835999336,83.56180578813243,120.03322983187226,116.14051305298482,117.04357336649367,120.51867605062608,130.64164800466028,135.6614828335526,128.01762755314692,122.4241387134695,115.98714673418488,103.63466740241816,117.93889250227244,113.14015755424792,78.61760687577302,83.75782728828365,76.15826715550402,88.05631996269437,88.53985663667792,93.77225786119983,80.40312455592617,87.64565041170597,88.44618150997157,91.1367225922082,90.65432177885606,86.54170275697614,82.79813540786239
91.86410272057168,93.1073513100246,91.65200261262804,92.58023931205672,89.25508668528184,88.9969100196297,100.98739735236366,88.90180036242901,92.1981371595015,82.50941168708106,85.6998930233849,88.65568508399426,110.36275668646454,116.00277281674084,121.21906156303704,137.53365208725728,112.79432214527375,132.06553478019651,102.38140843742028,121.39721840872868,121.55255538364796,140.71089522783393,121.98871829408716,115.46382304182862,125.65734647975974,61.5341718748677,88.67047180527736,88.35344636432238,69.7950471959282,69.73264575232281,85.96030002378004,81.71716217555348,79.35311511990282,71.57823146358936,75.03629300387541,82.21001036491042,92.09748424451476,76.93343615404787,73.75378948701314,75.04786009429807,75.00279942087685,87.57638461038125,89.13626138305179,76.66072230092445,74.40176814514766,69.64761630137963,83.67859810513995,86.6448094481045,82.71563112915277,69.24294496292815
96.7533783274682,95.34479723006996,99.60474200646443,89.39090221212963,95.37518147507544,97.18311766115409,87.68784668533485,96.19286016915451,84.22721077723124,103.60557819132906,96.99833555842092,90.72910265099532,100.19603210964472,89.85005341984065,86.7493814803447,91.7527938691204,100.9158558847739,99.75759125118884,82.81982790728976,97.34861413950875,91.97336921967911,101.03336954918008,88.17228591685235,114.42202271855538,81.57240170522354,114.4860306067078,119.10604974078534,120.45063486016493,131.4235926737196,135.18519644849337,102.78649059547372,112.10845886388712,121.76960498180196,111.79529252537031,123.24690761522804,95.06178873858948,123.48758951586872,116.73523551033465,122.04439043478804,113.64357133109796,122.30399589242762,126.14806368312178,112.77432137737802,119.62563451913051,104.041716807972,112.17288952806952,113.3143680016688,111.50180331676792,108.8729329214724,108.62638096075769
99.30607742430712,97.78157808909552,82.30371552530843,99.31393664011895,98.36053211404403,89.7989629000688,100.41454390195162,100.2921372732416,94.07781169495888,93.54282923340143,99.74304042953383,94.47914388712644,77.79710067932184,83.97155739916231,72.73117159730069,71.6279989341956,82.12758332628312,73.22094763380412,71.48674948807415,75.08460752810925,67.61777274129649,72.49661038486899,77.68989712484206,84.1350121346879,82.27987438409103,99.58823058841028,81.78906778079829,104.02818686376575,102.37897043563456,107.93309716280312,96.68106211094376,102.0619583232924,77.86232086455388,97.2617602588406,100.92023700561526,116.51225806397984,92.83772394140684,109.0110504421078,116.53873048458296,116.1565622565368,116.7818320876434,118.35486952249302,92.26893506532906,109.58374194394187,102.21281339275724,106.72859151898416,106.02072215420152,117.20473057760444,115.67484268777388,112.28797112545462
75.49719378374448,77.6436928774753,72.99862225446853,77.66845434534092,66.81282910809519,84.44460043630697,83.77948013002185,72.88749956754604,78.83772190463414,76.31767913278236,69.333415908613,81.73846193209903,106.19422482287447,114.63581692287882,141.01584394492468,118.33801270360874,121.16658363946848,116.31092768676052,132.71547673605386,123.92339344632693,124.85512562781815,126.8616467533438,121.74798912104762,113.54959025233616,125.0194431326498,86.3770167190723,74.68807859707613,104.47021141207615,111.14738125548872,83.57458255279029,86.85635784862494,67.3436946120901,76.76809904509238,106.9203376506678,96.47721176990024,94.3636553375714,82.71974218129742,109.64740120080874,119.46058902774496,124.49214455336764,125.61703886966342,121.1712058876444,114.71410247572656,121.2643846849906,118.18643530548373,115.78309327362788,116.75520751584908,118.10338151377256,122.58795855899012,117.08059162526894
103.0924294795018,104.83498010754909,107.53757546099465,107.7942072421747,101.40830268214216,109.65042747626288,99.57490996583348,107.41925864416493,103.05408287439089,108.88757327990768,106.4889968091799,98.72510920054934,114.12188415513492,79.85161570622776,101.663552561063,88.94542550537041,82.33261173298523,84.65290662214699,97.8205993006744,96.43200102880428,81.97874300761758,79.34111484832431,103.19646715170497,92.59564020282352,104.9026018578569,109.37279871591272,104.12590075190384,101.54360094619118,106.54912536615024,102.81353049597116,109.98499781170808,109.57479847014208,96.45440691821636,108.2322970187343,95.32471300371331,116.10799375493518,105.5770832844148,92.36642744712252,81.65037433431839,84.05791926133799,89.57770212661694,89.01289933692917,85.67175544611817,94.29506205913414,87.90697192473058,91.68885813626513,87.07926073976463,71.03952991100252,86.20263422969992,86.49359922274489
99.0220105037868,93.9248256600378,114.20330643125683,98.55654291749757,104.9722475440957,106.83355059775778,108.95149576506414,100.96635530038388,110.37219827777773,98.3070735684189,102.5324702241026,104.35319785110204,90.3726793267339,82.46226407580475,100.18323095626836,99.26757568491888,81.04643160102654,90.5821335358361,93.32332484841966,,92.37118907053,111.0696282619621,86.06746432330472,96.91179586383332,85.44886611302083,120.1943043952092,119.6241258668496,118.54209971799676,86.87471192847461,135.76951144490684,98.7124265986226,113.49747497820869,105.38423334390404,99.6893226559843,105.0030016483589,102.14051928293144,111.44228185647724,137.68285346201418,135.58686469368976,128.51085741010758,127.39968480279332,124.53486135136718,126.17991323276593,126.51437675743604,136.33828005997375,139.89092644565218,138.31617241076265,132.8775140555561,128.96079043167111,121.33806483933664
97.85523554925636,104.65834022314932,100.18067038801397,92.3079080195566,106.07709663177124,99.42911561531972,101.75742666476806,99.41585507141508,102.18560222089128,96.24238165961415,100.64367380947036,101.24191660728434,66.49931401730534,81.47357680805138,77.0035567464893,64.97102016189088,74.3770205019036,78.07725755218382,70.31822890414134,75.82438652687242,78.01177395911922,68.79746929694647,79.19210131161665,79.78846998836404,74.31219253435967,119.71733405312204,104.32498646415443,127.33981218973588,131.0616171150015,108.0755610224189,119.51247479382111,120.044772517078,108.50837683077464,114.4967313945292,119.01697457882396,125.53980039214086,128.82230322262723,72.48498741005386,64.31580283816817,79.75075721163361,83.53295821218275,75.61596084077404,75.86261376413462,75.08853739930329,73.8972716770142,77.9148455920092,68.61054068233966,66.21075231456955,67.85180114410741,80.56728534320463
98.36769546459703,98.21363537886276,92.84117829322712,100.57064128949794,94.02168076184176,99.38047942584843,95.34381169960577,96.84258782629423,103.03215253977729,96.8215543456159,98.77616300774424,92.89086908128148,114.85742474068272,128.15197139799653,127.44600447957204,128.8774357521057,122.1151540229146,123.52070741062974,121.4487965609072,128.9849068803862,124.52476922837164,125.15014298776,127.41190803414553,129.65281237876445,126.42896833890843,107.00256121551028,109.19427142196808,91.83245041130888,89.60162912230344,109.97984473615404,97.8378003075068,104.9055601683807,112.19297106073928,108.42481758976702,93.39826446797548,105.54910464671086,110.16683007827498,111.30003674260628,123.49591116190982,102.66705388786468,106.55821430554433,105.1657202170418,107.78255575543828,108.83293995610566,100.09468554180472,103.23748228862418,107.30853434313818,115.79905188506612,102.53179675861522,110.53109725085416
82.55438195247055,83.75948941854205,77.85495666371959,80.65148649973136,69.38667533903441,75.23497602930703,74.64976143438379,71.2683295620091,77.68963626749263,83.91328382636118,77.82842667537967,75.83015734470378,78.8976469705773,79.62677216234465,61.489132885211355,77.58433786619888,77.92904773472182,63.077783149758446,91.9029719719184,90.16824112139994,83.62473353162288,65.81032489434719,67.57546903128227,90.67506348758356,82.76889914665486,65.02899874757313,99.94299379596302,101.36939449736414,88.94489539317922,83.41211319383241,91.37297055491727,91.57210048299616,86.66074293124056,77.57448091173814,86.19269470666394,94.81642185161138,83.9947552333796,62.3031663902695,67.24847970898118,73.7847435239395,66.12900461784841,73.61095129415513,76.38948365611463,66.48062392919284,69.92724123779065,69.28381678105127,73.0646718344625,76.76536648147548,69.0966300283973,71.55848136559153
89.07949353763148,79.20904326755117,100.56470225426054,89.18006238673206,96.78887738835029,97.96809845362316,90.09477290127369,89.79613494441743,98.37770762105424,96.19874538436356,93.1723858914907,94.84337440235068,99.85748723146509,96.8039917680922,95.4448994388797,94.77967462247196,109.05244745106478,111.02645336719732,102.48265053665187,95.55637486655984,92.94606707271076,104.76704064851192,93.52781054240047,99.8929906375098,89.23982422196747,96.6234241348685,119.7130417360732,86.63143405577988,93.08761127984836,107.90341476567194,98.66653153960752,100.54543662150822,98.68750638261844,93.58105144833924,96.9469989197718,98.49653818048964,95.39643590187316,85.65870897786877,86.57281794347435,83.17767207032813,84.53596018590383,90.78533323868444,81.14474963813673,82.42721971852856,79.82675484122828,91.72080912750953,86.60870653215147,90.12438485881025,87.62061901637591,93.78742668819976
99.20731185262676,105.30115577600208,91.62946135647576,90.51096684572498,91.6824703079703,103.10668672371806,105.10834273102807,101.61464671416417,103.03461422473605,96.10090796467786,93.78990641432526,89.19217716063534,114.51046906642392,117.57218409853212,109.84470953248682,134.37710624357777,119.55473937748708,115.21109061286576,96.86849930273844,106.84336419849456,105.9626906709389,104.83855158148974,112.49028056992924,110.75556348949834,114.57599586764438,137.30011546751473,130.56412614853434,136.42556504471406,148.67900889457746,139.9246350131194,121.89944151053164,108.5113435226234,114.69034580486172,140.70149521167707,122.55144669838693,131.98405064001147,125.65247706694726,126.47798382472534,120.83928085375108,122.38439368865907,126.55257155820516,111.65027310791024,130.83643620084422,128.47424619229832,116.17456863818737,126.31508693529352,122.81509773033578,126.67742934997956,129.79110894104733,117.46726947056416
94.74403025570048,87.26789282089985,83.96988092842444,93.59301488374956,82.0175076662239,93.31889376157164,87.96925505646313,92.39679690459968,94.52430820803902,88.3564296378558,92.81742197061712,89.71545953792267,103.94338474525478,99.53291518712469,91.3266174826662,109.67815987307414,117.35089543902735,103.28875802163178,100.93743681186852,96.8383812015516,108.2194909632576,107.13900008757469,115.22409359418027,103.55084209164956,94.91404270365648,115.98080545089658,125.28319722821408,105.04444091363304,134.6111505569907,116.35280039557568,118.08220552636855,142.17849362791458,119.76972264024148,114.08141499795748,123.42023540867574,131.23712447040134,114.70836281612172,114.59960305868653,106.03181933254778,109.71632431417396,107.8978326568138,112.70289547229008,121.7709367609064,113.72222750005372,115.95381816757882,118.39441822985827,118.8925748293224,119.06368854420376,118.00503032084973,113.84175043637138
99.64788884112836,103.12162840869745,95.1669967140997,91.63365486067325,94.45898737644374,93.93270197597282,101.49136433266716,97.26751643837368,92.1200063578662,99.58189360264376,99.67451412564736,93.10394245671388,104.17098780103788,101.5505098692579,89.84585899839367,104.01130967740627,91.18019953309908,105.96245242750344,92.23945706594412,100.56850182907918,104.53358255708554,94.75098985672082,102.81496978057405,105.97217117589416,101.9718578896925,106.25883540794575,92.29960789558392,119.64382005338211,106.2132457548478,124.82057488893712,133.9918805002665,125.63946036614988,87.36460461187926,123.17812033215924,95.42485723987234,107.11968923294762,112.32949684381776,88.76068667243402,103.35737251131378,94.41884252998116,90.87445583838428,94.2959431622269,86.32833533933042,102.88631220017858,92.97177920125878,91.22258780194868,74.88509474711685,88.8329277248279,92.91569109784682,94.3474687173008
115.4447419150084,100.86123321659042,101.29411981092451,114.27412761849789,105.13813606393884,107.8678494385836,102.10626594388032,107.27638014478254,104.79238246450618,107.06902737786434,107.16368054090488,111.37503131738416,71.37397346438277,68.62497557518509,58.62832035830768,83.57722637103805,71.72947957619505,86.6721208975508,70.10490005226903,59.64515419593576,59.47608688167506,65.853060646246,65.13500553464303,77.39646044810992,57.445819129540595,134.7121945621451,132.9328307817957,130.55445408333753,110.66172862062469,134.1473392445554,107.7663089406419,99.08585868228752,110.3057421937774,124.48853719714518,109.64440426800428,114.35774762673228,112.0997145880296,90.571983306816,96.9508121423816,95.51926640172924,82.60631259436602,91.71518521484056,86.7358454040563,98.04975643521804,95.74283793028668,90.03644289148164,88.6297482875678,96.97802231588956,99.3606782639114,88.94403545591159
124.42384252264009,131.3566580434708,128.9061400981319,123.7896848449186,125.26906519546688,121.82708079936472,124.39352378704976,126.82157598997566,126.56696499090896,123.14292714427329,121.93802991269654,139.98192724509946,72.37441452556698,80.67285238129031,87.54753677791176,76.48332790094236,93.92598102717164,65.4388349075876,92.35741274577144,91.55136023196816,92.03029254437688,81.4192354493898,86.73159763911346,90.1843967890128,73.04143278916605,128.6825232610562,104.73684922813692,108.36196479359602,112.9377320555903,111.15449873254047,100.08169917626026,107.04037905433222,111.12358804717567,103.15713044740848,133.66528901524674,91.61312898687464,101.51244242529756,98.82606724326432,108.80215491501036,106.85580372691602,104.3959176551011,103.65762469567106,103.9735035451968,97.12205372531344,99.36437457890126,112.02387568602786,91.05511630502414,108.48747148027384,95.84841458964522,105.4235719470903
96.3953936759205,97.35158937660933,110.7420594848254,105.8106268205195,91.59083690698225,105.48061874835597,108.0285912387273,109.4015841216175,105.06493986785922,102.84906330064337,100.72576847641182,98.31488318396848,101.6221131054407,97.71710559203774,109.36713283742836,116.83534034361408,106.40163179874096,106.2911142700144,101.95744601628384,101.9434603146334,98.47139306762712,104.623309343322,118.95945666098208,109.1788790646953,109.36539480215782,122.05707164246962,108.04661093339764,114.81776608911656,126.01546323326414,125.2302093925899,123.2156582092077,115.02098061608764,119.80047236086304,108.48169695207665,106.5202256543918,124.40635270828162,123.68812113862684,106.04132657910051,100.37009922904622,109.80130783219752,98.6094946583122,99.66178140127296,100.5887924029535,112.75416794277146,112.45529224196298,108.06413848162866,100.53721623998642,118.2726104466417,114.17613618508106,110.57485388518823
94.96965461632008,100.74441105736244,105.4786522264216,102.22016348209654,108.34858684527713,106.11627292515416,97.1153748030838,102.86149297187065,107.29502363591412,98.4948125662527,108.35660166253732,106.53429517271483,69.25256772320883,85.18912937832336,97.04658509918968,68.12073152223445,100.45143201089604,76.77919526371227,87.57746569416575,97.2695065487635,86.64994025173576,77.94046116724445,89.08217562892192,71.78396968736422,83.81768130863679,104.5396743289719,90.59850686977516,99.25496820733991,93.44208733742154,87.24616051213866,91.71532151994184,103.93906387926106,77.50955057937861,90.38924734935976,106.00557317901556,112.69719364879631,89.44629106947471,121.3130995553492,119.85931770226443,119.80361336005384,113.18072441104827,114.1185049068789,115.81807351362652,116.94323750562693,116.2932733504998,112.67364448411377,133.20143769267528,112.13900902388224,114.03111845414364,118.1666304665759
106.3635328209534,108.45346803284144,97.62154375287604,101.8992484189192,105.2576864699011,89.53422956584667,96.80724242398114,100.04252172418174,94.6888478933788,99.28872397801162,99.07179412912711,95.2496017390974,105.88055694711264,102.65975321251187,106.36866759661544,96.90026061967336,106.41468554721408,107.04327595437304,113.5581771905834,97.6750534162616,92.33424851146124,97.0598985317929,100.43178729940236,105.53094249098272,95.1475273109236,57.41435483379413,94.7904431552292,76.37974445374947,69.42476001956624,79.86630210368703,65.52136970471018,58.081019660177226,81.92187638028965,68.78743180663865,80.2202702225019,67.22934853588795,71.25486551052147,81.35126741865784,96.282662066861,104.2806327335042,100.45949274025244,99.36611890985616,99.77165166960869,100.4576481856466,99.85658692732606,102.0072918730701,96.74549873458912,95.6075863207992,100.59465711125804,92.3635845900634
74.49026005228465,70.26501976669763,69.75937542593665,68.4978617599434,74.4760417272119,65.40951255095256,71.38856882587554,76.9485824912247,71.55762434009905,68.81519206307317,74.51608911846006,76.42320263950332,102.39174928996604,112.10979749311603,102.51898040263858,106.55389774679593,125.01102396507154,111.24956875122376,104.65446241393364,108.59960484888708,103.41321321073346,115.53233818234295,114.1600682582769,111.97470224321684,120.39291610083151,93.15953810476886,123.1155129864914,119.21783954848414,93.8594661190554,99.2683015839735,123.3500158630806,96.04496986675804,90.6207398124105,102.24539129608334,95.00547442224176,100.1212399067765,97.51897822823724,75.37712695884444,77.44776318899105,66.67706962650891,82.90513394960864,75.82665404156664,80.24886463455375,72.90522078423386,77.89105768452123,66.84665109932531,81.5326135980406,70.05428885332319,75.7431452590721,78.96450999491981
99.32436851370947,100.68945623416036,91.78633782477846,98.78832733790028,93.91386351613768,98.1865973845429,100.159154877462,95.7154344440322,89.50265520748107,112.29919998217603,108.43485086989992,93.27599982283569,115.74442612632794,84.93062095557397,98.98102201884186,119.09133020676558,118.75768570078664,119.52335549852592,129.35113949410032,123.41516995334848,122.16654589124404,135.25738228599604,120.54468792365728,127.78800793740716,117.05855302562884,83.03669746660312,88.99036299309309,89.65819869292159,87.69145823456672,95.7056354549206,84.21148674246815,70.1299117649596,79.6115778754113,85.67975707980077,74.52985960303657,96.54108920747578,90.1588577645375,104.45438261948551,95.3922886993234,112.52818856650684,104.60040794301038,104.39380329362083,114.23570745586892,96.03997364427536,101.11254818282367,81.38425807079977,101.8713515070128,96.3309972995224,90.36480934650496,107.08535564581054
102.30329628071448,105.25379180255916,105.3190020348512,101.108049026094,99.8959954793778,99.39915441341128,100.0079867240346,108.69739907159986,108.11317817812484,100.70398123035685,106.09648349515948,103.30638694125396,92.11990948500656,75.14610517083563,67.55236003759774,83.35705576194165,90.10464921351902,77.61332871685251,76.23684890184106,92.67239480703496,81.87021662465145,85.42802018923378,77.95796285296927,69.37860577470042,88.58403119708001,81.81488768067277,94.15553039537878,80.97299358713498,96.51925845698916,96.22144802691147,80.39599412972872,81.32373351105885,91.35400252756888,87.78048882820525,85.57150832219455,84.48886340400773,85.00507066747527,89.71562932352762,99.5915375641579,91.3996059841637,94.79251892778548,89.85941047312261,94.16324232297534,88.36400697500562,94.41109570243066,97.75485798559951,97.69082038636554,95.29270407180996,97.51948042156272,93.51593694181392
131.3211864507874,139.4270411271423,136.55944570221527,131.93769440837193,136.916025111132,130.90124701018527,138.9277305927589,129.2963246385624,134.3867604838958,129.92743385597134,137.414423375778,132.58368685283253,125.35970126254033,129.81713100583602,122.79783020664834,131.6151728990972,130.36157125040867,117.96376993013112,133.6632763975849,127.50847189866975,129.88746361100786,125.61159768726604,136.9702890196558,145.4071838836984,131.61975424611768,84.2963811414414,89.62786183803607,83.79296607222419,93.47419995654148,88.09927286000644,90.794174870262,84.47081242033198,109.33695858477849,103.16525591350924,103.7297924093278,90.84681686611329,93.41700250022564,77.614496164984,81.21979492548421,83.91584394698312,77.30473654584773,80.60745856843442,76.82546641510417,76.02250501428381,80.38333022292379,85.95470025492108,69.89110738365179,80.95522931755012,85.34776898577798,87.21163119121437
109.34334542636728,97.86668005400104,96.21218596033005,100.8187072553838,100.10855747609271,99.05947917504407,100.5788643073722,105.26279618384714,97.39390522750564,96.44368447489852,94.55963967730452,96.07966258279131,120.00224023640892,123.5526864771786,104.40131258402656,111.41621141129016,111.62648786338389,107.9092446382586,109.26256140508984,112.96644002900923,110.58028334726367,108.57527680773347,108.88107419494548,112.11546319970928,132.94921971951197,111.77944595284184,126.90175413782345,127.95022416627508,129.54555960185513,152.61593732533453,154.58087656009369,138.0766495418324,137.7932964560321,145.45455867570848,133.38759741603764,133.3697144527689,146.26317011876057,101.76266708479922,98.73524951583389,102.51107564613032,99.8276117472387,90.65296064888072,104.77249479961004,99.42352314197991,114.04167282156943,106.94911138136004,110.69482420030953,111.33504260082384,101.7255534027604,108.4161895042754
105.16931604488032,106.34801514733532,120.48874797422847,101.95714230264626,107.8649125785946,105.78057817970677,108.19639786230084,102.65983221524432,102.9749615650639,107.12000386319365,91.7554621547247,99.36808375926766,96.50717116147482,91.334266827907,98.69629971103136,92.1501035067835,107.26184292567984,103.22906877608231,100.96164076297174,102.32963951643644,103.88798229227844,100.22699974418468,105.72890850959956,103.8862039402444,95.13817681048567,105.90211569822326,116.80930621902056,95.76431964356276,108.52559728823556,117.34234392675395,85.2444162459477,95.99312552104584,93.87091492473536,106.93426726526124,101.23225526376991,97.76034698025852,115.091271551218,93.9289938473852,85.67179045129218,92.5880439112984,94.62984350206388,101.87936531913276,95.89976365215637,93.36764403497752,98.2759194240809,88.98855718465586,91.88422897724875,94.72623499104292,94.57573621824406,86.07250999024727
100.0262974274458,111.49640138061272,100.97308799624976,98.33632387772126,95.80845446052886,98.50797779452876,94.5503044110822,98.26582971529494,105.20946132948842,107.84614318518396,98.63739884205708,103.59107580890011,130.3686071626743,117.64542169094892,108.22973500113386,104.36518959027622,129.24687411089403,124.4661873755514,119.89978470673464,119.3322759911188,119.8670047154563,113.54764914106394,117.70059400991988,129.75039904702462,130.29901314102872,110.86515882822088,99.20734274185094,101.92188360882886,101.55876915663322,113.89715497721384,108.18847603962024,97.91838363150958,107.3153220205148,85.76813341573565,115.53232604731816,104.56167600956104,108.28347917229536,104.63298576414915,108.2376821779862,107.50514625381228,95.515758050273,115.44528013076172,103.77834044182808,109.73783431899834,104.58800706267986,104.24446396559298,101.40978818109144,103.79337447986484,103.64041141773929,96.16830291179406
86.09866255520048,82.18173545053908,78.71087418523109,77.49808256266445,82.87980721777481,78.6908719349152,81.04905394606303,73.0197785797923,68.28229722872013,79.52256743601342,80.83976695662277,78.28492766350908,132.5598956744139,147.4413590578863,138.1929237293457,141.29320955868806,141.31501217448562,126.1064661762194,138.9517985007106,133.3805113054746,134.88090057682518,142.70558191389506,139.33685919642272,139.9672067240442,134.9901882592003,97.683545810836,97.01986562865504,76.78816715995039,90.5686379468046,76.50429257771891,102.53727951287247,87.86112481256768,91.05484946992766,86.09831771595995,85.073265808399,82.08127211632976,70.97053402258123,87.35735354527499,101.2860714019813,92.83610684887894,88.09802832691427,80.19323170190445,86.44051474861789,97.3596022467894,85.1523918548875,84.91432555586907,89.6142434199202,87.8523625712214,75.03242612143467,93.67674831132226
119.54738837640888,118.14783745130016,115.0105542366976,104.33067392374876,119.42874424080152,122.38587784980814,123.11615652711,114.86836863083686,117.05929050609576,109.23020234760712,119.0941731897022,119.90216351438444,71.69525460009343,67.91545024456877,76.56101046175118,83.96884738443644,77.75382430867,86.6356818991311,72.39425983918233,88.67026566913604,87.1628713713203,80.15898634826075,72.34573011480693,81.62214479984745,65.18311532484499,64.46061297036091,85.32911891580139,65.76195287673951,97.6138098013966,66.22541745071152,73.63099242550703,76.89043302753635,78.5536812768379,89.56998222515604,56.62094782086477,60.529293002337454,69.65259759280754,94.69757205747968,101.2091323148048,110.13870568468693,107.59364470373292,101.65866482982509,101.71005770180506,99.31952086156146,112.35976327035254,104.07692388952816,109.19933850637575,102.12968484626374,93.11228891631164,105.8200191660571
112.39841561169727,116.53226747033968,117.0212240362854,110.32385667730075,118.55810710103545,119.55603105574308,115.75223142817096,106.0799628351672,110.74990170281312,115.36318054745652,110.50946935542817,109.55850534898994,102.118967965792,99.77286216954492,96.7054260565579,109.29701536388616,107.63974059885642,91.43808204545752,87.63774294304912,81.50343249365733,104.38476145788302,103.88387944190865,90.05076929004682,98.55938984904824,100.48385032861457,79.01257877541889,93.85457299278998,108.7026226567423,84.12594664378241,79.59039680631753,75.3608705601831,93.22819378100031,115.14533907785535,57.60898519008274,88.70308251176975,87.05399049375762,77.67102650938783,84.16080927750905,81.26620935115311,76.99083232857802,74.64299944841372,82.88880643810022,81.93683357849918,87.82460530567421,84.49100708299635,88.715943633531,80.75124733903661,75.90510797857974,88.05328087745765,81.22858198546017
107.91310692841914,117.3931088704356,112.43183125833453,123.92855631371027,115.38801190476931,109.447671786413,105.00118194824036,108.82724747877832,109.59729726768728,104.96248567614744,110.26355390846172,111.2931173466514,60.83720726491099,57.90535043042391,73.44552952326971,58.00338832737841,46.78769585166102,67.22312415465629,84.34889942914576,60.9544832234914,67.63050133494323,61.80797477951904,71.88750353917523,60.455700021945056,66.84162559354138,94.77308891848654,139.86268134067475,111.27198301323634,129.58898537539494,131.06459448051282,115.3889652485247,119.8039328732228,114.41955808718456,128.4667592078875,136.69528288478722,137.2582731652245,138.54147451525404,85.8440358484695,94.24701282910073,109.25212953144528,96.9961206675994,96.42730489759174,79.13204954799971,84.71780685870469,85.94097937267549,81.30403280276113,79.40545223306935,94.28062114918656,82.6396231500878,94.41977226050614
88.71652996375889,92.29433970588082,79.16779828649207,90.28220961756902,90.3044716149565,83.2983535923048,88.11658767983992,85.67263334913451,94.99032090625708,84.17841097054148,77.4621935255428,87.09796771507955,96.1581768766883,98.8527030514065,93.4479191161174,108.43229467212775,91.51189697766536,98.8106213667953,99.01789827291594,106.47321885190397,103.32666725300092,113.49377474749042,102.25460193863644,102.66185999363722,94.47919847580653,102.07846362523895,127.3375923230052,106.48045786760956,97.56019867077052,92.89644991625416,107.08295728871572,99.29674616889592,107.5364467903408,103.42054624358316,104.64472012647283,100.82279405525875,124.88814081641944,107.95406558650204,88.73837293708303,103.54772855888837,99.99776879541312,96.34370262939316,92.05532688624214,98.44358172090423,89.42243744595399,98.25291325232924,96.95516854662068,93.06255628600418,107.487871191149,96.3178192294598
130.45203714641664,124.2355657741874,125.63805933691752,120.94561276536952,121.46104780368827,123.49795299110149,111.15078841716743,125.830872736406,116.60526736976264,119.75381223648652,116.34207551829115,117.23279130574724,101.65819482324676,99.0560269572506,108.83055025521604,103.21125980195924,110.93398741822422,106.93827865057392,111.074613138253,109.13871212447184,110.7394823898334,104.14902895462474,107.761191565672,99.75681149989512,98.10315941179938,117.9900441822876,107.22649274202276,114.9041364692746,107.85628869975292,115.74730291277596,122.2869655280645,107.79040155145816,124.46810590584792,100.48097634143645,81.56403207689212,96.6063765429196,115.48203834662932,118.97738499100346,123.24753560988556,131.72733004963922,130.27832704844886,118.75136809952068,125.4140036455568,116.20240004095594,120.7154673941256,133.29155812637117,131.89064434529507,133.22213562309383,134.3496870312292,126.3508818819318
85.69933428889068,73.25720949446337,75.63151363042081,77.65777991207445,86.0245297841333,77.18208715938086,79.20690856841763,80.01025081511892,82.83121494429409,78.62406679161525,81.35548926211858,80.02406962582022,99.0557160108946,93.55770980103152,99.30078244055002,108.93636814990649,99.5254351183836,106.5475893449208,86.55143778417303,110.23464051327672,101.92670764276808,91.64304931525469,96.96140485166646,99.05603307295476,99.21498712367868,104.96081196610372,102.9905494038666,117.37957054386824,111.37411345675191,100.26739710978978,107.6851321438703,116.09011128871543,125.94008295821624,119.08977642715044,114.96064050394163,109.56432990816666,119.66307901442124,106.56849347570142,106.611427852659,109.65459514377416,108.8483409719924,110.52067710840016,98.21506065229386,114.91659063229652,110.66740529097424,114.06102968014164,108.57745795162865,115.41625601223716,121.17555241384584,106.56000513147704
116.76878954020104,116.97001406850954,118.1693452880918,108.9151858710643,110.85167038680154,108.10587040368787,118.29169149073394,110.34123967400964,110.58412035053448,112.24867869237572,117.38239456266751,116.45452922877612,100.9194374849842,111.9572936182773,87.5141061872678,98.35769864845048,95.02610564401868,80.36588381671707,87.94509467578794,99.76779958063564,98.66839700947294,107.60055948336311,97.37181062713452,71.49455085858457,92.9799789570092,112.56420748846232,72.48706093046111,90.54368854520112,89.19292270258202,99.36522050144558,99.39627727735017,69.36196229330736,71.62898003778203,108.22681830909914,89.14519490758548,83.98363118178287,93.63919123539245,114.94043369251727,122.06594773296412,112.40689283428262,116.14990709585892,109.97829508214608,120.77183678208635,104.12601318312048,124.25145260073134,123.60459779898908,124.04750983605862,106.87270141108324,112.25609384921393,118.37785460738196
130.30075600499376,127.12510742205625,138.25707471572292,135.59242996302575,128.55139483628184,136.55510014577305,128.11737080080476,127.37923744292188,139.16443064982727,129.43866297571776,132.36920746842156,128.96636045798613,53.78458029349851,76.01292923374845,76.3393328241028,70.94695745097077,69.77254243663066,63.81803508320047,68.23968718531557,66.97294925471734,76.45377327108159,54.65746028148619,64.39480241693786,72.6895987977155,49.491975994139914,118.25353540170528,143.26630631390307,118.41245804112742,145.44962064735077,120.99167958690612,106.46579548913162,124.76060306330908,120.78590755920072,128.57179104797805,102.52853962038834,107.43606550638113,124.48004291420844,123.73550819826336,129.20929091627153,119.57712104508953,125.02039152127168,117.2430777429345,108.93722844106212,123.13976593400815,119.75509572466568,124.63844383472072,116.0200038846631,124.43842765117388,111.60574837856367,124.7752288139481
80.19393102174678,86.65513244923484,82.90534564474592,79.23789104649545,92.15880497366564,75.59517468550321,80.97033989558177,80.73818467502603,81.80600969915216,83.77330886220588,86.78101049091029,91.0010058394089,105.7876505227799,114.4169081454662,112.63511848763258,102.88676399784865,110.17057080800753,107.08270594991322,109.3855258105992,116.00197519942137,97.4569740398347,99.69309544873713,104.51819533196948,104.62910722090751,114.02797687136696,91.97780885455282,86.11106592248277,95.02336092406232,87.44195526488345,103.84427163026554,76.07070231571672,93.59926788501524,105.35309367015428,86.795966499052,73.71580511112943,91.89957062899347,74.53334382837605,142.33787807293407,154.9966996255535,160.530921303518,154.9591762397645,152.21823544224318,158.06000818255217,155.58601831933913,150.4777403773697,156.61858006011528,154.08176938747334,157.17736097572785,147.52118819759696,150.57519101514595
90.87659945546018,87.73415480586164,97.91061586463398,97.07714252930278,94.99505041865356,98.09704568022175,95.32568296382271,100.49915914771498,87.84068956033963,91.43418229121148,96.26792484072244,98.99602222339736,126.83074601596222,125.76746515342184,114.25959089082244,129.51897468759597,115.31629469078436,141.0441865469727,100.05188413079436,116.11918330851024,113.14381189279622,116.81529444408672,128.11945976035494,119.14188736539576,117.87553346821004,107.46245458312237,132.44385395995567,123.7587018887203,126.96200077678697,132.508031172151,116.2654785020888,121.71499444979555,149.99991529292967,111.65878714485672,130.8445568218264,113.99066501742752,120.3541617363692,95.64923570067988,95.5734315994119,94.68020999092154,110.23524072199574,95.04788848392674,92.86698027380751,101.7698818191493,90.05952013388463,102.8248452263694,109.83580241363616,103.1614076644442,97.94510765045904,95.0917077435413
101.77339503775808,101.17407874334964,101.83404802895164,105.07167705352084,99.2795503706722,101.85817309796133,93.78076290026638,97.81876530249838,106.9751200137016,102.24276026390856,97.44030079531336,97.4139955311744,92.68231176393289,78.28466885678284,89.67743849313513,96.30995935005105,95.69861185263603,84.22920546666388,92.46384806862515,98.58182222633322,85.5247268087659,111.20117334845102,100.51846475731264,92.89278783551966,80.4807432888131,109.50673579378292,99.22197866693529,104.04494399435498,87.33366364879579,120.98518646205125,121.01481956076272,105.14139812331337,113.6724911795383,108.08080867992555,99.31070488607932,100.38739067349736,97.82300171856753,124.8539348103909,118.64926821938074,114.89679085822192,120.08328843044733,116.63857950190044,118.87650170272684,116.89655294315024,130.3872624605616,124.98667344684874,117.21761437075018,120.45475348864976,107.066635449844,137.0637493781192
97.91882278061176,94.0916772397744,96.71173356386812,96.03879381679668,90.05040035126079,90.39039946544612,89.28409003883182,100.72890644854348,94.57447172990756,92.93700106179662,94.28193540468422,85.17259216280425,117.07982029081543,109.76056269793364,108.85059239601968,101.12537571865772,114.55621516100786,122.92197002332252,97.40296729240404,121.08507876271511,114.41000845588256,121.05577000851926,102.4108246071337,95.13238755162364,114.12943134696262,53.37112473777822,88.54697909542551,57.54553696906086,77.48428832000127,87.7725098691963,73.85306908144287,47.50312882698103,69.48568974934034,81.89601561012105,64.08935887894525,74.69859649015906,75.97788806168887,109.50078513743388,111.4065377305486,118.42681401619524,112.16216562261246,115.6367328173626,118.3043126977257,118.48668886260698,118.60369769191789,112.87629423155556,121.51344171629157,109.549124083678,112.33697468128412,114.63207799693944
68.27772538543391,78.34683461125938,79.16371262048038,78.93242722805665,78.22292625971181,76.29387776290076,79.72225422191677,75.52474253960368,69.01536180062422,78.92007741012091,73.03759800234722,78.24985303486683,75.88307266063106,85.06127221475802,74.29378131451857,65.8554459108638,86.24224013014911,92.51322172810062,79.07260098825864,86.197388153539,63.86736332452928,88.42926044783682,92.1553071543463,91.91199527166953,76.2888914633516,95.71683725112342,81.77868178283784,84.10062047765949,100.20040362451444,90.21616604087394,91.67796965665816,84.38132506998791,78.68782617661807,84.90932743865469,88.42347209167528,73.44811174736863,88.18375924710662,123.16064580787024,109.07687437987484,116.8556662174656,118.74600480844144,116.23070242243628,128.12932466648977,117.2869766061132,119.71654736964804,107.12924443837616,126.78840172294376,123.0177641462886,113.73041938454622,110.83833351195712
108.67619621939347,103.13804839326684,96.79666134713604,101.12652791056036,103.34436859842832,100.840591397193,97.8570153836434,101.03988430280792,98.33191954977406,105.24764217029907,105.35256681454548,98.29140700825604,105.38178441790016,100.03100016307482,111.5383666136901,104.54993274993336,122.96663031257732,106.079706749775,98.5675623806824,107.7043590235807,110.01625506825168,104.21292665637706,109.36412950493664,106.03605626348693,116.58752216964577,80.47020376927256,61.30873067074501,61.76042036984386,67.94994858112793,61.63799134267239,76.00671796265371,91.12030911769216,95.41335558222691,70.32209209041046,66.78389202371905,55.810225504407185,92.69414163037958,123.89029267750828,126.00136506569191,121.99171304325736,119.02571063688364,118.06971226767692,127.3123061368468,125.353877568756,132.38372258217896,132.33785473938258,127.63985868414764,126.00411673826572,118.84706844108256,130.8531129423563
83.27540480121348,92.13400063940166,80.84769513252112,87.42975047394253,85.05190562226447,75.4094377768838,82.88559435805357,89.41727009525808,85.99735756334874,86.02861487236326,84.82245953386709,93.40846038992343,98.83790190993687,101.82187887111915,96.34880167711236,106.22257605661582,96.05205308184924,91.71404532423097,87.2554039664255,91.44503535965318,96.99961026257384,113.50868956456436,85.75583943936024,92.93251007005264,97.6028836376682,131.0421462352782,115.36416768237562,110.77763649124988,92.347010581509,106.92400144193934,128.54131181778044,117.57824494759618,124.73664785657073,145.6692344902971,118.44971826969058,124.15795393693244,126.61550887914154,88.31406532718147,97.15926344200402,87.1630830647415,99.25608612908152,96.08859487028889,81.8145465660358,97.741406378284,92.72192316267908,100.68075833826744,90.548202610933,88.40986757322064,87.46739394575786,93.4055403238655
104.96948110979064,109.37155796709764,112.25369054743354,110.0629571282346,108.66042982674216,114.5785775967939,110.8248150111029,113.463348569221,111.29270756726068,109.37181407707382,108.59614552943492,107.27792416202688,89.35824126056708,94.19842041978892,103.2242206638044,97.7356280108206,90.75501943573371,83.02720915163876,86.37470985781015,76.335000370882,97.86491521044584,91.51054677168406,91.51614712967604,80.8405610598929,88.55161471737192,89.4292815002871,94.31121167834762,99.96120107313358,99.24245099969076,78.76048339480462,93.52676176258544,96.5560703012168,91.14829941910982,110.41548814756123,97.6017683935973,80.32063268072316,102.47408851318043,96.18119018769144,95.46126930752544,101.1471066011649,84.7154538374024,90.22812146216592,98.24189543676896,91.94609976156129,93.02726844343952,94.03159750639055,87.88329182325417,95.26453675748236,91.1961335138695,86.0051267013817
81.14811461019211,84.98785331003971,84.53475982596025,84.43843293178783,94.70842335937483,86.41526464784604,88.31636690417575,85.65457368509752,82.81248322052818,78.29752065276057,82.2956434994,82.19763944631705,85.47127547551428,103.4108657402674,76.35231229431974,79.6959256243934,76.40916566836725,88.04892513909668,80.17590962493247,91.07886248507168,90.03725490706914,96.41265234418302,85.53055166589037,88.78611644135214,87.3727058219168,68.18048458372749,72.53786125536543,70.16222484071946,66.74670190460859,55.73820506647237,73.45771448563562,66.74392535665443,64.54329973741548,78.07615018468962,54.57490759981687,56.80808644767976,63.90546652935704,114.4421870231746,104.74708851481086,106.93850925402528,108.62799069857924,109.11805184354355,103.4049722730738,107.96914565568048,113.72809435393988,101.5062289844217,112.62409892231187,100.33980287782838,106.93420199208973,107.6948041321366
114.97473271593424,128.06945191670488,121.23077375905312,120.3810072107786,128.60673183643752,125.46402672749996,124.58310805674012,121.3078008076554,108.6777361261784,123.5001545710915,126.78417787331702,117.51321852020456,98.22497858619587,90.7535621693959,93.11633835152568,84.75376694230549,89.84453506039745,82.84207080902839,90.29155069562202,85.1740884457375,83.35015114483365,95.53338931835452,97.56837416697029,105.1915053916911,97.95752835395396,111.27436881965993,105.12225395386965,123.44073073871894,112.87695373323793,106.32443980284135,97.32737658724358,109.18393191207495,108.73806839408192,91.03334416520676,100.52422524018102,87.6378078719105,122.39641781339418,99.75788097363508,97.60182644212388,89.0782882388035,93.3698620961357,101.94248854529884,97.67894334792464,96.50422745680714,98.3369887570865,87.91320072199386,104.91966861720958,91.56498725146096,91.91456741317022,92.14077760671675
92.367053534766,94.19855305957964,83.47558771820968,88.76048209126638,89.20437857128157,93.00894946782668,86.55558921860626,87.97159837234538,90.8673165436416,90.6487383549645,98.67476522111151,93.7007254104106,100.51627338965488,96.95561187718222,98.46847964329052,115.93397053282392,104.19184314333512,105.12658759682326,96.18949358704153,99.39142242647654,98.06166005020306,105.34076716480205,105.39364975410533,114.02382941084431,102.4282496649134,96.3653524474783,98.21956000969442,86.56847227513707,112.05156641830952,86.34599425592359,111.7752626233828,98.53073851106984,97.38060260305636,84.8706492712406,96.37006927726624,87.08117139568688,91.6429896029099,112.34008919031214,104.28820802443391,97.01575957847884,107.63701767687296,101.5102657092423,108.12469097429828,106.07772474162984,108.30266453535656,105.29235539451292,113.47336753218464,102.52467712175796,106.5310284524302,114.2362608079064
95.53566709285688,89.0310381812299,97.28707258488215,102.9141780143908,99.87563016075228,90.06326496911336,97.01938283325964,96.85886489807544,89.06747380719499,98.81378322976713,90.12951877977385,92.31315738649393,75.42813476591262,77.42452710708686,85.15041162557958,71.2324647440046,88.72010840027806,92.29259417287408,65.65218836847741,70.79158557617386,70.86158780688463,78.3033225906562,80.91174150358839,87.15305399119168,73.49697127209524,69.08991942315164,74.83269744364722,85.48916852725166,73.94237566849709,75.94155613040165,69.73900113153326,75.45411054292074,68.74672559904226,78.48972856904255,78.16209257688642,82.02349965101182,81.05965179085294,133.50104381961697,115.65796254079754,121.27215994109235,128.8852894521613,127.12611794002156,110.08896403436088,126.88956942224677,128.66453607899825,115.34752970748735,123.24420167185949,119.44884518988673,124.26230782372232,126.4082595543096
105.7529537618398,115.18975860979434,122.51538285676078,106.00722288227556,107.04013874290736,114.5701177557212,111.58409486004626,116.65927669489383,102.116064269933,108.74100438937607,110.50396322230743,112.4219022578472,89.8193178523573,105.5278379717912,81.10589490611785,98.11763261561826,89.15526103376517,89.15458952666846,102.18692644591708,90.36013136522897,89.73971829581708,92.3661500791289,86.75052301379304,98.41446163982036,98.92254300771936,101.24966865896906,118.5184138443424,128.22908779890884,116.60660631792766,130.09664174914448,116.34559452374424,129.4186835784673,119.02758337327552,115.15811197567896,124.35006273061217,126.29286704185422,125.59198359879882,87.29664707984035,93.78860854130306,97.22485000139164,93.74832633242934,87.80606292121284,92.867020245817,90.44032371769762,96.68538715394168,83.89387414357827,99.05464080856844,87.35434564749838,93.10911431351616,91.16651661224932
75.0616413931726,85.04289896504517,76.19937068221931,74.19940892472847,83.52667050322472,80.1988297989967,83.8260633031196,81.55818454846143,67.37540562856996,78.24183887904745,82.69507262433113,86.31604897905308,110.20247661134404,84.75067628327709,102.14842501181188,94.4493536073222,105.74864348800344,97.45212889810038,89.00953378742136,99.15416801411692,97.91471079062136,104.24585651943742,107.29841317574368,96.50958310951192,98.22202059845736,105.07889096029348,95.77368251248797,114.56926469784658,89.94010997773425,98.5686354107911,107.10598612632916,118.37579601906228,85.07994236771908,117.61326098034162,120.98313040324253,125.52802188602152,97.56774893437546,101.06016356545156,91.92806204836614,98.99986837374372,88.23208985124997,103.3723879381058,92.97165222137788,88.02679604356888,94.66080053949509,95.30542639299988,95.13677921433762,100.2682861346646,91.5177308179546,96.08589766922672
101.7329755226113,101.92408150226196,103.53299630242572,104.23570322524452,112.45843076772748,107.6457528951444,100.92723889347204,106.5063305091777,107.48180332005064,100.54139564264396,107.34393007904102,100.99060725940778,57.74628078413641,66.96740590857385,78.4740241812354,96.45077102819558,83.50143789631508,69.90528783788419,82.08496453115825,85.70332828134775,74.19087942225366,86.45201002222522,74.26539269481385,71.9131062957285,83.78295281657417,94.07353218220112,116.04791694561058,101.36081616125658,97.57931513561633,84.38024096117448,96.39641327962356,105.66103695962748,105.99615186134814,109.70165203120678,102.90890421915569,106.46768514319032,95.96359118915552,93.47384199707736,94.53060573794204,109.40473627490596,97.23401358585576,97.81984784775987,109.94567448893176,104.2711390861876,102.41136199601516,98.03204804577057,97.3163343232485,101.93169816612426,94.61438747668636,108.0343937794878
127.95224894068338,126.48567538079452,126.66824409131355,119.86157982351652,118.51691183727456,108.97100421247892,118.69429644233873,127.79893997559113,120.25022856626124,122.28921081369312,116.80940988778907,119.3774971705356,130.1147687032288,127.66514025657816,121.07668309615715,120.78657963202222,125.53263310420716,129.9424747301736,132.97310667707555,122.14592494181356,138.71527395034357,126.6982070634958,118.0798588618853,125.34166785019218,135.6650167143621,88.34192235559534,96.2603376074791,83.92381401234658,98.80217087339476,93.4762916095754,97.27715234781908,117.41163044377952,90.59244361750658,88.6731749113692,102.53304093342317,84.69704978364372,74.38895977842658,99.12463880034076,98.79945701231595,87.63312476485767,92.20326876341976,98.69172126137552,100.93790618965492,103.71157188130005,101.24106623747812,98.64708094661108,103.32028432029657,104.0889032827178,106.7539354890269,97.69099113098724
74.58979472476356,75.13747354641896,75.48954452535301,76.75445980343363,71.64958183848617,75.39227998037525,70.93796251882152,77.7942995429055,74.75946957802033,81.05715675620263,61.72260003086789,75.80490943246899,87.47174231268166,83.65685345688662,75.62558217075438,96.3444600407265,89.18871955214593,89.31342127869087,82.27801497895153,95.75183745024134,76.59531682346035,99.27375974067073,90.13645059225978,85.31059608281046,86.28655493719396,84.94026159978807,57.46318586810297,60.0703476697211,71.84425401900756,68.31590309490497,79.5739459175566,70.73310437911626,81.96402445446634,95.13999402870826,75.64112388468416,65.33025791436931,61.82374395022154,70.86200523670877,67.61953236128642,72.63299271847562,59.91987121821104,70.16425771193201,61.52790104310841,73.08481841754237,75.94592973940604,70.33413896442644,81.09313424946691,66.16285571341807,75.07174807854224,84.02256932319898
95.25379311239404,103.39739014534229,105.03136685923324,103.98927386752706,99.50906343501926,99.75540459906476,102.5944698279534,104.32777215800846,109.71462969279835,100.73220734152656,109.56545534880468,106.18613043556502,76.51148262159268,90.02026944090312,86.23783872588959,91.43731552798056,86.8291953174749,90.4680651736238,83.35711909753333,88.2928042315779,100.72727368639748,66.22442174557179,102.7812002729214,98.34880181286756,90.07871769983196,79.98257112469403,75.22967637169755,83.5443835029134,88.21859396349626,77.72390153644773,69.52784451816397,97.19366158125852,94.65435159200165,80.38924553903894,82.63321840975111,107.49864591599336,83.92807192293463,98.75578657776828,92.66460888706892,99.85354735344409,98.06295251190748,85.1967182740903,98.8738404736102,93.20693924769417,98.30748095363268,87.65827796218025,85.174473522828,80.9327191336979,97.33247527788032,98.11329045788904
102.66952659329664,103.032882792307,98.58627427299196,102.78223064055231,98.4500767270144,106.05955666689712,99.84323759558212,96.303687788276,107.08486532884172,108.4380534818616,107.70077251164706,106.85196359127798,87.80319498575054,92.88787492254944,94.00138499498992,87.34293958653681,81.8930827679212,83.59076435088538,87.1352854620019,79.02360128653837,94.80668500417724,89.40447873603209,82.50463597614727,87.80050429234109,80.52818466105506,106.08180124544826,120.242412097885,113.98924179412236,123.927592541318,132.70152141735628,135.40734106392108,111.3670153739003,121.4724531968657,145.16764894701674,114.96275187786932,129.89947183045987,134.9557486784011,117.3441077114716,115.39642552397912,118.30740901641916,110.97124414810054,115.71609320427442,113.00774916252382,110.05754199458272,113.6171805334216,100.08110814918876,104.07401285615856,111.20322072905904,109.80882052452904,113.2362428389293
110.3637252279213,111.805238314567,113.86887856269789,119.17666026967008,107.80353353602112,114.07756401350066,106.15711082584968,98.57369239251432,119.80884329026924,112.3447421224826,103.01260542422632,110.6267744203855,130.78321724172403,122.55664653812094,126.77569183883593,111.21473265626057,113.33891406075084,124.63513795689212,135.920671888889,128.78753944501926,134.16362170458405,132.7191109603436,132.5849798887035,139.87569353030014,130.42312077892657,73.57723406225199,111.345753765718,83.08861949370824,93.32407384966312,90.18670391225248,101.8271790121053,96.42741842061884,91.76205219372352,94.33861825846458,100.6672546084555,98.78545302590992,96.3739679946559,124.98190136719612,115.86176893711831,123.71666115246582,114.75009299285573,117.87841041078894,112.2797516792704,125.9979131806289,125.14283494554202,116.44587250900756,121.80309286937045,132.6990747948282,120.57904861042888,115.9412860229388
67.9613061221209,75.96436390235276,80.51001801180603,73.44121944444619,79.59319884387862,77.90760986271863,82.73904507610571,83.3876179829796,74.48206197599379,80.82431045101659,78.40789537793098,81.76398464431135,113.01069227985144,93.30953178154724,113.315021771988,90.67027160334646,106.3099447703691,112.3087802985976,98.93905630830048,124.00200109734274,102.74344556901822,117.46928137503356,116.8802998439006,117.8734867492976,111.09220173043292,89.04138286272129,110.61800267295196,87.65523846872217,91.30686830661168,118.0405910475304,113.9205150267241,107.65578080643394,102.2702302828923,106.09294301733718,99.22701647306252,101.07953363620912,93.1273269650864,84.47128888383101,83.23344917937193,96.76883253885735,91.41477063168423,72.48028849706427,83.01524010789075,81.56510899010648,80.00332128622742,77.78390254662756,88.4174931213801,85.86664246310612,85.62467957128644,81.79939286352216
79.9216764711468,72.99289639076439,85.12180078213518,76.05066567983464,73.16531570784265,76.63228148285565,81.25684968302416,79.7190296473315,80.02039768396604,79.13622965464602,88.03406295137249,78.33425574611842,64.73649540198578,102.30697236394492,99.26825448207558,84.18659238420686,82.11137473715556,85.72058709363638,84.74993725020586,88.63240443862631,88.69072693976058,85.43214837791848,92.46859540469792,82.2991550303126,93.15732096066984,93.26516580465174,60.11786449216473,70.94479783285543,64.51639970213664,83.65140272636357,64.05173396587963,64.22727093793915,69.96697889548615,83.33407726867947,71.55882034628944,72.07025853173404,54.90650531631052,85.66097607186906,71.74822672115519,86.26647471003251,78.40279541070838,65.31868383252917,88.81972069467248,79.88737132477618,79.12386694510595,75.25891797044758,75.80784884901364,101.90300918881437,71.60263390882389,85.48401383185207
106.67445083321007,115.80164880037832,113.76605374207722,107.31284968350822,107.90721515400148,107.2757966414668,111.74349215899632,105.25521010967977,99.7455566095134,111.56218030726424,115.0681055765428,100.44106144965625,127.52458867773504,108.61564708338932,118.70351806148014,118.56872189023242,112.4656254681069,119.1132483553422,102.73351662316092,113.69062836391068,106.3745043144946,118.2568339219712,114.10380706951008,102.2324398099406,111.96044268684452,87.45638720239515,104.41217699879192,95.30569645620106,55.93106648624197,74.43556637727698,84.39385491021913,81.10826223781018,92.69026944184688,93.0049529611455,81.8347324846191,65.40788670824315,88.0738920678238,100.8241322690193,109.6487055844157,106.70998683780807,101.95694197520926,95.2032388741922,93.16924380531968,107.08529655800922,105.137291086869,98.47924126930572,101.81560146249548,102.44586176645456,93.76564622464116,95.5163385462112
107.93580192256488,100.21996335690616,117.40258830859084,96.23882604272696,108.96615596743102,99.97155896192174,102.2991422506223,105.67242111942952,103.30785843922044,106.08265918243312,109.14797021189251,105.74277438548845,97.10858677685444,94.5381834382364,98.54008383783444,94.00889779243138,106.3454649150535,104.73034295396955,99.86487238487564,90.79078956538352,110.29773669460316,110.89806748085094,94.28210667678056,114.09508228586502,99.34794465761168,111.0333112178714,108.83558415010653,105.06046434106088,111.50505844010164,98.03595013396354,111.1208724204682,118.2517988226397,112.2555717735092,114.25450845948023,108.96551898406676,110.71757950008896,103.47523628797028,68.49889958018503,60.71167504549976,69.13276153948549,63.91445075565524,77.12152454262629,77.13153804190495,65.68284411707636,65.4209636187342,61.98256207978454,65.32351230247394,70.27938729456099,64.07942475866221,76.62663527661014
113.00217322991487,98.8004310079066,106.65555862125603,102.8781207330278,99.21861185445354,107.96731123244878,105.79765698937192,103.4553741092036,102.51431348635477,115.13651989342634,102.87683058538884,113.2183515593535,109.35134329069794,112.6885614264533,107.59681903813484,95.1492540328618,109.1278569389966,112.84621961343862,104.13243879297713,102.10350274889596,103.26692306438235,115.78813255091396,86.19842079130169,114.73388310251848,110.19590050983628,103.84906712984946,118.12897451245696,111.56837951246072,105.92908928918186,105.14013478250556,116.9457026637226,98.5629674185884,100.22166620591838,104.25427320726914,135.0475570732652,106.37799037629765,112.0980305872331,101.98091598870776,90.23652898080884,88.63959519812737,81.21588603521892,100.87187776021504,84.24967431042793,98.66227263390358,93.20124093649191,92.3429904714458,97.5304215541431,80.39327092884558,90.59804841994251,87.48050290452484
110.82954829019344,94.42977257443609,106.82570472536548,113.50407397109473,112.79314276066349,103.35068714021742,107.95071100382296,110.83562439562414,108.32979132877,100.93559992746802,105.6116602365172,100.77812743899932,100.7614321141715,91.75692890038106,90.47847269819889,99.32462290732228,96.69039790585182,100.24879464771364,87.99584473467267,96.71226686941812,91.55828015201972,92.42855398728304,92.73011787301404,83.90314914149539,96.85054589561612,123.82669858139036,114.75054300686573,125.2779644786888,128.1854178917596,137.8339056148336,137.90310929916092,142.99446257634122,136.77911854976225,131.4419549807959,119.63443520591753,117.25923954984994,130.1992795615219,83.33670802479816,81.98964852931284,68.70811390205662,65.77272575362153,69.64777869264391,69.2120060468472,80.59498187847535,82.23350855255684,75.40183638874103,69.17204817775375,76.52705375026027,68.68119502990817,70.13601491845368
88.45518572354848,86.60482043787513,90.77155068420932,89.90406161780245,92.3535896189606,75.26468807971443,92.0234982154806,90.23018351761752,90.02744858203214,92.39013768647251,89.14500015069201,85.93448062830913,81.74518351069105,88.2516413793669,84.72337872926803,93.26159603930245,96.7220817192412,90.30165494084692,85.10282552504354,85.65811306560083,78.96880142239525,90.89456646066589,98.1834591441428,100.8326803542654,81.50901518610384,131.81630480805936,96.16271402195942,107.25052408343448,125.187535130114,115.24243591218152,122.07485300404954,106.2983787271949,132.4491885380519,111.98250325570724,113.38722967288147,114.7590804387836,124.92734889701528,119.68596431142376,119.12878194115106,121.6256107864035,117.8449769124384,118.28919000942872,114.87869448529884,123.93682109000936,127.85934125170752,115.57889977130192,125.16673749928206,121.54792605775272,122.53276224914146,117.1621243882677
97.9511759137067,96.86835649037756,101.7179739933616,104.63730998600847,108.63670838553534,101.60969517430604,99.35553704340435,99.74918903206422,106.60084114881464,100.8378004083575,109.12500437375924,99.13016659919636,110.3501711046314,108.92881247830157,92.90734908886714,103.9645630027156,109.67098689246194,117.21386773103646,93.8006773393594,91.74341437989102,85.24644253678689,118.49508320060907,96.07316360772354,108.12342885055916,115.51892402769502,91.63337799369332,82.45502050904405,103.88744884783182,100.39755027704987,105.62023839534903,81.35982409429513,115.9362498400115,83.15602914452302,98.0606726013688,103.48030288084522,111.69109934716322,96.8753524862632,89.8858511028084,81.27564656694213,87.1910206436427,93.84981391198022,85.67055423140779,96.72163507427592,80.96461956730815,90.27076566952704,91.01248446125544,87.51074381983769,86.01550549551672,88.94871609152095,92.92297944854272
117.26288611572951,112.60616290016206,106.08850631678868,98.0952632736173,101.10691433021952,99.20336799526036,105.14290451083616,109.34691829427666,107.91328776517469,100.049652164537,100.01687506700466,108.01904599309584,88.73974562276727,100.49235637494613,99.23375147874128,98.06530531955474,89.46324203162101,95.18583978251864,92.44032044111808,85.01916843403868,83.5153646937801,74.83147494303533,97.42537033021628,93.10917553507136,78.23608700286414,112.86350757754198,74.590968708742,96.14738303042536,105.99047166423873,119.17870336205992,124.89092234157596,117.10756481869498,122.42214231838012,96.00122814571912,101.14261347994729,105.84255426775044,110.93074732039548,125.28244414372206,129.07095218880465,114.18099877560452,126.87171167600088,116.791919922388,121.84641597579024,124.9554422504204,123.01567531608316,116.6243655675992,119.16966965299916,123.971839592731,133.14970093359366,119.96289459206078
89.58082089967692,94.33381417631765,87.80772167890933,86.20292168940709,93.55735486493757,81.12834965229976,91.10543020987778,88.19907335487346,100.0593721165202,89.23039304442962,85.25573045518345,91.52715600058669,110.68031700892132,124.5836488981724,124.16331383843108,117.8577160778654,123.54848415791152,137.69103595394992,135.69688843469177,138.88764213072864,136.15372000852983,121.7312336451099,119.6501142032116,140.1696004776052,133.5256124697366,91.76666885353796,116.37184162898298,95.46721466238954,95.7376287880814,87.51069185282783,100.81082269335528,94.3536925931761,98.89806608853874,77.44213195565088,92.33688474296495,115.962661381785,94.05640434389052,107.03262965025192,120.8460150747822,110.54805879232065,117.54405105890255,111.00982907213502,109.72591828590907,115.49082031952338,115.96254683981404,110.02975591149732,117.0849600344364,116.294216855822,131.54537524455046,105.90296087936076
128.05626412673607,124.54586594128271,128.82892254851942,126.11063576555166,122.52694816519478,121.79948447605848,128.02251000171103,130.61930108553287,126.41013439074072,128.67338006420653,133.03799060135142,127.19392920508906,90.30256882557566,93.12024946866782,82.41741938788033,78.11315408465767,83.46321131548821,85.81617428844653,72.18348246318973,92.43264145119711,77.73796599355501,92.68732125017712,81.80921403244814,91.71811480719836,70.83893713336786,150.22371359793036,132.9674764684439,127.40694312952668,116.77898311261802,124.06163639669386,124.73777686566832,126.7954651672124,133.6548467810457,131.32641492097414,119.95803774602354,113.41535291470588,124.46908193589768,88.28662706886672,86.50612249834735,88.3948190902142,78.24507479806947,96.19213765094348,92.97650580802312,87.32924500252687,95.51120138087244,89.62593674879014,78.67740064760864,89.22566561694637,82.72813909364815,96.83347354910904
106.9868683781268,118.36967284039837,113.6954814917166,105.51891832989564,111.55873131785935,107.65453617284166,96.6751055218214,104.7204402827128,102.40238031034492,121.69836158897728,106.885686536119,102.51739850548198,116.84199188869424,105.95595280294572,114.75465616397106,136.22537243909358,127.63248847203938,108.30699896137185,118.06097746040513,115.9492382391874,121.6877207359038,131.7826542616906,128.70468450606432,128.2529992087858,138.1286597247084,124.65810551656904,107.98878025630567,126.16599478644292,111.39801398389172,124.36184076205606,121.30064182345296,112.16493781287576,127.30146675675114,129.85799934750273,122.15079963481186,112.01391857852852,107.60022983562548,93.51883065359743,80.77104632262643,88.28428170293179,91.5411223333894,86.94393267558523,87.88769139086514,84.77711497138739,83.70160978263183,88.04285199864066,80.5660380146792,96.4588952260646,84.80443673111951,81.25428773667547
83.12087134579954,87.03927497691824,77.09773471556205,88.5386665169791,82.98964424092792,88.77365168320142,82.93289566182767,78.88131311447309,83.3608656185423,81.20971846354425,89.0227843192293,82.59233150015989,91.49426956612857,104.4085151636576,101.81779830575678,98.87679430755152,109.51297172428498,108.76889537458764,102.35058723966644,103.71227156562836,103.57465213434062,102.50977895544656,93.05425377332556,102.11595379452886,85.97341945278801,115.00084450970252,107.07151666266748,91.9637664381594,103.04998689970088,104.06375185928198,87.43434087834105,101.18731996029612,96.87551245282349,111.80332277882688,107.5878488077078,87.07249085039709,78.69518838315649,92.5981585122953,94.48435993877764,97.00037044551372,98.4388919414595,98.7353469136655,101.10203033125096,101.71205184747146,93.74711940442458,102.30121101142176,99.12122018443414,94.87164159565611,97.969969031728,90.68576796957454
109.12650206988772,108.22414721196432,115.54769693515269,112.63675943313308,112.61456022943136,111.41422649883232,120.91095932649364,110.26914528043592,105.83690399380971,104.19741048208402,106.49074309460472,102.02519349282842,101.26175906602282,97.77006554617532,98.39075610523592,105.49678612701258,114.01567036983737,105.56769594105796,114.18301176489848,95.0577037321552,118.93163703524672,100.89751102544363,105.8501634558919,109.41744033455946,113.70429122529858,97.16182402626288,104.89926213494694,106.91462085116488,95.64738601402166,96.14530650770848,113.55945244785572,102.520963157657,112.54756691505452,102.1867988158892,99.85400117391085,90.91169723422692,101.19482614910018,111.11756140993477,97.18815687201077,97.99791537312387,97.713794616774,90.4194209661618,96.8022656447709,95.67898467533976,105.7249491745748,108.10464436907232,87.79977196193559,99.4461829792501,98.34511221753898,93.90114931691171
82.511464912189,72.88274637222231,91.9653502832895,79.822485161905,79.50180191846592,82.34725800551148,83.57957860280526,85.4439181643086,92.78957878877286,86.74482853406211,85.10588314489605,86.09690778087764,114.67526030206064,123.47553703230544,111.36369672582693,130.94493918718345,108.16558244738415,112.0817283322353,100.55184800177008,123.73189675540117,123.09740373900664,105.44281850755816,109.1766358056389,109.29690702838133,111.84429161935158,132.25411543457133,127.88208826503704,113.2747802354101,130.2742622676226,118.15094982770124,106.96063686610556,134.22501677524292,117.90499961151856,139.14265129065208,128.82092119369784,113.39069725230414,136.86653613841665,112.22496201682232,93.8343776977552,99.27072839726613,111.9867428192194,105.79642344348989,106.71940996550772,104.16390811364396,106.2818049940617,102.93267091038096,89.76538304065355,102.76879765896878,98.683256733493,115.49278065439212
109.07197434993482,123.26098191909048,111.2159264211814,113.0387929482968,107.33091984475377,114.0857900319903,108.16588356686016,114.20540423297096,110.39017886141062,101.43306886840494,107.19420413191702,116.16389098657646,90.08809728835664,91.68261640557782,97.56886882484646,79.3515232481433,89.73021033391537,92.79704735485006,89.19598267560586,92.50814735808734,82.76758054440396,85.81653562099447,96.18744984643888,90.10544897707489,87.6134400162235,105.5678934527608,120.7889817180704,103.58261558341988,102.1073468971574,107.98847217943351,106.4853227863369,128.38020871055355,93.94416090960434,103.00305379824198,90.1124175693718,111.84676397441362,115.99446863208368,90.76083956032456,87.26330749033872,88.49084713741992,95.83683099845696,74.5287808401192,84.45045213967161,86.9054970540554,84.88831573109684,87.58684274497749,74.31564673816831,93.0524377769106,82.84866598319202,84.40958847340985
117.21516733403108,110.43107135129308,106.7696591900681,119.870042427595,120.365074776378,115.08348213401612,119.24567648366803,116.03570491856236,114.55105184574111,116.91914977208974,117.4157470922289,111.12293800194269,117.3482611681369,107.58048311440432,119.28980026833976,119.33516870361645,118.3318682098217,110.203860474823,115.22877234903574,120.56085775941182,97.4231611989803,125.34779153702908,114.84626311835665,105.7451885337232,114.44689902222164,124.4797684953798,120.48020872580112,87.02741798065027,125.54247436853446,107.73087600649669,125.8239647521068,125.37321946259136,113.40185746498194,104.20109363807106,116.31088624090783,126.04768196685517,125.65651144081087,114.56098281869156,121.89940829193192,119.11052926750898,118.1234645884882,116.25273925039625,121.24473317044745,118.17914937609892,114.06956423642885,104.99986992872512,119.15869443583529,112.25650530266628,112.63835677432976,110.45571447057164
84.97264136905551,79.46277148993988,84.65065528925217,93.39051041733067,82.94802520360334,84.21676337890861,89.2516562770572,78.50796630587236,85.33318661896875,87.76989163620014,80.29703053973034,80.02717384057603,48.67092723705308,64.68957091345541,59.21060158914682,72.69873240774714,67.93082439375412,61.20307305239391,58.570391044251565,45.66609539182203,78.26375624208318,54.35930065603958,59.83890356471648,56.72252396337099,64.44204488254485,83.44575781231148,58.29688804510703,88.01626682229599,68.26093767427025,74.75171217094385,77.48367822593784,58.63899622622286,72.76549943514917,45.27426816410728,65.39548924400759,60.30237790984084,59.75523116322539,98.47668064698834,98.60410102157826,104.91337150154985,102.49740184477876,105.53137022942134,110.84515177694608,102.43731711813496,109.80723130415352,96.45732283305234,103.51936674842212,102.3004573859756,98.30782038515508,101.2984106512824
110.886413025279,119.56349409871304,120.93561467147038,122.35334537150668,116.76667339916044,108.67882859749992,120.4143177657469,112.28677252072288,118.04272905602303,118.42364385339089,112.01247483389,122.34783139713912,83.26106603822504,96.34566377932892,75.05510874001718,86.60129358968254,96.71191275130926,84.46514847092618,69.38582046665422,94.62125381707004,107.35208989494654,90.01154071558818,101.66695668280674,86.26708597231945,81.96495298302396,96.4906733549178,115.19617606620116,112.4239932507443,114.38119985858609,102.13150203309009,107.98387068682572,101.46116351612004,97.4637405225354,95.1065145165248,95.19559895345245,84.64042834911616,116.89181618007277,93.30270013591382,91.39311108844346,85.85019116037087,88.87321328455687,86.82267793666307,101.3918136235061,87.48763870269157,88.84803426053548,96.2655051672272,91.69928028521892,83.33826497381895,95.84970448226407,87.4980973886595
106.72386504250696,118.39047593574384,106.07737359255306,101.11624294490814,99.35602487174624,97.43256987028887,99.90237312450304,110.16080623976656,105.40297898789004,111.05982515118671,99.01044457940688,103.13291570652456,85.21108131131174,91.27421087275312,110.08154245036914,93.01610418472278,85.62803522723324,96.33323595975898,90.1477779643542,86.07766538040799,87.64668666131827,80.10939673099004,91.43750702883042,81.05661493291069,79.61275608853543,94.30095434283322,100.29180480862388,84.59500217039758,101.27638877006224,64.43131479179823,98.61810576590472,90.43756918366635,108.36923826167572,100.4347244624015,74.781346655592,107.04540576010076,91.07538391174896,97.9677848306602,82.21768418955128,81.81025340290248,95.25292767158209,99.01794351366988,94.08408577617092,79.87878113478658,88.11666668861204,84.6641611720522,94.99031858273064,90.77923952046216,87.84369146145602,84.86307879524787
111.05601631281309,119.25226649246994,107.3343912384428,108.27661484386566,116.5717734632507,110.38128386712012,115.98780366279232,110.84402200370182,109.12256829926544,109.81305430537876,115.80051856587365,118.01064162963644,96.38050815569322,72.9598398973591,95.16428157660869,73.34125383673634,71.16522859499545,80.28870490545518,93.35210062314871,88.01284238075031,71.033503849769,87.9396020552158,75.67459488541327,82.29138183561129,86.39424873532667,130.72572239960715,127.35302789563336,115.09911293108996,133.2859959240993,126.10696013132537,126.06400072992436,116.04444876145214,138.23850434881632,119.99764297974605,123.26671016403542,123.48802265405634,142.09501295231047,93.53954921847853,100.89969681189184,100.75945851685864,89.03639859509721,86.44973729850823,100.34512508948973,99.40310265291554,95.74662504798924,104.62100045362344,94.80002715870503,95.3692676120412,98.0766726722474,89.42007481148075
135.97185968272265,131.271440340071,125.92802013366811,122.16400544523611,122.28927816596666,129.24216218940987,131.40400504606652,127.21997772723648,136.77865432792686,127.69882466665952,132.03484143860746,127.68190641382004,95.86517712150568,92.90354043983903,102.55707602792212,91.28181826427692,88.784186418851,93.71500668703628,97.70897143817176,104.09461981359853,104.48148969996724,92.4658671860442,96.08876622243363,94.18383062321112,83.11693379961892,128.39602411585554,144.97152219465517,118.23949277905405,102.13591829401612,115.78026771891236,122.87412079840465,111.40656628677364,136.5303719681771,127.80556672642044,130.13618117845485,112.03307860483604,113.38510767490062,94.11327176427926,94.96566537144072,86.40058837125075,99.43002165457216,90.92831831608407,80.28030631768775,83.18239078327106,90.46020421728733,78.97216683138213,89.35725262178686,87.38203728126386,82.02667839997986,93.48176887667076
83.06432921799188,99.29294996828337,100.5222783924797,95.14907896442205,99.08067794835456,95.8360599098825,95.6084455752542,101.25106078948664,92.0383290566482,92.48857410690358,87.66786460753522,95.50940417525032,114.46802763201848,105.75366682575395,99.76061926999766,108.8659808511065,107.96731763728074,98.38684299697124,97.53740109637133,106.31252703852344,104.92238003462457,105.00549840149012,105.17905924208814,109.8041272855412,101.11241677718874,95.98469220558496,96.11431590790308,107.66133248471412,112.43401861665086,117.38075905954636,101.34730964000258,121.46380926024987,101.74032293329373,116.95537097235938,113.31362105078472,103.24184494722049,92.99284185679304,92.61433928663146,107.95848745831957,100.42909904263271,101.0445776944212,104.2076110371258,104.6763878407877,104.88892745488867,104.66863036041296,103.794699658202,101.0311125287934,93.7818327397818,101.82139587726104,101.4818548109354
94.15149179424998,92.9610353285392,91.42762537564457,91.02574940686934,91.82211220286769,86.61412289490087,90.38739412424611,85.13409139834305,88.87178790480263,83.0536447605992,95.36338626214052,90.88602103212088,110.84834132776412,110.2098227562891,109.63116268387388,116.9284333623743,113.27770461288436,112.69010629067871,106.43488200657532,105.73326286472226,109.6360509926367,97.072842913147,111.18245655849128,97.56133507113948,134.86539561076512,143.8971056902463,114.0358849658128,104.11361542631622,138.30754692411145,117.1800144729658,121.14388547364172,126.060599941628,125.61308085511509,112.0334950563874,117.56158585011175,125.0789163873972,114.5617652399692,94.0926298034486,93.79351674493668,97.6051752282101,94.91627474410114,93.84355764218375,101.96717165867857,93.29426034725586,97.97273681062174,95.24714484539648,98.4555837537808,109.88127331461982,95.99586477743912,116.17764685134458
92.8877095181053,90.45192650455098,85.46262305976869,91.59395613856266,83.17342446346927,81.92855325213326,91.80457096360894,78.94326746440265,89.9188143136683,88.20675745252032,99.14435918771642,82.23728927188495,99.74388225850558,109.6111151615129,99.26578791979398,112.58064345725607,94.82371637053105,105.11000815900684,117.77245589925089,109.85072081544207,110.76882210284715,90.7062054683666,123.80922557086608,102.70631300514772,95.86904764129189,113.797398946485,130.9276320749536,125.3308736069442,121.9254749566729,115.77028416410148,109.88101536907324,118.41538646308412,114.80959925744482,131.5317151178465,134.0788761761035,123.51995314988794,111.92553409554746,115.333917245663,106.92435963512683,106.94608252534456,96.53439792720545,103.6985051072844,111.5057937618506,100.69213625248145,94.96910219670896,99.00291845151258,105.69048455547971,109.06606830720833,104.8897829040866,99.67214490220157
77.39589456347768,89.1688028453653,85.928723666445,87.38309060730582,90.67297856094208,90.80407668394328,92.12442262566069,86.95969012789097,79.60617017343307,81.39491798253543,87.99287765920013,88.42533144299667,88.04080263368128,73.89538816654394,100.1254455393679,102.57162672211274,90.37115491371097,93.12199493601685,97.29429835348128,89.53336203135578,92.68959600158318,90.07598357316886,92.98141316828476,91.06701114801676,99.19702036067484,115.7049539652169,94.36672150975724,118.82251880351896,103.48256920562072,106.19542677851236,93.43286514192592,109.28213578246934,111.07393518046712,106.50573080544945,107.48152045964888,102.60141023530728,91.7456532269746,126.42261326763584,135.09613635036322,124.6881298656057,118.82800720074144,116.67266909216062,131.33815123937237,118.51022304795691,132.68442867267422,129.72830853659,131.13320347359866,135.0778721309216,134.53001287971276,121.34047466820408
97.1300363883867,99.36447987854784,96.88468361356934,97.24423674251422,100.14568567545622,92.25781475905552,93.1283777984198,96.42260460254477,101.24477686581808,96.77033985592912,95.6379030576652,96.93602728466796,104.18788887114648,108.20986300380554,107.6352696941922,104.99567409893604,110.58504142315178,97.31723146733648,110.65545951445216,98.55296693915638,96.04872727925796,94.93398932579542,89.2480260065393,103.05021264868247,100.847640417667,149.22966264239426,142.03417182792683,125.73954322679984,128.17068978517003,130.47453290640203,139.52675499759485,125.29554533840944,140.87734113684874,128.47162670174686,149.26508832982285,125.5287081823977,138.11116918413703,94.78232988254038,101.07130785076716,96.8936498741348,98.85550664483148,80.93508330654554,101.31561202542454,100.62099349779996,91.29365758104312,93.95804658785896,96.9038895024045,104.89520500919214,99.57923230460284,107.2158878146384
103.2600752922707,104.80431398275203,100.50522869975714,105.87606958349336,102.42307034128596,108.99741919146705,109.21807055602709,100.2860480234834,99.8417412448474,100.14140982275346,119.23893257726488,98.5148124052245,106.69345133444868,99.54443458726963,95.5909745558841,111.41317946414348,92.65447216270562,89.05483583227019,104.71558609103776,94.50306757110128,99.26634994210696,118.70497853743878,97.52189364902704,100.48514382428893,105.93664658113993,118.538770605991,91.19980015155976,100.33373309759072,80.04609764263265,91.73532069743185,97.03867267506698,88.56976223124363,105.20293896287676,113.071991962405,96.02797240641416,107.129011141719,92.4078724614479,123.24541296886102,117.9394261069299,109.96162765688848,115.03061408650852,108.66171064527728,104.9636192216863,118.96205325061514,116.6960732371305,111.97426360174784,112.30563456793956,118.622871819632,117.00019030116556,121.41683019927603
97.11280351636118,100.3805390456169,112.2272404372975,99.97464748180016,99.10758856956924,99.13927689531666,103.8269189647877,103.27346971045682,108.26427589412027,106.8987779214016,97.55551949843772,105.83777236358227,125.03773265965268,107.33283758796864,110.274801726042,111.30240377144705,122.88082013347557,119.04557293909272,108.75174562151246,102.22352718854118,119.330065948331,97.54865762214224,98.58186581907376,101.35887443320138,119.27568804380998,80.89991475788317,92.77976291564252,118.81528389753896,89.3950330895375,101.87719957320544,95.2240949231423,88.75176173431892,113.6653038594902,93.9051151894666,78.79718079311462,86.81351479739266,58.2184324525554,110.91874028441654,100.61395548282457,108.97395874349216,96.02827791358035,99.74406130106354,102.9098077349847,105.47556190045512,102.65192556225142,98.57086077332612,101.3887365066388,96.59011590227686,108.3470500596208,105.75240108526164
108.51866529758595,111.00437335120648,110.79614638948364,122.85544234401422,102.59462027717746,108.64557254877518,112.77211922561791,114.86527697177428,107.59449367594549,121.4148992318728,112.50828106988584,111.09120970115076,114.5314973254633,105.71415632181596,120.62355568453198,118.87078103667888,108.63380135549414,123.5311854389848,110.0494810987266,107.57172126746823,115.73606832321288,105.25264815465992,109.01566448760605,114.50586738132868,120.68570442543631,104.29977394986804,131.8964930291568,119.30960512567287,107.58669843412906,102.5834157498695,109.754552134378,129.5332216374155,106.92845898929004,109.15055901963508,113.6899473529926,106.93239227573083,123.73082180296636,101.95086286306662,97.74699441428515,95.09953872182466,94.28760075218776,100.29187255638794,93.07898191210126,89.91071754910013,97.40099890274765,107.13651422120384,82.63886027480879,107.48665845595434,88.00498540468361,89.74418638099355
94.64214915083946,91.73024430719168,106.28082098229608,92.15672324257832,101.94327861466708,92.86110242509022,100.56101333317709,100.14858557032952,103.6588735374129,93.68708846415194,101.09313974132822,99.40990423594506,109.95376763874349,98.74084489266572,113.25792898337326,102.11705659162688,110.51805110942264,92.24631722969026,99.8337643233813,109.27868257740444,102.55327880367724,100.59075314694984,84.558664370998,105.637994069346,98.85511559430722,109.6125696244817,90.6372654653885,95.95237723771984,91.14463171934712,80.12040245087076,86.05715510554711,92.16433837508156,93.43172353409211,115.80927121704502,84.55520162316806,101.18115719438104,77.85220173939123,94.79322343425883,105.63052002896993,101.85989294945004,90.00499863418344,98.6170594610964,99.72680649582992,93.73802848606748,108.12001478097264,94.50769308425144,99.91096822978496,92.64680004540642,108.52614039306955,108.6825885570991
130.56436337447786,121.311313023386,129.409591416972,122.72671405183836,113.97899730054948,119.29600042293156,121.05179621336843,123.33791652079094,127.33217648883333,112.53791874287192,128.52874925962183,115.75220644028896,78.82288700654367,57.732524071905,98.76785741547113,90.10662816423654,82.27358534137394,99.25673517607471,90.9377994360967,87.96384330522461,94.00858854338806,83.62014140521487,79.56848113903372,90.48950326121128,102.45228201761998,82.50970509062032,93.29158119675044,106.34646118601344,,118.54007665786678,96.34910202716048,76.86302676789853,104.54680585234507,106.5077640605906,94.04504554630331,113.31968628702576,107.17237948578978,97.39609840685318,101.08685767305182,91.95605447827514,102.65341469814427,99.67887661879612,96.62431423382338,100.52348779414856,117.3472935442102,99.42691716707584,91.86293612854791,97.50715811802948,92.78406390680502,98.68498490385716
100.70853946716797,91.08719196567608,101.02170199217046,106.14817859757886,96.5068684986372,100.90670979382055,101.988684986966,105.09718599400776,100.33733012959468,95.40571307468032,97.8288423770646,103.98714934024468,86.88870359200655,84.59543109618639,96.2620041829506,93.59381065469508,81.99274379944535,92.47703613240984,102.27709881665402,85.96760601513446,87.31201175998068,81.37258400920743,78.03997542544583,98.51556413805623,85.49105514583735,105.07692735035953,132.84830424782865,117.13286301066664,113.80726469259126,126.93650373677008,118.0731989168777,133.24217569251957,111.78716230617658,130.39442185761862,118.12932492023182,136.99926204122704,121.4536622574593,106.06628855827162,96.70686707974488,114.5998144461949,103.86895601924697,98.10998587622174,102.5408409593634,94.07006716717706,94.3958911475316,102.9850340142368,107.9748279606368,108.43792929968475,109.47448160013688,101.61246484495304
147.16031297381508,135.28459091276542,138.64443593525405,140.83653672164428,139.48529641843305,143.38067794106408,140.38394769959822,139.08814319105647,142.0591207400348,140.8810264786331,138.30936801990202,145.18610843077488,85.95873933176817,84.74664100825916,89.73216065500841,78.91551952704701,88.08806368669575,91.69665636902286,100.69986469977452,98.19200711087014,93.18251780718208,84.08973688946736,94.82644102916932,93.36539645168952,93.626922914226,95.40520491614411,89.77786328039211,113.28459563629345,100.17821956697496,97.6461899333154,100.33971418867756,97.22446914163548,98.41229457049066,113.83721209847744,96.8990064697676,110.84626516792476,121.46201094746247,89.77658457459889,82.87393847599962,93.2744327527948,83.33977348621077,82.43012069746713,88.36439195115568,84.16337885538805,91.513625453713,86.93869089206102,85.06764391766369,90.14943324483988,90.0916484452534,92.46794694322514
112.99337053669127,110.28448097224248,111.40366066815814,108.43481504146764,112.78072409366608,114.27712077661528,103.78727957455924,110.77675338969844,108.2285055018266,110.47830675026158,104.62908836453532,114.205789637335,97.786561718255,99.53327066583716,69.3388943886232,86.27803012036998,94.5098200066376,92.09061541888994,83.91593014488784,88.61119201746905,68.26637218983537,87.34577237126226,95.2753198922872,99.10045443646366,97.23322044899702,76.49467099159305,67.6453008038997,70.58143287636827,66.87246327426897,74.53996100835103,78.50851655006751,56.08065304658633,79.50423121004007,68.06999311077821,75.99032577432833,71.33401126735257,84.54430792059658,74.96899280421428,85.27557148165945,66.56110823037194,70.29122986792034,72.44033458911053,75.42706556691284,87.12132636834079,77.08240761225963,74.33147256652988,78.65062082750815,81.45331460999284,72.60689607929693,77.88612352080312
81.49737779766961,94.10264808547876,87.02165862180118,85.35540953970363,85.63240915630644,89.75334938342544,85.17498737390711,84.59656984076008,84.26053877208153,84.91103407758403,85.43352755252508,85.61541314154735,101.149089332411,97.57654295376211,106.39803660431208,104.84108793238649,100.91291715967444,92.94461225844633,105.8127161650547,,100.4235548631038,101.7269828552858,106.44445487383616,105.26948232150112,95.04501145425098,121.4320415542257,111.27540202282788,85.91797473037818,110.94503414323825,110.56843439889953,103.70428790888056,102.34295593810386,102.25557810400964,118.00800178827474,112.54135398193412,90.09946012673332,100.4637448628882,110.83888356583832,111.7629208242207,105.00283605173183,108.01352730077754,102.46461685993528,110.5440101395582,108.73472760703189,116.10158798438944,108.60955749486423,114.01643592575137,107.4127300141396,115.8677777227147,102.82044038832284
81.31401119768445,88.52819555909488,79.41810322543267,83.03465412027128,82.28937359734786,78.41826338643148,84.83008611313569,79.70481392964845,91.29178598316884,82.93341603495615,78.9019757243576,75.29069808156622,116.56579934819445,109.00670545055696,110.71298578116809,97.22938321479153,108.99960447933596,118.62944397931768,116.62172261326404,109.29057287011676,116.83883912052605,126.34304856806028,109.89120474337268,116.22802160866082,108.44063781208791,87.70293716491051,98.939710552947,85.64256527480948,96.37220282818848,99.28897081034827,79.25904375728989,94.76563528026313,102.6454904115052,,85.87824048145443,103.60615217024302,82.53496069066097,115.07620529350332,114.18622995817734,116.3376638347782,110.98349020064092,109.90966092679534,104.35538614347304,104.54058965452715,119.21543594579386,115.83556954268248,107.91271489067329,109.83026772458604,116.45873408719874,113.71367308571035
109.68395903478738,99.3845832105319,108.8588826372558,114.10132860203043,110.89643975008926,105.58314010701,113.38316015013304,104.31254796155892,103.73961012780956,109.0746382813508,107.4762128275712,117.00167314109534,91.7852059117098,111.57143262605976,100.35307637534017,105.88290843036738,101.90494080217886,93.0283687132685,104.1841022459264,105.46626460947616,96.1100638678322,99.856717977235,88.07883760313399,86.61538251571235,100.5253275986766,106.8966758787728,125.18383127022894,103.31172206065116,136.7829448210631,105.41931444626807,98.99824696023036,117.01955902474788,97.86982174124826,107.53283346603524,116.93604242549824,126.68602724846797,128.00634416741104,118.90515603029355,107.86044429256184,103.26616555514802,113.09089769929962,111.63161180262004,106.19012863148168,107.54008200598524,119.64300633523102,106.00649466402407,113.40002815214778,126.39173290367886,122.5244093584556,106.49644468261744
90.5374191756525,91.69991753726056,90.75285926431322,85.5887486634647,98.32334836553282,92.74706257452492,99.6635316448564,94.2542653625038,91.46272785226223,101.85021268333642,93.8270773208098,96.34257068008289,100.58611960507734,108.19668397703047,100.67305059477276,107.21431954881224,98.87243686013588,94.0034184126063,95.20800171140772,87.62404485115108,96.5120526847702,109.70507573360727,104.35004277254498,93.093224074683,96.78490347347172,113.55674511435797,102.97062741518884,107.6309056154194,121.6996450586283,114.1043109970505,136.41721781114592,128.42699552904187,121.6705581397271,107.72284601431232,110.59100583669874,103.72308420385872,95.68413476637956,106.8513752519578,109.45617536155368,101.53501578536714,103.32668814704886,98.88874916180188,106.26084168156484,98.54042632428164,104.03436976932326,108.860508418116,103.93030659372307,102.08869664734809,103.48485278639484,84.26853342224804
114.27499956224332,115.41386335132246,116.6484043536892,118.377175917863,,117.36288193157658,106.45733101764615,112.507386399117,114.03685208654554,100.93476355978996,103.23981844493262,106.96600843128113,107.64445786309813,109.36776577454768,91.53949727940682,104.7669589980224,101.620695423384,110.0850050540957,125.46246830114696,95.34801260848282,93.81797096080152,106.2054053416252,117.52739105715568,114.8447918312648,121.67698629865234,126.76697005544185,128.03109195235902,119.48016463169152,124.50203580578196,117.00396346039544,110.7728549198522,113.54332659679852,128.6828599706579,115.85035687304828,131.42594918128228,131.28289560074344,123.97980458168492,102.4675595427876,121.48284499873289,114.06816012766012,116.2607300242754,109.5673533952495,104.12721671162048,124.3502220908187,106.1709105020692,118.62125252604912,110.39968441594256,110.53774110396633,110.85710942266375,106.21810825889854
105.8969373778125,102.18612740091164,104.77547788211122,99.97877860635244,109.4449023176458,101.11462113647164,119.52451395199763,118.84394330210696,103.1178803526707,105.25386717344588,113.3742933104777,109.18257224101876,75.73899810269002,88.26244085972809,96.7206887578244,83.29234820095152,78.58760910939414,77.19755272964109,82.04474380436595,79.15545503025864,100.28834744484809,101.17231948687268,95.53512093186728,72.57793372624526,85.55243091421866,118.02538273359318,108.95190251644868,125.58721650993954,107.41034154521368,111.72317206676422,108.42673449924663,114.08018571454018,107.92469863632456,121.83454883846208,111.72706600082728,110.29120657258308,112.30177987939372,109.41965353934482,118.28057012836533,109.59307991838024,107.79397612922676,114.87092425572548,118.17578585587512,120.69550987334053,116.26733232251485,114.34039114720956,105.1323181856759,106.4200964446246,107.61286022274793,107.53502196505002
97.03346227239892,97.7844005601618,99.9133645895111,97.57430466397484,91.22970569411136,103.37605475709246,100.2314428650368,95.32734912876772,94.15724882281629,99.97661027985222,96.4192036930017,104.7431702501634,103.09216659399728,90.46337436967288,91.17684664761046,97.16022764630377,89.25270026343944,73.93033365001033,77.45360856202726,84.04234236088149,90.50682232368024,63.719401714606974,82.71171934081512,84.9976926967529,95.55451188047908,114.57380217535751,110.29710791976466,123.30659152151485,119.29113777161096,117.96059292952002,121.52366728001032,109.35797146908676,107.109578572571,119.02577080632152,115.56439749712544,131.36643308998828,112.9214035678242,106.24174016442382,120.46999011299656,115.04747260554689,100.65197137114536,108.80991387218008,117.66083651613224,116.20005298893378,112.5224258411887,112.23369868590322,115.38587056865528,113.28246247875006,101.35430875621728,104.88056972856604
90.85289406999138,90.04835472409668,88.71453358670463,85.15187212748062,91.08203762890884,91.76286357951776,93.675047918969,85.21496770089661,80.0800729181251,82.70821370592024,80.95741020409736,87.1828414485466,71.40321646130035,71.7972491367106,79.12714179681663,89.96611665808622,72.95480515880601,73.5233575922747,75.53719219043197,83.3598515693988,80.27174832292404,71.23276737115351,62.24389413149579,83.0466312172039,80.52011004552965,70.41268745875281,101.99567642085717,92.59620347368828,93.22950819709789,89.89676286740759,93.57215469359112,74.54161965606208,69.16072242550979,85.05130445176317,86.21954411794523,84.81490197389648,93.49868844241855,90.51541220353832,84.95465023527129,82.946908252257,93.05344493945654,79.10308789394094,85.49750806782957,85.0484320954199,85.7038283890635,69.16327899064107,91.3276149463842,88.29502448333672,85.19752229136134,90.55836687255253
79.49860818714222,72.43556935539385,75.98276676119164,80.22005797856562,80.33963559978004,86.42539263829246,76.51871946182588,76.96167656415578,74.86274243240943,85.93313978854852,76.43599595727432,83.6701674694089,73.37244031943753,88.0040139434314,97.145375657434,90.7493742484147,102.45510347270988,91.91903506088572,106.50718406855772,85.5291819516187,75.7630479331838,100.02984301405262,82.30822386276719,88.82667430451279,89.46186255281273,102.8836375472942,106.56425347976167,112.03034332503158,106.92666654830091,119.41546642138326,117.26845436397326,120.91507116141707,104.1080473142192,118.80484776990576,110.43731203877256,131.84631031384257,113.9553960434443,89.0846431457108,80.54470845843711,70.08063378967181,77.92952796439145,86.92644417228797,101.53812767569532,90.74950100855888,80.68837975845076,86.09146983860731,84.22733519854783,83.44836579045476,81.89033267712728,78.88103649870784
91.49744488989928,93.82915324972448,96.23574472637104,85.31165395957593,88.2188600761122,91.2538427558472,95.96907194252192,95.28126996254342,92.88870059951222,90.125226317851,93.64413354883295,98.71727541157902,108.36193298763108,110.3746645489892,111.9295949583898,111.1814648266267,99.58066046098514,110.9750589827682,100.40762299338344,103.0117102934516,105.81358145289174,102.52329521702214,110.72149905159328,103.85709322741124,100.17550936819885,143.72948019307896,132.30881530061413,118.9381892518244,137.36408330793313,134.39763493156028,125.0995986450826,134.1594650318795,139.9985358904343,126.77494496654089,121.6918880569456,137.3879748163868,134.1007767683218,94.7807972123774,93.23339025772084,100.06415317170632,87.5299589806244,95.76655918976564,101.6300827658057,87.37070346441318,100.20947471334672,91.82347886734276,87.74964680442807,96.46182117944326,95.74381039406056,97.04201850372267
118.64263093167332,106.17585444026106,110.47146363173948,115.1568452452618,111.62557954648108,116.4075927127529,117.04332443744411,114.163735974626,114.06144055315558,112.63951847981568,104.11364828695692,107.4640759778418,89.72387617319168,84.68037972203902,86.1760931370952,91.07023766777483,74.98996580141036,87.04194048223646,87.32970150423054,96.43012382287958,87.21544036740643,103.55611374836336,98.04127264380148,90.49170184392888,83.31028586627232,91.54094075021447,91.22604606275488,67.85849899379173,75.68927122362975,74.58855927672673,92.05583207684396,92.50703586743704,89.10939410766176,86.38954766680173,80.84427850901336,107.64569981730835,91.06000789408134,98.13047617309309,99.9706778087177,105.59412627847536,99.48053908617766,101.71119534589404,94.04356131662576,106.19869024832572,109.35945530890444,98.26159188835491,96.57454415930744,110.3204633715143,91.20061969156538,92.33931993865028
97.80608952395356,100.204567942197,107.56789264923928,113.33295427838732,103.01486972381493,114.61966534464727,109.30237972072436,109.63188513169364,107.96793738345048,105.99151664616453,104.86964449758187,99.84245563365567,95.77773940203096,108.37691927415652,95.86619965528216,100.6758479506013,101.37744239005124,116.67585178774442,105.05124382273644,104.98129090625328,94.18832078582248,108.304015668753,98.5198238363867,93.60793299859132,92.28915604487882,123.7708531848359,116.28853061252144,128.1276744898343,124.55207602053136,113.41784230525204,127.6095110183151,131.26397630849291,138.62588317982488,127.48291322492192,134.7537282287337,122.35810167940768,131.17288842607894,96.78620185123155,104.9573017737672,111.39300294674564,98.18480617074276,100.12621503822992,100.84822741521594,101.93902431753592,89.19906774081785,84.98691910987876,96.00918675849526,92.80086685527029,94.93710982589438,101.82649661951088
84.3935963540415,82.91282799003287,74.58401991808644,74.49804829635613,80.64143439731151,78.2257099346517,86.6007598462113,69.18195796664413,83.94840793764915,78.35749437531071,76.07813047586886,86.10160413571901,114.92599821459808,105.71542819440126,107.72546824921176,106.03999925817358,109.76868545768876,105.17332884105808,106.85357207208288,106.28790077303444,102.0682489614411,103.24342358216504,113.39556762883262,107.24326525324028,92.71053905561465,102.9414341157198,101.42067718554324,99.70616066771665,97.3183332251541,88.06258178438712,88.63843495656717,84.90502010509584,85.56103792573452,96.39435218864222,80.92773180013403,95.81004467642198,92.693400561296,73.10316067079839,78.84496546674237,58.60652592232597,68.66462659564377,74.58949419377953,72.2448234278504,70.94157062203618,75.58135848480545,74.81117594517701,75.98061232982442,72.10814748314458,75.30715338206456,64.19074986993292
105.56322017760964,94.63274522010938,103.22961178549978,103.5462447258197,104.2670137206104,94.92251265010592,106.95869888813262,90.66306453678936,101.64335279000184,93.36484864874564,111.15285793372166,89.03465106871553,113.78990221775648,112.75722697641734,108.67193803919298,107.5338285275896,99.74287828209086,105.96405322951826,105.13351161009768,113.28806127873916,105.0415082720999,103.78503429396918,113.47176839855796,102.343294154179,99.7826190399457,75.9192650005609,92.82324026103991,86.1370924918045,84.34458984832942,105.50668394866864,89.67452874196378,77.16348045106845,94.291492925316,91.11890781802458,84.02925042727135,77.52763934080673,80.62616245208724,121.9847912717257,129.05620550555412,130.33038183810802,122.59323309321836,125.99776133685496,121.16511663687066,132.66050706213176,123.59106606949126,117.1339029010654,116.32445277534843,121.9382984667238,129.87844723498225,111.7762067256807
104.2320284993626,107.98213438573455,115.47440569122398,102.46984980694953,112.93659460508847,96.37971052639374,104.204327039962,103.3003698358818,104.78878231403397,103.63648806134988,108.39956325631624,105.0324822301076,86.19001674570016,95.4518110515678,91.79274846528324,91.05274802148833,71.56901557747668,77.43111386699839,88.33207043260316,75.19137089048584,90.60416547916262,75.69816047867366,87.85928234859675,92.6764025771552,71.94719509460026,102.18952531319248,84.58010053161837,99.09446342245558,102.37546261602986,95.92708832530656,114.99666211782964,104.81948037201616,97.26802062947836,100.81051482779426,114.59643451303252,112.88289917151454,104.48301925268852,88.57704356209777,87.30218957163264,84.07721733821364,93.54315226012064,110.23802614382652,89.46985530771671,93.20598338993086,87.08567577756129,96.59985744266234,92.50648938088771,97.65750033166772,84.73041910989001,103.31288567769332
88.37280356819359,86.6439494623496,81.74048183395513,88.87157448794818,92.15097209534714,90.30569860128966,83.8834082472027,92.22863939470156,89.29292580155892,91.8893412366182,84.74263850643642,79.58798244885963,118.5571354183778,123.20912054340602,120.10524037098456,133.72088364197614,127.25506419227894,115.9471448789732,117.13603426864135,125.97968501820792,99.653079520022,109.91913649189424,109.68810158471456,126.34200971532992,125.72289037222636,112.11624029367252,113.51286735430558,115.38367789407428,109.36079763000934,108.65642914580462,110.51665400757886,122.35077026604829,101.08290617983376,119.20976831632618,107.21164829189608,119.7290715703034,103.59479064489194,90.28973199332218,92.46243518107303,113.1295259387062,111.08980835461315,94.88075377084256,108.55992625798456,95.0000526600649,103.47680117323236,108.01851114011336,100.17453088900108,99.1797492404078,106.82900590057363,97.45520342626727
96.0503087072564,105.06832636126866,98.91715173655864,102.40161547626168,95.74478062202589,92.89012554889,103.9689141408039,94.47763643115492,108.66872740382576,100.62140095525724,98.58003773759616,99.92310758201528,116.0753837448276,105.63889851880808,133.52899885689192,105.70968146511836,128.22313446518655,121.82994119670649,125.1537616254266,134.09990169182868,131.12860948457592,107.04953882698096,118.3016394361335,115.8431287634393,121.85795047943805,109.26247682663768,105.94651751791775,112.84292985334052,105.32023945270652,108.31279159001876,113.5207803231482,129.75702321411944,112.6049796878772,111.4523103487874,121.96365639643972,137.64649104159582,105.87248581227549,126.2713276518792,120.1110113302561,121.59543586362194,118.65216633609708,115.14973119051452,115.08056207370107,124.5360249394454,113.66940818030852,115.85226577354057,118.1689053850277,115.51557691284074,117.18879138271691,129.20980921064233
105.4932658727245,101.99270144701332,103.44267002498458,97.66569623146846,103.98348072822024,99.0115355120004,105.53877113839536,85.83496907822122,101.504701774106,96.64095926939513,100.34829223887188,99.379030331544,97.25617893564198,86.61141930180067,100.70400398079896,82.22175226649786,63.15259807207256,92.68087657798928,93.3840032542445,87.2219784712314,86.92298114193329,86.48274158518564,76.26522971066449,71.96033677619165,89.34004493264528,86.58119191741797,96.54431675252826,102.4310056081416,97.31257300414406,80.03311984752118,96.25517403716182,93.52789075647632,78.923898575202,79.02371880231479,79.66310648113355,90.39396166059846,82.21206366122446,67.80361341899172,70.10699519078622,59.1138428711244,59.01763892041114,70.62942214525091,64.2141578269596,64.31395838234516,55.35889659038073,72.12172630855255,57.017464253032834,56.06827571284816,63.71535069219059,68.21296736443034
81.93093485032571,89.67614768240988,83.75335444223865,85.29480695689602,89.5001121302177,85.04201146773546,81.74184202865762,85.7113425636367,80.50979126148862,87.48380658005426,85.91939924045711,81.06422364300312,75.80887880852055,94.44820211106786,88.27964361629408,78.19876307352602,83.97666272133067,75.72817283986093,90.09847143542558,70.96779398464028,87.30379179010097,75.99407500861122,87.7818785790475,83.45170159287552,92.35310256771828,104.6411621445967,92.06410309100676,118.8453848794972,96.3377247395862,108.30049889786493,116.13170505700248,106.80984572649533,,91.83788497114084,96.00646539531242,113.75904348387527,105.32386985145594,94.49965798938936,91.84718962740747,97.00592676893292,86.57789177990651,93.18010967389776,86.79843635196514,95.93527554111633,87.63414908797711,87.84264965208123,91.01939525108432,92.91136061824236,78.13749970218929,97.06617183161184
102.75319530262904,105.99293291846378,107.11996090159204,114.38855095415796,107.30085300867026,106.2926880893738,110.69267023379618,106.58509652373782,100.40248039979652,103.71293592510898,105.23933976229824,102.6055041446612,118.98357364092004,125.00126442447886,87.17311585951792,130.60255943580154,131.17989668546406,115.89839754034726,120.20022205021934,113.4005181480106,125.12103341817628,122.69622437671464,120.51326849572816,116.39445096636916,119.20210123386616,75.72325094988867,86.15191174145198,99.31176199798072,92.89827470184628,103.72445418970392,105.55604583738226,92.41452072174678,87.89353442057748,99.54846623773764,73.76842287873922,85.00837766270959,90.06893449122552,101.78443422402064,105.68266792617337,90.8749708500013,92.68793581880873,98.74077910037036,89.70429327251138,105.11856044565936,88.02659738881981,97.79583935668892,92.3303395104274,96.77185862773278,103.1546678716502,100.46607589909937
113.65681402470796,106.26474018989724,110.85770354626185,107.457248936887,113.86667002145334,110.53899221644436,115.6748516229544,102.96072586152636,101.18574157346238,105.86096382727244,107.32597385983922,102.92604964737944,98.31739423068072,88.89083850825344,107.69185691018862,93.0952934266113,93.98869671894757,101.37082606764363,99.51008503945955,102.69979975452506,86.182519219823,102.82182675637247,111.22746764026532,101.84150819639616,109.48263983820358,79.48094497773191,81.286411668826,85.2435073010404,81.80264514176508,82.22585015774725,60.10386381414558,77.78210475219507,78.73052032325424,77.79006692088143,90.79340685166795,83.07995988529373,86.82995443257465,87.42254126008582,88.4607030555577,96.75784591554792,96.38249692240836,95.97388789546154,94.19377411781149,90.62182488386254,91.07522819985998,87.12663480948916,88.72979808930238,106.11820743739408,96.01614262830807,95.63142539573474
112.72405019491536,116.85725616279056,119.419375990438,119.84455835837004,126.30712087613296,117.35721792663342,111.66416405226204,111.3180706440245,119.57711700784677,116.9930490959457,116.53762010171864,127.70532498172258,73.20957403673897,61.44704889208364,62.380320076325795,55.15772443793588,62.77843291600901,71.39979106497852,70.61637524141653,63.33146681089133,61.38572354701412,53.41369554675085,56.225474993281175,58.6392250028568,61.81722954236833,72.78543735187957,86.61235820842698,73.16728112249366,76.58273625491857,78.0336456527373,95.12014709870212,75.80952187001395,98.75254138196892,88.17767885211339,74.70024345066408,82.2700431801324,81.0843144415998,86.9839158841606,90.14758944231713,98.6334654365452,100.30158211108784,105.6420404462506,99.7267948956356,96.53742411025084,89.44239667756857,103.58448374737384,96.6898956342786,100.21471602642976,88.20893858015447,98.14203364632192
108.76472429870574,118.52352092570548,121.35552999030466,109.34066599116773,120.92557851105846,122.20135984709052,111.62242726154214,110.95831218235016,118.69692339872134,119.66078182861747,112.78773612433878,125.1443408013303,72.2539464096105,86.96124331494268,72.59290605436165,84.11027341979829,76.74270280797477,79.05716669144601,79.44614253198142,89.18236586301049,78.03617396988527,91.40332627963642,82.85683847694015,72.8514788798725,79.85813467194606,90.39264576162996,96.36607707780244,95.36643153118872,89.46753705447016,116.2687896186948,94.75229496468452,88.98296829276815,98.10455128199332,99.19452366765788,96.20836041191366,89.89510209908272,90.70501377541092,124.0124134757872,117.72133612982674,132.17203079355642,122.45197359975596,115.6619568428732,106.17686699536398,131.12482900413897,119.3361813249154,126.9629642721484,118.46000739595964,119.00891723688876,123.95823142617148,129.39506212183852
71.55181361302411,79.57925983227216,81.3840527652862,74.5527775965536,80.58150245885227,74.57337757694965,78.63308418611695,79.88763606801334,82.22177710617694,91.24352713930637,77.61892984642844,73.52463037936222,82.3100748032405,90.16537265695162,93.07189342249784,110.21394454035767,87.29227983226751,100.5988473786696,96.25458776383446,100.9647137378997,107.1839385858702,100.36832997773456,108.10934835540156,100.34486472528324,102.23592624500576,121.5652856467887,92.63970754519472,111.58718698175336,98.7276056778406,108.60965961489886,98.96740342775496,94.47565922940268,120.02335939761592,103.04986508930944,97.8244571373538,109.56908402074556,109.0042045447258,111.86151138856891,105.88809985676092,120.9914385964274,105.0506430304058,118.1566424723486,110.20340193090884,114.11427352104003,105.8223883674045,112.91203067369072,113.0753999909666,101.9438086097918,112.16875378099049,110.77003411009692
88.96267415800136,86.13558285729258,84.72633612818045,88.29465579067505,91.15806677169692,82.5476487089805,87.47068774221914,82.80104802035812,85.28932716951287,90.06880493956028,75.50366220674815,93.843208157791,83.80894437451653,80.15679179241646,78.98121587121412,87.86314319421707,68.91615429190662,76.08264910232457,92.12737721234892,76.9025562396046,82.18238759671851,88.55194441728993,88.62514237244135,90.06563090204745,71.98468639088195,114.47297297326948,133.8023483147038,123.34745222994168,131.19362969658948,111.51099538220888,119.79908412601849,116.04243268499962,124.48677992996512,103.53921246128874,130.45704412542824,113.76015621253832,111.19692207136936,103.98268817139592,117.52824424152432,110.7869367897914,111.82688123206776,121.39650798865804,109.89380295392225,110.17183256420486,116.6242122923064,112.0108242097496,109.05856366340642,107.04280699543958,121.7057939470304,110.0014679486528
101.32338224564847,104.21557056909612,111.08839751414357,115.14610915080972,108.44996817361437,103.86223178177578,105.10269393929464,110.19584860300748,114.76020273758866,113.52472884007162,112.59416016239172,105.72820155576564,96.0484873782022,106.40564991646912,98.69680192129653,95.43702645870871,102.21902192633137,106.26188689900025,105.92757288329372,94.0567619266234,97.39908080993456,87.7293218281112,100.4622069830537,88.82589107908791,118.57135460959375,66.18706925216114,83.1533471397537,82.82799542000151,66.51407118210886,92.0228642986469,88.41311802945098,94.26295165783418,81.22802814137074,78.59970757402318,99.969727798022,78.53135151729093,78.63930841393645,102.86393045000668,98.17653296610284,107.05543778514009,105.1102513683516,93.44506939178156,109.1209799978652,94.976697855927,104.26803799555374,92.2948003365952,101.2458088099346,92.93303404033202,98.8486714614186,104.2213554381372
116.48076017360496,104.3922846759284,117.2061989381592,109.48485600761144,107.82630448010792,111.8577483229962,114.46780265801884,93.43365594916118,105.28619679075904,105.17695826874386,109.20077816529196,108.35272663034168,112.40273848083488,100.10354920217536,88.01045697224387,103.75907058746164,85.74244795527227,108.42696802908912,88.42551964818631,93.33527744014096,95.76931123776464,105.46497615303862,105.18750242019615,89.82020677364571,100.71446930747436,104.00953798107102,118.8765982431298,109.80704199160148,98.7404451708012,100.58870993368264,96.98782688826682,113.50800834095436,92.98996704840192,108.3590316339238,88.41411551621746,101.52646441598662,115.30663026489395,76.60806659342006,69.72236154014551,81.13844524123927,72.1328525450989,82.79339676714352,96.66592018385008,75.8409204671974,80.57029576848812,76.66556241650073,74.15907128444186,90.27765652051376,79.081380721449,66.32754382150776
97.3160682551721,100.71268893559224,107.06254656267784,106.16042514197494,105.96864411602203,112.22770823656604,109.84604960218296,103.44145596895171,112.50206148062674,102.59637476474332,103.85843607442357,107.40934549510614,111.77092268992024,116.1196259578502,113.31205309418812,133.25254436312537,123.91199067739096,111.17439676399955,122.01398827444548,120.4731400332214,125.82855561226086,130.94496665829746,132.32049497872427,148.206764670824,123.06973466512568,74.02981613265109,91.09192890576882,109.35819190893235,70.1072771298806,98.97866376331083,86.77515150366447,73.11833537107111,83.84824919278915,79.72103655183267,71.50196287184826,78.552215963098,84.2145893822704,63.9620161143844,74.1540152129806,60.32845207076842,66.01002411434511,68.54630487939036,66.6488702630876,64.37405624399263,67.39187772556885,75.46638752729864,65.20601904385703,70.53140745436811,64.94769767138244,76.72189728217117
166.27325420127102,166.53885607575552,152.9183258364676,157.7874293869376,165.60803915398137,160.04709895641335,157.9882076010245,152.16070255526557,157.5972578848731,158.1026291079164,167.284647266597,154.492229153551,104.88074139031691,88.62225240167993,98.38845969016248,88.64959709646996,102.73582719864436,87.04236687164912,90.13363578902128,91.20644533312276,109.06110800037882,94.85432406454576,86.94336591168423,101.90962515329288,105.69821550998256,115.38137116152473,109.32017999065955,108.67442443569082,95.85929386653449,100.72985322554334,118.1498178925202,108.71199043878718,115.40421890851816,124.1736569159717,117.16759977324226,120.20292765023272,111.70212042548307,75.05834190183106,66.49917259509276,72.88151386929245,80.64366129881365,73.41939203681115,66.72551278724637,78.48297286846272,75.48431857737165,77.83865538094022,78.84263391775796,73.56108683595417,80.64657583548197,85.10151896731608
109.6184449964106,102.34404148344107,114.09876100683236,102.31131899054893,104.47121433068747,114.48082599484714,101.38381004105486,107.28165426853504,105.5216038370008,109.09920723669548,108.99844006235944,113.48261937842824,135.02744190580836,118.7498816302729,121.07167923689784,115.19335016090088,104.47831660238212,107.71275299273614,113.60035526170282,125.4862213954557,124.0523405269843,132.10350666757827,105.0007136658294,113.95209689945511,123.4077696576732,89.17915380971525,77.81705917583217,100.02241509323709,106.57119419376671,104.95934517415748,79.9488456596289,82.3152781673964,105.23342077864814,65.79737560773022,95.78947051860192,92.4131777032079,83.60575797551711,90.74731413697948,98.96917622442604,119.41336216008804,110.64817412230136,94.06477042418398,106.0977473820017,105.8670926056759,100.37403563802212,96.0782639854156,106.80479195954324,99.63732793157072,100.69554351244,112.58548557122876
116.54991904335702,113.56895861372944,116.431578782941,120.0560612344858,124.69532322609956,111.14328026582707,110.45440552057144,114.34324581025828,119.9961361392978,111.640920895886,111.852766742833,117.66291725559228,118.40928333037174,110.7662183627339,126.56373559003966,117.80988124247529,114.03725520979098,126.8551621977238,124.65153210843413,138.3594988851995,120.77975452832852,121.78391950985504,121.38072930682952,128.38365263479827,121.73602658572322,101.32769724629657,78.5945329171638,79.52016662701078,89.65781146877644,86.24054137246776,82.80720780519934,83.60492704787872,91.09295014696896,95.43063110864864,91.99928327725274,87.70072745165359,103.9186532416996,96.92830035011288,90.74030626600133,102.62367209709244,99.31905346391622,94.41166366376062,99.2439697135053,102.15197221611662,95.59857773400488,93.72817985394488,97.97441259499436,95.33989864810098,95.11860258798312,107.43517746473069
111.58543101835328,110.71799012455205,103.44667872232785,118.72169176401508,116.8093470710999,122.64614701015373,115.71507270380708,118.29924535187686,116.358207045818,113.43355380287797,118.59371355975031,111.92726933630183,111.18710728433534,119.5359573291098,115.21835480881477,112.17172258194744,131.22007854741386,111.2368229089414,126.87015201262088,110.06513837439512,126.9185718184049,130.64093144390094,104.22534821170746,120.51899200256577,122.55568054506548,123.624863686987,127.8906010588394,119.90138356909034,113.39790198721906,124.90549005723796,115.00465149663772,122.40604589545924,124.39880207626784,119.90650423385588,106.25741222616986,97.42192004035826,105.5114040269886,92.62177786975464,98.09027294908512,102.846222763765,94.380304423235,101.0962181277674,108.67564918066762,91.80266847730118,101.0691684951323,104.36645369177356,95.23108157666388,93.1917489196216,96.44076005998036,96.34249333461314
111.76654934134731,114.24549065430918,114.00797715533908,107.51041710542157,102.77433789557726,117.38706187814826,99.1078906388128,100.47418491128668,111.5557325659216,111.76745677818262,111.76110985213327,103.2479215505846,101.01552396979656,106.9371631807037,96.4451937066536,101.64431682544912,108.53445266259985,101.62312422711888,103.37430735189275,88.8855886111055,108.89145453764122,106.61538935885277,114.11648533420762,111.20857401358502,92.23813065319968,89.66535587350954,105.0505387348874,100.58935982064811,84.63039128485435,110.21381800533902,83.23484586289402,97.7262403014226,80.87618200467118,95.76386869532816,111.07150252855725,95.43074423662748,74.51832631284879,97.8139610805148,95.58763267180522,93.199080524696,86.5386387502355,99.35439401446128,104.4708824591512,94.04634295374642,83.91313080699517,97.39882291166526,85.74970772824081,102.36887769642888,87.11616377107498,93.83125209193982
95.08278781827056,93.79621293893469,92.5943204006252,92.92075059159733,97.10920779535192,98.94907131662356,100.33414837861515,95.49841871204858,95.6773534406758,97.0729283054852,97.24386125781592,90.8029862617992,70.66270252138644,80.94386134679672,66.49758411211204,79.41243155027497,65.61237712738429,74.18829795374958,55.24394010463296,68.5892834076043,74.60336415599359,75.23483504527033,80.31638434637892,71.82580836462516,66.09893655961558,102.41663140944044,89.06454092867263,98.904801501063,104.33665884017722,83.93446782449699,86.46900873877408,120.10198153716289,91.99636446822858,61.90152523501857,96.44103539660728,100.56477536946193,103.8623819318903,129.2264428125759,141.67454955773934,126.93617214332517,133.32966316800378,128.91156074818417,135.36807345522058,117.84162498790393,129.69147400176357,122.77182290720164,138.59240949512542,129.9961629492947,139.7886109428766,122.79798309301609
116.90104771748162,117.62324867076768,110.9318718958782,112.71392945565924,100.8844057691409,120.29353285125433,110.59376908553742,114.17622042345754,111.19507289881486,113.90597757432036,109.25576028414106,103.17763772938852,111.4226759811133,112.25275762401796,108.8313549993358,111.4451901681998,116.53036500794737,106.3830455046865,99.19200833644857,94.76504739042852,115.80799986794123,93.5417148399798,103.44556854038176,107.64254816639856,111.05005471032966,62.76779959502589,38.51712082463256,83.39263311041935,58.457939292979816,79.45788189423757,65.34971766802661,78.62493771173007,70.99367082326705,79.53905151935703,54.53053791821915,62.716777459766824,65.55199329017009,91.48965937742616,93.13940607222618,87.82003318115973,95.5691242462336,92.5583569942126,84.13628164807693,88.52648403952108,85.71527176598568,77.06145715830532,91.78118452262105,78.97164763170919,99.22004650180412,98.14469364561916
88.97876002524663,85.04016866071709,90.0675234347815,86.22402310173345,91.5351618660916,80.12450574354756,104.62308662991008,97.6908589647462,100.34948174628862,89.86244543262364,90.6601004008266,88.46873952401228,110.99484047849874,110.0134773733457,127.60981727138352,120.88048231806872,125.37828410483756,117.79709844290475,122.89799567880443,116.09569114657046,124.56181994790283,118.69442822292602,112.75983354391904,114.8173433713568,119.2771410295462,114.53783927300378,112.07137307830092,105.35551005774792,122.13466336465314,100.10923137709806,122.21466759038904,116.23827423212902,125.80779732877772,103.93392931499324,111.66678542092264,135.04856718395902,111.16785221188135,98.6200557733208,122.56716894179408,112.32066751026358,129.30821619333904,119.5888523091057,117.98389123882568,120.96993571147608,117.51208444999024,110.16703903414049,117.82598014696752,127.78004749012312,111.19575132920998,111.0071828035832
97.19922970620924,97.84269171001888,97.4002192977952,96.11705782577074,100.8738783138448,93.8254802175866,107.98730215198042,94.03889104343249,102.36900412488072,93.91267760254958,95.13892944779438,90.46439293747788,111.22558169164748,108.21134795897852,82.40449593230274,99.95579831169528,100.9364149625944,90.25757172767868,76.8605820421893,104.77548232891615,97.76672464346969,92.9041926084106,98.20521361726335,87.20494275076402,108.55331941850145,108.69928585403348,109.43659893624545,107.4414184008544,103.58851505148024,101.84178426505432,118.75096782945772,119.08512755886954,110.86134135914742,107.23670803370274,100.27795885524829,89.42135517569596,106.85809001342136,94.9941047048886,101.76035194810586,91.06917645412533,102.34737114142318,100.956533792073,101.61873219472471,91.48021858423782,91.4786221397808,88.92054179237539,90.4585007385776,93.18772720411953,91.70912400097193,102.0680058988262
90.90148572149418,88.54281151626466,96.26680586825866,103.21815572839604,89.75776700430319,89.04302947915369,91.81230143632588,94.34183980432604,96.333681257491,90.15004364931924,95.49925404079266,91.39174421997076,117.25249953106425,123.77263775074891,124.4029279954618,130.35534831295743,118.96747622813945,130.9275930383067,135.66817526458473,138.12189322926332,131.30379054295088,119.39757160490724,126.58492325464567,141.67351724627386,125.20474958534214,107.7464272627168,97.58414154381587,102.2056685244546,93.636790645463,92.04777306629536,91.46774037235627,98.05743592238636,99.25740807272818,98.37594101631905,115.99128124976076,107.92553902192518,118.7990139073781,102.42188963263872,93.22431639666668,93.06595457848586,98.78062941334616,94.75190558010884,100.5338465430064,101.98647670709482,99.16079155612567,98.15090038316804,95.51296736827432,95.54089546366684,101.10545955662242,100.61017902093872
100.9433839721895,111.95385772966178,99.05068023794564,99.99298358706486,101.84585057057276,104.83550870958156,100.69642707813826,92.20879812798302,101.78710788181178,95.23335510082546,91.70338982074163,108.07862135884668,98.98386220462946,103.0118792456166,102.23607589381024,106.49278068322702,109.5899137942375,107.99180828220388,117.0673433471682,114.50865989173413,109.83274405273352,126.8503288977397,113.91489477556615,105.36523205986992,101.79921131456491,91.4161686467594,82.37167789797763,85.89435441450584,84.66910974084283,82.12265224144224,83.60796473082048,65.81124340879866,83.95768893969341,81.16046622618337,70.48297325166246,84.21433392921224,80.63218866571044,115.79637544581225,118.41820884121212,121.89687031572454,112.13069955034572,120.29588790614504,108.30018413784391,113.98347711868776,119.7074692774058,132.359315460269,115.64228705570942,125.51042955505444,114.75694812143762,109.60704813962622
136.2588873445629,128.78188640495506,137.28540749098303,132.9281777399965,144.49066566885406,129.46917480209189,139.69778607011278,122.7600974785375,139.75566450308597,143.6437536960281,132.5505111852067,140.71637636471056,117.37778405159033,107.147769783168,95.30615923846383,106.04802156987394,110.81519460893487,105.92714326210825,119.05350930953196,106.97885885849512,101.13952148676717,106.81393867279296,112.9899575123182,97.64391204680702,116.9779441034972,126.12701974693287,126.90266346823807,119.9348328879708,126.77881111657912,118.47069644437003,109.78113991335636,131.19830345789666,106.8818294035702,124.53481809694696,123.06537252246768,123.55636699501557,123.63804989147228,127.01071893821786,125.4924817846955,119.6538116057572,110.66481425791277,124.85986398632484,128.30872777109354,126.75296266253189,110.50956842862767,112.35621928617664,110.3515867881676,124.42885353602608,128.98604253553987,111.46990559563244
63.44018014784064,73.5401256622589,70.69328872320418,68.75331308294797,69.46228858981408,75.7784978578112,80.50688516071396,76.21489399003227,74.58099599308103,72.05827393422024,80.60179760016474,71.82963764061068,98.09874241843796,127.80106427725318,124.0313638308461,117.83174456383698,114.78695203490766,118.19756449133546,114.70715717303987,100.46863133550288,114.13976062245568,108.2692960202836,114.91469984401974,114.59283160603664,127.78442543754367,99.2254152174417,99.90904467558336,102.8636395696938,95.98077854355574,88.33468836295978,73.9043512246538,100.09596397390462,,98.9344547477811,85.29931775476634,91.76817626097436,91.6322054404108,85.57914069039208,100.62960244023688,96.56098743889488,97.46851364516642,100.45042448882928,97.05360811659484,97.3586428540011,89.960790309557,95.29060416749012,101.74645872318396,93.58722014898215,91.683878573548,96.44027787193151
103.55297574508914,113.4627872602782,113.98795526005522,114.01486271311738,104.9993649203347,117.14658357560128,102.10375756843762,110.26610138737736,110.42492661948788,109.16963757664344,106.4585655786162,109.85847922490196,103.36750961793145,106.32246816943255,109.35754436490788,107.22067463996828,112.51220519479196,105.82517354115996,88.50930437672993,105.21002896239956,104.3903225549965,102.12749474404217,112.54609419673552,97.30877326082911,112.186504351763,102.43003262084846,97.65678964984484,86.58279953882798,82.70295709092322,94.66205103871478,89.52826253801886,90.78915610255152,84.40833731741432,101.35823334927632,87.04582515086604,98.70649147474155,95.90019438294314,116.37470582676896,109.15356792398208,113.3975790916154,126.09007550955796,117.18046040864556,111.38299270336468,114.41626546459476,111.43730170775538,119.85960024061964,120.71134771992097,104.59983923206912,115.2551201232028,109.26550408296308
79.5255824022688,77.87825741941272,78.8860993522205,74.9031410660647,83.21757894446822,79.28527643257522,66.87738460538179,81.70182538114733,74.29144030582565,71.16530152489293,72.79007044468929,85.20863467926026,87.54929154273408,62.708017423707986,66.2033106366478,65.16934534844468,50.36964986819501,62.79968266119444,66.05074364112168,63.17814059346539,49.31519459564576,52.204240677694386,66.17542472607212,62.19414018458753,61.29877314220977,140.19322006874006,116.6729538261666,123.27487595050742,130.21339218816468,140.5935567383277,145.91035456125033,137.42001821470635,115.49476660979994,137.20993288752422,115.57811903258246,143.3624156409519,148.6669069509871,101.62353512554056,108.3910892749452,107.33667072516312,113.08324381019229,97.28538300072348,101.85743146219784,105.84731382478344,108.54325187805662,109.95289758205138,117.82998016827248,99.65822977870064,106.14233196860096,104.9217492767908
93.7753492037982,91.99458371876996,88.24382850293551,89.67415682155136,102.73395796581246,94.339777131466,89.81084798538659,86.05400756830974,92.51643532484503,107.5993115247974,90.68121532090862,95.52480261495204,92.41656730426506,105.61060888556734,99.88112244579249,91.4062334718135,80.55880749541461,86.50790115213047,102.71014072025125,97.62457024164648,99.39557620327828,103.98399147351468,87.65720816096344,98.01502651643868,100.86800414295716,78.05259174625888,86.0334560114286,92.5267367037266,91.0144407503467,96.1279345777751,96.00505885977527,101.85484521220964,89.54612342358736,93.60467992893749,95.42719936826722,82.18657750004162,86.93690672608462,95.69437457585268,94.51338925710114,106.99103145004096,106.81094269683152,97.05198160995428,95.34985808422846,108.08154792045484,101.20655294882492,99.2191127933539,93.8362541170423,94.67258036768992,96.05398801846826,106.50405086336812
115.41434227274708,115.68515545584336,121.76416953538563,122.94077911587554,116.35273731374971,111.39489225000676,119.2479468703798,118.93376965215424,100.4821302751202,110.967618793396,110.26022827506728,114.69522665512788,108.9913792031478,106.50668163228238,114.11976923458872,114.93813319967516,119.40448930057724,115.56112511912426,125.35529485282515,112.28961559648506,95.8189170278986,112.39207445538568,128.6384217511506,125.91994361295158,145.3888042327835,128.14286463056249,134.1740472718894,110.36134667526052,102.64033981729658,122.0748177925488,111.11743136266556,119.5966636984577,128.11773646015314,100.22561227817503,124.12496196268934,114.1251056581984,96.5637739811902,109.01010642142008,96.80415857519108,96.4716492494442,104.53744104220289,91.67209606572848,104.96737562752928,105.148287006026,106.42654965755423,102.1857321188462,103.76776512086104,103.10601492695268,104.50412311080704,104.41348904307752
101.05636995175892,101.18325764632748,98.2843830608617,108.06221530900014,106.02151546347372,96.72994545580512,103.44856823896993,110.3082894891512,102.01720448292016,98.81996065840158,89.92279640529068,93.83410970082969,87.4269501882312,77.60133698610338,84.42502976785732,113.14830016287992,83.95377458807032,87.90359862522185,82.58459803062127,84.40570909663867,109.60466541441612,92.1205293700749,77.02007400954565,94.403975671499,88.80734841404936,126.47549219822352,112.17355127926405,113.86002113482148,122.1410115325322,126.63173205891366,104.26432909532868,93.80037141874227,114.29591523457538,100.92111586304904,99.27170811758776,106.59821551100625,117.11193047351703,96.65127455706649,82.98515950901452,93.10138411858918,91.83700673900935,94.16184400745952,79.18489096617894,85.44732549331272,83.2036327014835,82.74440908277995,97.61677739222996,90.82623868101524,94.95106312817651,94.2310030219158
85.57173685786876,83.09881832291796,87.87411732246613,80.83171050236687,90.5412079087148,90.08192285754372,89.18268560597966,85.93235637284673,81.3914479305086,85.91301251249071,82.68089633844234,85.80319442188411,96.24150611248965,83.72114065371125,114.1337573552265,103.9022106049051,91.631523503864,85.64723055610924,97.34200102514708,84.82389437901243,108.66294549181646,107.49676613512852,95.91058593487408,94.20285598316046,86.15401888348491,103.51378686006758,109.53077857763992,105.57855998453624,81.8331134536958,105.6389591687865,101.95496153203696,108.28878310809952,113.3634883232376,114.8071851299496,90.40029174321457,94.9148988909462,110.8195990156252,101.61670727655742,95.55626503137452,99.9386758611516,80.86602519036586,94.13464041215124,100.14550165793398,96.00079941395975,85.87600700166557,93.8025744800004,93.886798226352,94.51658132824568,95.9296002143661,98.0804780730872
86.57164595955366,94.08983994507504,91.10688092810716,79.9377446042974,85.55802319840855,93.16718938062714,83.27195671927393,90.65335188905571,97.23379435251488,92.27150918982186,89.94974148150875,93.41706322401478,85.61265481427887,87.30864078329436,82.35488685737734,87.6326350990749,70.18300153805875,80.6271915609469,80.06476514121454,65.9971128363814,82.23938549807542,80.3262338417361,92.06279450005768,84.72418991274661,79.63717489503671,100.52302898615584,107.82486753605625,100.82981023208308,96.44261298462612,99.0191185170085,105.31785719692562,102.55369288343402,104.6438657613888,112.60210300560448,112.26316856569596,111.40170788445056,105.30980626716809,103.522322353999,84.22345267325157,97.20558147771844,95.86553428829338,93.87535522789388,84.96583818173528,89.0771845459131,91.79750563825012,92.75111508915018,87.88854332065333,91.05518792016342,91.87417879446694,89.3924656442704
106.30244260700856,121.2465812419769,119.38488461799577,115.23153468320474,107.7674370571808,109.99886863713242,98.61324691917577,110.23674663814188,110.29068658807893,114.98362651009856,109.93144089132689,107.03570861145192,132.0569427853035,128.09078394494753,132.63989583245927,124.89317094237538,126.915205686412,129.8602779602893,120.20470721451156,117.89086220165228,126.83424981253673,131.01501838620882,120.97425408872938,130.02187133520647,131.76264693045894,111.76994495749176,109.79962465339788,104.89645271110076,100.55016339963969,111.78118972018989,94.96145356987972,116.7758354197248,104.12205345562622,112.8838225927822,89.18341493727549,100.00222418149764,110.35336084381586,121.1214723970938,110.97218440720776,105.04314514994456,110.04460732897893,104.66657825729284,101.16856662920203,114.49505018555134,106.14453131714912,120.15133200607836,102.32454470516686,107.21631157526788,108.28395017931176,107.5098317432754
90.02372679973135,86.25704159920377,87.92717061238369,85.62135139544293,95.19887309001662,86.95495279541349,93.33457150075368,81.19009323861339,83.09968342656813,98.08254306308926,88.32010771450352,90.50051429993312,116.90949751432832,137.56427779950843,125.27343918897677,121.61263624571924,124.80034599726412,115.00289403050748,132.86549543070905,112.65978034724613,127.64616184996852,116.9816984220348,127.69883203540743,111.16008746973364,112.38395237408574,109.58723721594316,80.24798705324888,104.36759781203996,75.63967221639044,92.6365607014619,100.59803541209511,114.38953625193471,88.63001516817695,98.93494124754284,116.27443822359068,89.10052211631344,100.37166666116636,93.79936376449028,103.98948257536782,100.10089857696605,94.36161918730872,106.97786836504235,109.5033551624402,96.0533649926832,93.38004931059724,94.85092952579552,105.36771801351456,100.3307999042274,105.43721205430889,100.16029047556488
98.35501495565444,96.39786394583425,101.50029486313863,107.20000683954346,111.67195023727216,93.11783947817273,99.10589747890344,110.02474352228136,102.99747807308904,,103.46208319798156,101.42901236915448,100.2423510147834,88.68976718998321,71.95589833226174,85.6955618230734,91.96979842850298,95.99461978564295,77.16170808276776,89.43566493625394,82.02868346897752,106.30812312579852,91.08868334888145,91.30664417384791,88.09719117218562,97.2017639308289,96.8259814492484,96.17141161987578,85.25893331599718,92.43418329724298,97.0655300047614,112.40730290013954,76.62736203931723,108.32614593779604,90.17727338881288,93.8301180113426,99.42815044690168,81.38411839958833,74.35951156230459,90.83074530916554,78.59474791248277,73.36825464305878,75.38576733470096,76.47342521749654,86.12795975973266,79.39527886239365,80.41872509433423,88.2174014517964,86.80156909963353,81.03764534685097
102.72484137712956,100.24216735680092,100.58647956911854,90.83305850999804,103.49798189942898,95.329315505135,90.59113827661402,97.62928939953188,95.45297217324467,95.40342359872386,105.79778495631103,99.7634156025622,104.1703842808172,98.97621273000183,85.85243797542611,104.55210075452972,102.76071907080404,112.36637610663502,95.05893856118335,98.0643975525014,103.75042318653176,109.70051108276924,95.32527906198636,90.55107570516562,105.25216320836331,110.16899030578509,122.29031854371424,120.63792639842686,128.92214198708183,132.66305632558905,109.15850227714616,111.49030347445908,124.63197024606976,111.05680233685756,111.63631943341488,114.68025788072984,121.35224432306204,86.98725420164408,86.12256945152778,88.55371853761395,87.0064147158476,93.79582147884844,84.81548668342352,90.34407492904435,90.2830389931548,83.45316076801359,84.77239049877531,88.17169156205628,86.68508652043471,94.63937967758216
81.71307676472354,103.12454147418434,88.71009587174137,94.6889814774093,85.82692301840248,99.78309022161136,90.95131351570966,92.74841106782785,92.59303186447508,88.94126916030383,89.27376385626667,77.78688449810109,95.60694165475373,89.80694826656415,85.16071552402005,74.74910493103464,88.7317566576153,79.8313846758586,80.9603842157602,85.48669224294098,88.640589461926,88.25173777345283,89.212767526787,106.1153620747912,102.0735632020405,83.36710349550859,93.12504558054496,76.27415821814172,80.61292795354046,79.06880783983378,71.92560907903507,72.46897624744844,93.43558353141307,91.08368968663356,82.79471579932374,90.59488167991192,74.39520901730165,64.18556948151172,52.44081798247435,54.911998533603075,47.70521676998736,52.71873134717258,58.81826030786578,52.345768093516654,48.60216089028484,53.36298139906036,53.71417406079049,50.91731008324049,51.26529956491936,51.105629903482374
137.3049395265081,128.14078850003122,136.15887084959013,126.10330169347598,142.0944668983771,125.75688348486756,136.12503978097328,124.34398980702362,133.6138981615773,133.6983232024493,129.28874845444355,131.0502543212992,104.19897438742554,110.16582893315834,117.6729795988306,96.6690528224732,118.64017467979338,120.0851266498718,97.3021893990783,101.348865216069,108.46998784762296,103.04149973835897,107.972138943797,105.98804890833712,119.70572843390508,120.8362369419861,115.7986005064536,123.88852275892472,131.05323178065967,103.23994697665026,119.42693947509446,126.46269592158504,118.7632086085113,112.71316354777174,104.94047871011628,116.85380296581144,127.21359939128068,99.21183069996005,94.06393238096138,97.26498453927888,92.66584340482363,91.4459543066107,103.70919637486764,98.96634604204286,88.394421943922,97.28528767362155,93.50064321083975,93.08061728408488,101.06793500790974,
111.87177274683538,117.7043693619905,101.42723229258723,113.1626059301028,106.85393084571037,110.45618444087556,108.8984996741638,103.61148701223128,114.29798349031152,119.84991554229929,108.10315791032974,114.35563184681044,117.9363032545992,94.2711559720096,113.95157941172296,102.55018704712327,97.14550773104654,106.49659344893786,108.81656049337576,81.78472269853546,109.09693466648004,106.73327373591792,103.2313433439766,106.1662447410782,114.5619244926491,119.59334596070124,95.87002061429386,114.27534452537128,127.78739893916146,97.43710382666151,112.4302528797232,106.4186763268888,118.5711297508334,129.17683854371958,105.26402366738118,126.15896193721268,98.21254820613528,99.4313951561765,97.56893243162388,94.41185691006768,97.21501039920892,98.9437153367842,91.36666650483666,98.07494070166037,104.29020531779224,104.3425640570366,101.5742305905848,107.2739051350136,93.7632510501725,99.18767967376763
70.90300987170527,78.0113652705181,64.35444910440411,69.69422653931805,67.94717229427863,74.66008106611189,67.33361926922345,76.79829819624706,65.66845224166306,62.6338338080144,72.51959499891977,66.4658484223031,110.11916430369446,133.85823672887813,119.48820088799124,113.83269906842752,116.4666973249796,115.52370004745542,121.4676079620548,124.2420695641794,101.66736118736702,109.45571379538684,130.58898239060517,106.01792678029614,94.87415149008274,113.9689145434831,114.77687838165852,133.04351154162867,114.80645060598049,110.96315361387909,107.38836890800718,95.26165701079792,126.3131622763364,95.26156589928615,114.01580614665107,103.81042450761056,134.0848085380707,103.2254210535134,102.67912267940632,108.96091064099524,98.55990000153228,94.12958421109862,92.22095390549136,86.07283918202356,99.2297878808953,90.93683981434128,96.65537389303536,92.58962427036354,101.58369261514808,92.44560245696272
107.71026964126898,100.02887351300144,97.45780011364543,98.0271176245582,104.50850389398953,96.52220138152995,102.00000356081188,101.0603032767522,102.96685520268214,108.80969724766754,109.85694911425766,103.059446562618,107.19919682356657,109.1377448604336,97.08240728412778,103.0645915384035,91.60959939725552,101.00556829859234,103.49976266565618,96.976612533404,105.29533450868747,120.60233314761436,98.8739258880545,99.9390164607728,112.34720174000172,114.04353993098285,108.71644493217448,118.36173692738654,119.88707390460904,128.17365678428203,107.64041703922229,122.08065629074258,120.0423599290125,134.38873187378715,92.46356804293546,125.49639013356692,125.52831350666668,122.30912447509225,133.24502907767922,132.6993200547843,120.77924838567068,137.4734923343755,124.4062423400073,127.519090482191,122.41497541903472,130.58349452970936,139.43646422555108,138.4073992873637,126.35063263418412,138.38377494189362
98.40057525078709,92.91811842440056,94.82474098834206,88.03802146384028,97.84400513204804,90.9967554023796,88.22028921647026,97.3395804086869,83.24809405134101,90.97277487620627,86.93248433262829,86.29344949501458,136.56624447833016,145.71115956000776,156.95807301680554,155.85606290462292,137.32419805582057,151.41545171364112,131.9851106913137,140.73173253702777,145.33867506876686,134.2268153181078,152.0705354483701,162.22384164897295,149.675200184309,108.55102946603688,86.44315266015992,93.1024343676875,99.2703201567631,109.89646684628596,114.37950732686627,93.13882466831438,97.38445806789792,94.99636577933948,115.03520153025732,127.00723821905324,80.8312537239506,110.1251610395984,115.46273023989578,111.7406074988861,107.33924398993344,108.699267619839,114.23240058989948,98.8650060602261,96.93664821511987,104.55971544422442,107.82163221415102,111.15092405033698,119.2920578742354,115.46136314142012
117.858350347034,120.92848313758604,121.339566884853,116.21809230672686,117.05637990470449,117.47607770949664,106.04626446224252,112.39534672665076,116.29397393156692,116.97565269809076,113.28116895708776,114.58870840340722,76.60569051362191,89.50245539906757,76.86199712334785,72.72196922887277,74.87988646385242,87.82989567562826,91.30069984277516,72.94200620252444,85.61194049568624,85.65955491116055,81.43873538978978,92.1041010338253,86.6286985414657,72.62387383825603,63.623798395431045,98.6721426112275,45.41456868380195,73.07419389152523,63.58559671580367,89.86329656568086,63.7801408060962,68.17059630247941,72.40179018725424,75.52571353386826,69.72372556768755,102.32924284071876,107.4671662502549,97.98461352827404,101.37900425821977,100.34144861421794,117.79157056391446,110.45080964091672,119.24758879217816,114.02307789025426,117.67271025427708,108.12886197053048,108.33745816832928,100.67859882258898
78.90781776685127,86.21655021857205,87.58994283082214,88.64166118908567,90.18651642531904,88.17468553304575,84.53878553855733,78.9027000587202,90.7065448257101,87.60221534032983,89.8039761331893,87.02957293582863,79.84659213507534,80.01623752814513,76.04354487281203,68.33018592662532,80.59648996706763,67.82772363067146,87.82656371573205,82.11639243097736,72.61430363996304,74.1942451503826,65.64786017237003,61.94733012226958,60.4991726742884,94.2663799606355,104.34065240092788,103.05187388142606,84.97001497102195,119.00470429524398,101.43153817690008,101.87745564416734,119.13773573400356,100.86399829413868,85.98594998024743,107.53209872751424,97.23015094524712,65.21941127768139,72.27405162470777,80.11823327072571,71.50226857045863,73.04720326923679,68.86944911197736,65.3075769113531,68.01608912954048,74.3830881448046,78.73566603984702,82.63039750143174,82.91323559028608,80.17465333328113
91.881068544318,97.26105157748472,97.43484476204648,101.20101828035894,100.59539602858705,112.62096865633036,100.88535290306558,102.73929137665512,100.75797848313437,94.06679022736488,93.3160633443524,93.58274567458648,90.554792347819,92.97921910545864,94.0208286702162,106.2643809174069,93.58036512071492,84.78203098975577,88.93370839630532,95.25107848577667,103.20650919723306,93.16436458671912,94.92616093471862,106.13735019495992,87.8894557159816,83.32555291517448,97.71969913323235,95.03333460455984,86.13884176662103,84.08388307622707,80.25339585489374,86.73467960204835,90.3975645271685,78.16129760762472,74.95963304276327,92.06726337788577,89.0509530250528,99.237586613422,90.43457705617028,97.56883123651784,95.3907622464442,95.30040335146064,103.01884121605234,88.60014281375841,97.69654820804377,85.41328915879652,96.6373900448134,87.43799674498428,89.96240509747625,83.46033880464883
104.45071629622844,104.66640461496362,107.92507000027275,117.45701210728429,107.79238252792418,99.23181289031588,109.18320189158936,104.62534759592882,107.58290434149156,111.3291730817135,107.67689502077144,114.23756652303248,69.64959131656097,71.43024692667039,75.0891854540793,77.52913061399717,76.37215005985217,64.79775653492221,72.65174188285424,69.86925373446904,73.65095557754358,75.61124277708925,81.67292309169599,86.02611421772744,67.14559386032346,71.56242152737923,93.85141130390492,94.94314168415396,95.18236893960577,87.63643561815493,89.3849047785124,85.32967293597147,79.58609469293573,88.29882183910597,98.93857563473706,74.80135857787077,79.12832914473184,98.15160446126988,94.54222299772074,102.44520585647696,83.07607220161482,98.08688957881652,88.44585322097235,90.52605114049538,101.7642154841736,91.38124165649816,92.02040937047563,95.83233110761282,85.20888579619896,98.6117932888107
113.116783163606,107.9125442590875,118.79571942559278,105.16511985399656,115.77702548514436,118.27997056197124,113.82662694238591,116.47977198013704,115.06019236649578,116.25848304807994,105.65795862584136,117.63098798021292,72.46759921369386,82.40867144048374,88.32180305627496,84.69180661231938,68.7592020480745,79.11660016137216,81.73835099057726,74.47522905915793,79.43167320449562,76.68449946894624,84.97714255043554,75.36336625160381,61.49299843385339,79.54128665072844,87.68393712868404,87.59381518549131,84.26040301389523,55.68934579512383,85.93980231191755,97.27205823178352,69.65202821450146,73.98744223980528,87.37423424325486,87.22187786718833,81.68395832619599,90.9520578351518,85.94584732101225,86.34119073205376,83.27433775424706,84.58106369477665,90.22551943555332,97.47248564644676,89.09436743087882,90.95961743307318,94.0525221791554,90.7906394049196,86.80322527467321,84.03067931123383
84.58384899650896,78.74916616883331,77.35878822321048,90.08161676900647,69.34775350569184,81.13154520718103,77.01981148489645,82.12160823186376,90.01724943570633,86.85583872286196,73.15030237546635,78.97102007452247,90.57190476076988,88.06596691128212,79.33939602570281,101.3902557331862,82.58273221956739,89.56005148126839,97.95527016931092,98.40571956402948,95.35866045843488,91.9648087176873,97.47840107227104,87.4338557232692,84.95695897571214,99.72419232208918,97.5702798517225,98.19636763686724,83.91517744618591,88.36619763173033,79.13726123126364,96.4253717222407,105.37046439263162,85.82919181355062,106.7076336961946,95.90439032983818,91.62863314211602,86.9039877739008,84.58677135121506,82.07584003970915,91.4155763263178,84.77513068247251,80.37306782073289,81.5644493230103,84.39916995849657,89.46582639615659,88.67974062276777,82.38905963093704,89.57789076498082,90.1611933633693
91.35376239661844,88.8627801285745,96.1743263760597,95.50426115000184,93.49944416703678,98.84208223656915,94.07496565170744,87.26689032267143,93.55701017717573,94.9159582854926,96.81621350184706,97.47142300947466,81.13486352889669,79.68804562581032,75.37032437283015,80.61673107531101,80.05944399205269,91.37489184876112,82.00849325272377,85.58341096347536,85.53215729836309,91.03904199046508,109.7291367380064,86.04761378315699,79.78458944698335,94.44847481164057,92.06391635885296,80.02979894248762,100.42470741494324,99.5707949393332,90.98448214871338,86.9656494086862,80.67622762616502,95.919504093254,84.22321614220591,88.45317075626518,83.67446096451388,65.28000376179719,70.1884321054037,68.78472172222965,64.39908863968084,73.01874845376008,72.14657320938366,72.95258558975516,64.32186144070137,69.80737960896377,67.28536840019446,75.64198442859858,69.81376559877717,61.30109755362561
93.80965415497106,93.0462376738818,97.7518084814978,88.38190009097002,94.08243000716956,95.08235609108188,81.99049510037139,93.69729415943851,93.56904625113609,89.87671021598642,90.95644662593176,95.56288034668756,84.73948901793179,97.0330133616872,85.84069236040045,84.88621376841284,88.74836858958282,84.73687971389008,75.02113022276346,84.22686016982186,87.39643461048951,89.0320213617314,87.68484210079387,101.46136770632457,106.6831731129004,79.54309428090532,71.30575890072103,68.01174302670758,79.16089283863982,79.9760659196905,76.24373904089191,56.39561548503899,82.87479412611566,55.3207975980583,67.30229092260149,55.49608880904465,55.568930236381135,73.89412070547658,76.76005901903456,77.83233251973628,91.52940477145292,86.10275084946403,80.19552564534378,84.34206139152363,72.22213871185988,77.3505615905532,75.06924878379186,82.56203300606299,85.41204648742988,73.66997653971237
86.42314684962771,86.35019535610111,92.70553236109356,83.54849338269938,84.44499109329679,86.53428052584434,91.09244483082128,101.18117722215833,84.76943001548727,82.40612653627511,91.21146354950042,93.4115676864502,107.89350625897796,110.12010054726504,104.57467038238896,105.5938690492342,99.84455517402829,98.51731261136626,112.82463310686045,100.24223236756706,107.002207166162,83.50136935951903,102.46854686607809,101.40296274474446,106.4231087411779,107.87357952907728,86.31557399854012,97.25471563073194,119.88322467214772,102.2009823325615,128.11834760415437,109.76859812359216,82.93870069832722,102.82138631917952,114.7690077870711,117.44316107250472,119.6913751362579,107.29572116304143,114.30552771805064,106.398321932686,120.33784877825812,104.89887382789806,111.2204512035826,122.01576436079844,115.37157013353256,107.18637465217634,115.64630877307988,112.03897232333463,111.85167963461166,115.92361884497068
123.42422458925672,127.6507431631702,127.42972168721018,125.53621165033128,128.41343019327425,127.62679556651317,133.6261021432843,128.94674589678874,122.1405087962248,130.5786799449135,126.3923387191747,118.01053412424106,77.06837299563757,98.245718981861,119.42622743638113,76.77042004785376,103.04551900536056,86.9505656995297,98.79970866885836,77.25051487994153,102.30612243222876,94.80552307702528,96.03015869807908,93.57524896192578,102.75718933064763,138.1779595006064,134.41571138312156,131.5611995059479,143.20082116597794,137.92735116300372,132.00468813752192,123.5283594985252,147.530779847973,119.57691537260916,140.2575028725956,123.58079047396704,116.33900246964733,96.45423986975273,89.3807805248379,105.59723976269822,94.8891171133886,100.88840740605276,100.16610550802044,102.52304813043072,106.56213755780216,95.48778189809045,92.41200630910328,103.03318495148426,85.36765664950263,93.6508305198056
99.04142018017322,98.2952474333962,111.07995612725004,110.68297622403662,,96.78521840742287,98.7040650042038,105.78713689938702,106.56379212988088,108.19417307663426,101.19272542109536,111.10775836957748,85.53827013392466,108.44264847835215,102.7193411884326,94.82410694686504,83.90263777992004,106.5260704886082,97.3563329803946,96.02697198827804,95.24548488422244,84.06216649555213,95.17757777366086,93.88211872897035,84.754489179367,117.02095966550203,98.64430755622182,101.83738333681146,103.50129992289224,119.5623482256772,109.51036997461344,119.38233231923375,113.96250601406398,104.05425110283092,120.36636913676504,130.4300139492633,113.87234726340483,98.86103612751448,94.22206148073477,100.370150903475,87.68070559917462,89.61958854511306,86.36177853676983,98.96740543567978,90.03120914565781,87.26988992673017,92.03057738405,88.97343821173901,95.720835601043,87.3641865036518
76.47057445441979,82.7411418460466,67.57057921997813,80.44899508308664,89.86411917655177,84.10297818783128,78.15710231838554,86.4634576947588,86.60640841848385,76.25782752065452,80.86046917515263,78.23824587034566,116.10371473149452,113.5886021868327,110.13876701576504,120.46198911655937,106.96133295786152,109.53646310071338,108.94842554025442,116.01737251611095,123.68032823581969,118.58405292260063,120.82122065633186,101.9491683805712,109.17277492947508,120.38471073486068,108.58516637742798,100.53084251047385,107.71548187899458,97.06822218394558,119.06947093800191,78.87272011174424,98.14208488255532,110.0721609492258,89.78350159354312,98.09783148686788,104.93124372076782,106.2812552466813,103.97812254262708,98.74407977336904,101.13046940022228,97.97223448971846,94.61649019108832,105.10467233331865,96.5845072073132,105.73934589727328,106.26193721151591,101.5407574552696,94.62360762532644,108.29400016492195
107.00950617773998,117.93557401386629,117.15730580347618,121.32370385705838,121.63302783189592,115.25872153577428,115.4134630993723,114.8212715318372,112.48652508456378,111.07506083933852,107.60242268074737,111.97878953861532,82.60892723905704,91.04077818415152,80.05626957478192,92.82987846277652,101.9227662080074,89.65250317373042,96.460191976215,97.30183784289996,87.6764589711021,100.30114106884272,78.12784775735284,106.0382681687185,89.28034513655312,100.62645897603316,97.70725101268816,102.5200665382391,100.63639045813332,76.34599948958446,110.52804688084876,97.78366378152606,97.42421971443912,90.71946766382707,98.03710138725197,86.94573358699172,96.9932206814726,107.61945458284,114.02558535145349,115.15430064801212,108.82608663835433,129.52031465129576,120.1380930502134,110.25612235214044,121.6957467253844,112.10403583612757,119.33468124788328,116.72081748578536,115.34127589045816,130.77661544815453
126.95297669030282,121.86366474233222,128.56196453955238,124.57646450493168,129.50331510959867,135.025643798405,138.09655612732692,132.88001410650347,130.65276030862887,129.4985488954323,138.7872047451965,145.02175171649048,104.48561080967252,102.5120294274781,80.9895042348789,100.98447687453324,92.5507015357329,87.42660765083006,100.25609955581288,78.04383924343193,89.15613373184503,88.62189861872076,114.97848785863266,86.57927888660987,88.7665799305678,83.24334019116213,93.99469286248066,98.49667088745424,98.80076726502242,96.15811197554488,87.51236628725017,99.78654743068172,112.59251046574266,86.36887932792995,87.58371452400091,88.54524919651897,94.20894037705231,95.9037577928351,111.59537945077606,89.17026633322091,88.0503014641422,98.88434246582764,108.11536979899115,102.22131043903906,95.94747428970832,100.79686458730998,95.7303485911643,96.37497687509078,109.38194503437292,105.68524143405368
120.7551878913064,117.35726175750509,106.33381442398492,115.42653416903693,114.73279035043372,120.77757053370296,113.24585582676646,110.02885304747169,113.45255268574532,108.07205674835512,108.7071271839674,116.99634581187226,113.22085662539808,99.68751112099332,97.28464710549429,102.48232794627774,94.96737047615844,108.17906415506602,99.3389156561658,96.48562917520952,110.92138515598673,103.39215401265209,112.33478454959784,107.24743329129596,102.10879431295578,109.8299112915572,86.29990501546634,104.22358948549524,105.00494218625148,108.9649299986133,95.16078924914314,104.77181795910094,108.4212123420164,103.28984322281973,100.8245050244406,98.5692803751062,112.9855737549782,103.78464584653454,108.2113398298267,112.2813794957872,105.34960121965015,112.63377446581704,107.96872979967804,113.1975776769989,109.75250940973608,108.43143538392356,116.5655370336624,111.1229200746782,118.74248230869212,101.5543285335552
72.4624560665301,83.34779547305627,79.76546350831471,70.94748328862421,76.83971268264784,79.04754971173836,73.74819886436032,78.3786906396378,74.5356671564682,73.12103852766414,76.2305241558469,75.27783813345393,76.62983232154018,71.3088962934647,71.79601716476974,65.62770510265156,72.62905549099804,67.21500649726407,71.26924084114206,66.23055426624508,68.43914032065143,66.08163735027271,57.40445084832737,56.950878139654,69.13287574074837,118.10215214858606,109.61318747903,93.3766251710375,98.23000753449736,89.9706496387169,109.01037320677418,92.2720488587448,90.41284249994698,95.73691425090622,106.42920640953125,123.56864512813996,92.39636348166091,72.11142859316865,77.9328694655768,97.2215680171312,86.49663476516298,91.61441038739622,90.32295200494916,81.56192562613201,87.55173606468921,92.9749320514856,90.58817878614434,86.05451288008122,83.84796675361926,97.88204336108232
105.89839923119318,86.6882838135502,99.60478163282102,94.55464832013108,90.47819152620812,93.47693600599762,82.89187319492582,97.91370598909096,94.21134618555034,87.06733712297446,87.52513096676999,81.7100170432267,78.78459166424204,65.23080605895046,75.64504657849943,74.38046274093023,60.423279428024934,72.60011907594738,53.412757109544096,64.19857057715565,69.19042455853457,74.10987157179568,58.55418614722149,61.03385305179653,62.35515348218212,84.15878644175937,93.65755474676368,84.77423865050879,78.78424879280257,84.84272823528173,77.27390224356829,93.98686061109107,70.19517398373678,109.66581787752207,70.84391854141856,78.53838407593062,81.36774925513436,94.11727642049868,89.0330933007792,86.89738243524188,91.2871140849204,83.64040725420818,95.26903080058328,87.24199147845508,88.26374238733088,97.25676047254944,96.82730866202375,81.88251198654194,94.18727052259024,81.35195718090893
121.4702567422038,127.36652917198784,118.31642466466089,123.43810418828583,119.97879215793996,114.59832555449287,119.52085788433986,114.8233564772992,111.51737901190612,116.94127217835964,121.85577310460332,125.95248790753112,104.52704531002038,97.54329151849868,114.1652730710692,101.21322276110448,98.5047978870194,111.38022158162036,110.6788835834692,104.03149039973846,83.35652485257597,105.95198301414244,111.72040828487737,108.56751050343352,120.03270851624862,133.65414122028164,130.8128046576225,134.44728744676232,124.42195919867702,113.68836541292984,136.12059334760602,116.3829319503584,127.01629796569055,123.61804618745492,136.33704152881032,124.0811532017036,120.2884890232244,103.832694330044,105.6855901455699,104.60894612129674,101.62120957924782,94.23728732461772,110.29268440775608,100.4904995051928,105.216424323536,109.4854729356431,91.70430321669932,94.50325664764722,101.99600633341926,103.48270455150318
90.30913863419264,91.4800530625485,94.14933075173298,87.28114904731302,85.59354767128033,85.82385419747303,99.595338216437,96.50743712195302,95.78965589905192,85.69147052407047,87.72780115931077,82.65890966167527,112.57126961573418,125.9213085178945,109.21297286167452,109.73287051884918,98.61324772211374,103.41456663590428,105.28234565344064,106.40670472300532,107.42185630366303,121.20684925303414,116.79096665787512,100.78234237248458,110.40602449195556,89.97996701664263,69.5624579426652,88.37125323729742,87.56030263918166,51.9912109785499,81.03568610186352,77.46883989938533,77.68197512897929,81.04486992652714,66.30086522171594,72.3144027657032,89.34594245658624,127.71095040527084,131.083610958478,130.9955543929511,136.0334860019064,133.31569817955818,122.66865727003687,133.0255435408649,138.96871831295658,130.5073756847975,130.3749228946332,133.1241504335559,126.6685677516651,128.71847222698094
102.36550252128735,103.13223214340138,114.71868271213664,93.63622213905776,101.0042147475058,112.59096452308007,108.0440837320168,106.1987613014678,103.33017993154613,98.52226681785967,104.06395782408735,101.64009690469592,126.28809421001792,119.70495447484694,128.3779606971663,132.2699794682065,153.1102908677937,129.94998980400487,127.47761536370828,134.22807049134573,127.28645963272632,134.27333564636527,120.78540100493046,135.6577168286714,134.7993865263166,120.94562858761525,103.0385746985324,99.3071421616482,106.3602150947846,121.04501726579026,115.95218078818442,117.29338886771724,95.5762927741586,120.21266099590692,107.70126995094138,115.76755800373034,123.69791061676078,129.52184924297694,119.90203974805804,131.79313305638254,112.4757849418198,114.945345738032,116.78456151149368,121.03093617074832,125.07382055732884,115.15474601615875,126.49956991100248,114.12302224936212,117.8119704033318,132.9908499557556
115.121060198485,111.34066541315153,118.19408306936027,112.61425153542253,114.7330669209414,118.80118782996996,111.50811590552148,107.18066324374736,115.22902822863075,121.73246195428746,115.88551852669784,109.96274930600082,121.99038244095192,91.98659190850488,104.52192198929936,114.06515926805908,100.35900793652904,97.9624932176771,102.10842725678268,95.14507825176926,93.86535364575192,104.3110245830887,108.07562994146572,100.21909440289748,106.6886613327627,99.7376208149728,100.71803013469606,83.17275926511056,107.41550821631849,98.4445502522185,95.91469755543648,103.11116338516815,97.92810033541366,107.72781424886551,110.92145483989826,93.26320145318658,84.52313324560083,109.27227512154822,102.67299938761572,109.94107837285264,101.91284823209348,98.75732331441591,104.60197347818088,106.8173456758315,115.29742586737795,102.32920051541254,118.94415289563004,110.41872800224571,98.39635895946316,114.21837586715245
83.21785379513987,88.88767748893736,94.29586557318572,88.2797356849963,89.2436908474378,84.90549074476849,87.70645448016367,91.08420331092998,79.74604993935937,92.3587465814749,86.24319588471651,93.1781018848302,128.16516497835957,122.80990836450005,108.1469917789948,120.0673946202503,96.8915568762084,100.94063018651134,112.6185573535134,119.76922729674098,107.87016774415302,112.8417500196941,96.71737677757604,121.57675585806032,117.19710677756832,121.52773964385472,121.56749312350566,121.24358339393903,135.8831839321629,144.48922719303602,122.21422918352208,121.76208711179147,122.77313089524418,130.84535304155995,131.79257440582023,117.12191056458909,138.57488469910254,99.68712361261468,95.70162269373708,103.4440858985699,105.19132213927963,108.42847969147596,113.84330920777457,94.58148690249286,96.7593402368904,97.19736148382108,93.48859489750453,102.60121776417968,102.84183774481303,99.48896023361364
99.7171687322998,99.48714661613504,102.81775711443244,101.12859343388148,95.08554086077304,99.33713339533936,99.05165963932998,97.67314848038164,102.45132031180408,95.21202255147308,101.69034188875284,102.9733195924018,97.16295382235272,102.77404035258272,110.8148223123214,86.70584138087344,109.01758841825468,90.20837090983268,104.22735083873488,100.53552987980623,92.4782851918692,103.61184714026908,96.35322342244204,107.96199765293218,96.40481447521148,104.30017350858746,109.46189861549672,115.56504480904584,102.12359501852502,113.68619090778508,119.73289729740652,117.08791415436696,105.20586967179028,103.50169412186332,108.50826847135993,103.16002319076134,113.30205205219616,124.44850606043724,117.09444462331756,122.0919513413664,114.04615602058472,114.89947993175402,124.065197969439,120.61167481524484,127.59165722005302,125.52756633217508,128.25272786957478,118.80484967258218,122.74503265608458,115.34630270972907
64.18141259030789,54.074769861195755,51.75815809347188,57.55990085807469,55.85776705277691,46.85791802399508,47.31591803766326,55.17856433639445,54.740712938036395,52.74309688223196,46.47436021637659,50.59180234976261,107.55109816301784,96.25068978393008,102.94488687357564,94.95798298957598,109.34697556466088,106.04414694554286,109.18713257437808,101.89975021075166,104.07452196497164,90.55691873781356,113.35478306060196,99.7644502379362,101.89243735194552,99.18742148102758,72.99229091458406,106.75025724408162,108.48941797844704,91.0593193255968,92.13404413671653,95.4683626571066,101.8606530587353,114.84170230604384,82.79515648930017,91.60747850892884,110.13736504674957,118.27340592513022,108.57352267056427,103.3699798042548,104.71825213249296,107.2850699915705,114.70006916798695,108.51464471576836,115.75429769849076,112.36015441518067,121.78645655988431,123.66018558896889,107.89416437381004,117.93333076849638
84.1538858813624,80.03081741458882,76.62435632049981,79.27891698174041,81.47629673415899,90.49796960632288,88.75058495837418,83.17539221869296,86.55519574001514,86.72151082909213,77.61010066034812,86.17564569817976,135.88323342116146,129.86716474705656,124.3181497602692,129.64013117079608,118.8771211780847,127.61092861207966,123.7575783959006,137.8161165613543,114.07024093596335,125.6916042704071,120.59672678541916,125.62271550138666,126.34338110238924,105.36661726439982,91.4089464594166,87.03727321947082,92.72892531157548,95.45258542243845,92.17504125774391,103.71434613287406,111.21049149812288,95.28678927033988,85.84353266524413,90.3619482472424,100.13547234474632,67.37387506073543,58.78522467504453,56.914325741460885,66.33519841768306,77.44130859497585,67.79248418354251,67.05510705602505,56.59749308508387,70.80701310885345,53.4913358007662,66.67311377520275,72.12181993306272,62.39491592111794
101.95784436053096,97.058281849283,94.98116528845286,99.61255825635484,97.47730391929252,99.5385618475615,97.34028534466135,95.91234701145308,91.23933512010365,102.16690700296998,96.74751753930326,93.20954926474708,66.96299168960262,79.88291128809395,50.41352832795012,67.62540654908213,60.675155018626334,69.32849095685658,74.24945292586743,80.5914360126896,70.67029797019318,67.57973617829175,56.08472933501136,69.60774153989333,77.39453931942325,103.9380508977868,118.56613507206131,103.6716939551598,115.69406904392274,106.26037432549816,99.79722973899833,115.88961048452887,109.68749078148927,96.1816993735116,110.0111643844856,95.21049682882524,100.15599921501064,88.32617487436056,79.79415831554947,79.34306626748243,77.86990156027548,74.23262511388224,76.26627686045467,77.33323409029896,87.42978168239826,90.20785368809216,87.06258394139012,88.72483817826405,81.57455597960035,85.49147780936151
77.76737014489782,74.21467978600235,77.0670192939463,87.24578983291713,85.38497233358953,90.989339452846,81.37131853019554,83.75105329219872,82.53099321851764,77.19022713722687,79.6890204930536,81.981520718354,100.95125129717758,105.96213940279932,104.6407650913931,102.5628695919451,111.59202623284106,103.79037943190612,109.41014189310812,113.66740670512569,117.13396214522152,112.00759448083734,107.3739622345957,111.1590382270528,115.21414937106628,79.05905990964821,87.25299785501163,101.20245290645484,87.19940939046371,92.52697374261142,84.78836090223342,94.03334506280004,75.64373207675193,76.3996496921138,76.96670412021008,94.70509755386402,94.31030644077056,104.19869898191166,109.0288560270051,111.1494483245932,104.27359831284484,97.5343886319274,116.7012477050312,106.13954243740618,101.9924600596009,100.71639347857348,108.77782976641318,106.78100217240782,101.24883393121488,96.85344594481428
124.31122710648972,123.93003925223104,135.3408831464636,115.59323163894194,124.31810673545596,120.09455417307584,119.60933942258328,125.94065484692456,118.57088863530258,129.94670347888666,127.61834292124423,124.8528532828652,139.02571895921554,152.82438415175716,138.72567405488002,140.15882402311627,130.05845433124486,139.49833379692836,128.62100386087218,107.88534678661814,134.2812289267431,130.5321881041682,127.19605001807666,132.1488569211146,130.1106131456532,94.05075368472902,90.16489376854123,92.65007189563468,88.33829793869619,91.72366343065144,78.18870585603685,99.69825118654175,92.18610841152326,71.22892509616376,83.54783839023283,85.29955498055628,95.48599503824896,72.70434003857744,83.08596216290233,71.18334409345945,68.99634715878888,70.43729766189189,76.07061170145718,70.56178189374249,63.920664458781715,73.38793248207854,71.23344054082398,71.80624997803052,76.35450522538405,76.61103364808062
87.40188250876805,74.02834112326656,77.66845026842883,80.14613846018538,80.82158389129617,76.65783983549942,85.0654189902643,68.57022042833181,77.28406305510958,75.80835280955583,78.14833706727775,83.39172880899727,104.8580272568095,90.43801880119588,95.6887326718318,105.73018834485144,88.82269074057933,104.73884852462764,103.23276802224824,116.86207402988394,110.70242216197222,95.92063781483878,109.26698021666682,105.75220096288288,110.37326284548504,81.82669113955033,93.0781058188357,87.44087331445307,64.3478266587456,84.28177191501698,67.57712552005302,75.15263976061686,73.85691167704238,81.44199798449377,82.86535297266926,61.88456383733781,95.6748246036094,87.21428919044004,91.06893521187284,83.35854063583331,81.36618270841063,85.09462388964053,90.87512560457678,79.04038337423619,87.31481932261279,86.45820285654553,83.59559816824932,86.42163242723142,77.2800729888119,89.46833580313194
90.2644974106064,89.7216829865964,94.01535673346768,90.87843354450688,90.8171844801074,94.5565623121731,96.7228464262108,87.79311399907328,98.54639820432187,86.72002067870217,94.4247093957184,98.23522331174,126.2225500456548,130.30918207936554,118.7528317725502,125.17825354360826,139.05651416533007,130.38462507326028,123.57281133774777,131.1166626282682,133.5150940854031,124.81739984785033,117.67598299074824,122.81134265013176,123.20191714417535,89.9514470885334,62.79581033637423,96.14261222521958,85.27274422303817,83.18865915764387,79.97502578532801,94.09469773349367,72.83405697807959,62.67466255338033,75.65621107069332,81.53418688639003,95.74242497400688,84.98405014253441,97.33794236225124,86.21972822026778,76.88894349706075,84.14030415242446,78.90964811163558,81.53907161786151,92.73703139150604,87.53604970738509,93.50989932485732,98.2540324390933,94.94285003534722,82.05305547518135
111.02335144927602,108.14157453534357,104.7185355394937,101.55349529378314,100.97877574215087,105.19355634792022,99.19650447245486,106.60815858324546,105.94461829464508,105.58179145586384,93.84419600958516,104.4309955703196,83.88764701251463,99.89404444682638,96.90350589892768,96.80044688309876,87.0898940593307,76.37161669943822,94.60390850245196,106.61308685876186,100.45373385453178,81.89909352611161,84.38072263983356,91.48373669283453,90.83278215254032,93.0467260795235,93.25548607702568,92.30661016262763,99.37100208996254,91.43716175704988,109.86140027097522,103.5445629705499,105.39092507182949,101.35136881585754,104.10094855376931,101.95195381956069,102.9440769891459,92.74914172009488,102.00222221571468,95.33157013547644,96.99489032324053,89.205580822375,100.8353745204816,89.09538907817632,97.06715981817987,92.94845427916422,92.4676208858487,102.68614316191508,93.74449646194633,102.34725008354232
125.15785901326912,127.07564993896308,121.837111567854,123.35748175368342,120.58980218159004,120.54076114825357,126.62822360440144,120.958416391484,121.6950140486939,128.07289145660388,131.06128403406302,119.80736154826124,85.77791040063713,106.65003880038628,87.70602979939987,96.51841562799578,111.48386147940371,68.14008557459756,96.58310666977115,109.4190043214126,114.48039713011474,84.11718988684441,83.35126902053435,109.90280913582536,95.73110053511073,102.68856539209592,100.49089402179392,102.60281150429704,91.91966188675876,103.85453320365652,95.64300005926891,92.40938106148369,123.06934911844496,102.45401939655396,104.93169900094472,91.13992937375428,92.7615819355061,103.95582472751774,100.68732884699696,105.90119448121672,88.20540692392932,104.74851282319848,93.55127217584112,94.45015253196364,95.03371536753237,102.79707989707325,94.3850509060983,107.4004654667385,101.62426333497145,99.01702172606358
75.64973385283707,81.50775833684429,86.93732293446217,76.02592491174065,74.72917599960722,74.09726228003991,75.97421354038238,75.84341121845131,73.58803485269421,91.40161259996184,77.64085780714825,82.17117920425905,102.39200981486162,98.86802472266363,108.96527859616415,113.05102241960924,110.73035019955454,102.77317475853346,97.37959704445576,113.1296119558071,96.50925454962136,106.31985038771276,101.86242822424067,105.67153646552366,99.04970942457896,79.78826233917864,78.89356690510787,70.65759935797244,68.1339003478773,72.3619034824158,52.75237599747343,73.33749250010439,70.63432061692401,92.70970649736844,70.28319731642155,86.56983417511796,64.50088280311279,107.71093016767152,93.63641601415364,94.75600927831488,94.65374037131448,97.2411103371259,87.72649574414018,96.3891661986786,93.6796815617476,95.9750239527906,100.53780299744112,96.9930461503349,103.39197674747254,100.1033391091782
120.609494977602,111.9858924589615,114.33420947365214,114.06891588651634,116.56358546674548,121.85449392694224,113.5374388197692,110.65458620603702,120.67539484319536,111.44882995687333,120.9353911340204,116.98761395130916,73.97583014157203,64.41260195352925,62.47898268823362,60.43175282375437,58.72805745375592,55.33800857984652,82.48619228509011,73.76537261106147,60.98826192832951,71.36862639117581,65.44889430340565,72.34617892516539,77.46677436601588,84.11164636689226,106.69838808661936,98.9831583345504,89.90379265336614,85.92647050694413,78.27087882527545,100.50543429172166,,79.62531216720073,92.75746813556196,106.61761922939972,83.58227467405683,121.9328002428338,113.2250780289264,107.66182832635556,109.30698336851331,115.89062522385984,106.65703076337392,113.9985545528678,127.17914081465403,112.45848148996332,122.90387106056588,107.1179903644002,116.22053341274756,110.10754060210392
105.01626816342744,98.5714536668198,101.12653319148002,100.32425800273391,92.41040442097508,103.75917272802172,96.35498032789236,94.75481430891456,100.25040210378393,103.64809434069775,95.97303756419566,94.74392407172816,80.67087858963866,86.03049395094506,79.36878681831737,87.73276511298371,90.7428514971522,80.77771896054256,89.99521643622384,93.2668781714111,88.74505776884487,86.21406013419559,72.97025521632644,88.26189517533163,83.21670176096089,87.5193690384204,99.79108217250572,117.61443879671768,114.3110669521198,95.08392842086576,93.7473479155748,114.28844287755015,108.75383597341818,99.4401163924884,102.6525974476987,122.75287669851976,106.30052890172335,88.0820978776307,93.49792596350586,96.1731157927318,94.78259366604269,95.19829095889078,88.4322767675218,97.86695952461268,88.92622568707012,91.2049759690304,99.2495476534941,93.37854035208312,91.14980226187213,97.09538048596065
88.38642004536672,91.34285873417666,81.56501730579049,79.84114053996673,82.82160149857022,80.69599973146211,76.42202746884028,75.168377034471,73.67579224312863,83.22836401531308,86.81741974536745,83.26093127472605,95.03830996571116,90.07290970245676,74.55584656823545,95.01753651851897,78.33533341033076,81.13009748104336,77.4620684938391,99.49986373511572,89.21300356649941,93.9703011848067,85.09726351937695,82.31640358619192,84.62913387765876,112.63714560079669,107.53586032078198,101.64316472211055,110.6191218566385,102.03018006409076,111.17169912783758,96.27634734722253,85.41919510962397,96.19535251253998,86.77267546140783,101.47759835423332,106.81699303168492,85.71140281142165,92.91590504492972,104.7610496535007,93.33249577485192,95.9672777120863,86.53984284824382,89.67940845305628,99.4680799130747,98.28182260141251,95.03145499141856,87.10387886813994,86.72555778002506,94.61082123212344
99.0804285144968,107.6401366821486,100.33143955784554,101.50242646952314,105.50717464710073,113.70876611947656,109.2892640160401,106.4251485204414,110.84470124553164,110.84834566656924,100.41732829632534,107.35418703287068,106.69966056716356,117.1507786607468,115.35536125391096,101.3126272563111,97.39738647605635,125.0301959898122,116.89851912202548,114.06342907751356,118.53639356741344,107.0107360480565,120.54755357564102,114.88160751912416,100.75324893642424,95.6073228635518,86.46002264011592,61.13116087555184,78.22401355038059,86.42960179962876,90.65523630817351,82.87861474569449,99.12922538219588,88.51787693864131,95.31982057374606,69.55619581203199,90.45645942852784,72.61816184617629,80.17142104016678,76.74547012423356,80.92418794335684,85.3598284045048,80.12570536003253,86.11283588641831,79.85495626318117,73.73177343281917,76.66403352988263,84.36468321109892,71.15798245783584,78.87339600932188
99.35020955447771,114.58254313351053,99.92704997907563,106.38276184838458,101.70499667112514,108.83688897958508,93.8301710419103,99.99370753069682,102.8647312642536,95.6334476774458,105.2462346249004,107.53697435192578,104.64466094553346,121.40275971160791,132.76127246549586,110.33561517844124,109.68551125708368,116.28226900880968,114.02909711050224,100.50445223263578,128.19655621926285,101.63338344309078,111.35775303790922,104.40090715857488,110.60834532419898,99.88488284947786,105.93397908076848,80.68918009334953,110.94066010794604,92.15917376765678,98.83007369234882,100.38264365602907,99.06623274152808,88.32213691617635,87.13609090910944,109.17091999066191,104.03483551187752,116.17151768106426,119.64658993926152,108.2791629792017,110.99863722083872,109.38739894251538,113.04461629739748,112.71183987373846,110.23839399218518,118.09462620285548,109.30159278588104,111.84969513332388,121.98265723999523,116.38821269878244
89.75915366486056,92.96333603958992,90.81156285737602,85.2527766668248,89.78925961326418,91.66822932885704,84.85452768628927,86.1638073876915,97.00900308253344,84.68289796412526,89.21687642068892,90.07910598183231,104.32270418302896,96.70958698406412,111.11252455628306,113.99820578368248,108.04164665480825,106.18741885498738,107.99295604267876,102.40085944047686,104.95150591098596,104.30030842613364,107.0058822391738,115.01100789113366,102.93002741064018,81.12037993907111,81.5621226941211,70.01474052558125,90.60303933149038,88.29162301833344,97.25342694655497,78.7558268028192,90.17944914059424,91.07867058132,101.5759958870142,83.25286607824275,95.26428700973182,73.07518973664173,92.46747757987843,86.9215896724052,97.38371616642792,91.5165532698956,91.93195346375605,92.62843585114612,89.63714298701623,92.82091345111868,96.5850067397934,71.59562961287065,89.1187366175866,97.466195133566
100.67486412935006,102.00727685730044,98.90052015226398,104.37859377939634,100.73821027554963,101.44502058673046,90.66909122945762,100.70641414901051,95.57067868063626,97.16765715901786,101.19298379452812,95.00103771865226,111.70080285002528,110.53937561984652,105.4472613573113,121.6194998346838,108.6596502688649,119.05747268990498,113.46027404935644,115.48110824790308,115.77079593000506,109.58154105518832,114.54803344951692,90.09785999408984,105.72839556928837,97.82432224804452,89.21592562271753,92.20269401993248,80.69882776399399,105.65505063101124,91.01088079730232,105.03723297194384,87.13739895482092,77.85341432468172,88.2034911974726,82.62717417335814,86.41811871583904,80.16173568026386,82.72356950189473,84.46712749807146,72.61014471484741,87.87079896042822,93.7504003063889,82.70961247901796,75.33694925444917,81.21945478403946,82.77384597321957,98.47719926996044,80.09921431279578,90.14424891220445
97.323656534827,92.6747137260611,90.75819114770432,96.53325251134336,96.61750363750392,96.99058490265314,93.78994758311914,96.0401492013373,78.3367769810936,94.61511627541402,97.71016619772408,94.5040044635577,103.69750865985516,90.01763135218336,106.6227234931052,96.16579400606749,95.0813720817726,100.48573950388572,107.05489997305529,98.13685948414586,89.6946527973056,90.79939307501284,87.90312019174172,96.84057167049,97.71108210280192,105.35983975435636,97.70567972490711,105.01222937335034,110.18490068075457,115.22496448262272,101.85953991215963,100.2931722666228,100.48500986251726,106.17928166862212,92.02284798446236,104.17060431822716,103.48360443037237,111.63895435800124,103.52959106838456,107.3258043279866,101.8368119118712,112.46514270134011,102.41933634127057,105.4500860132528,99.62341618219344,105.10227111013364,110.10057827103496,99.77275179210469,102.40386571380122,96.10519455822144
102.59126518343498,102.37046470268012,94.67117286040954,93.07372653481572,106.07534554943132,97.39424482748744,100.95115787740936,112.16874983981845,103.09817947049464,98.49735384607692,95.54005862266732,102.27004037905148,111.82927245058129,114.94007283440402,115.49553867561916,112.15160629367828,127.17750340252206,114.36755909918568,120.79393780030472,108.05647931381776,135.11154403490082,117.3901818151908,134.4816616087539,127.15614286029536,114.59551672127192,118.7720476375478,145.1756271316889,137.44757300213897,130.15077863348128,122.24178651564009,145.06058771421317,137.07060513659346,134.69806835945496,111.400469995256,132.23718459454756,148.39762188273326,139.33629032658274,94.39051404862752,91.09666310941522,94.53718253634754,93.51326692271928,100.18322694306462,75.0265453005035,87.20991266738459,88.21427510924043,89.60989841852098,86.5185697962813,85.0363355113392,94.97960831797909,94.4082919656957
103.25523832426518,109.16961093591296,109.51643225467222,106.5441368561374,106.68313398357436,110.0821175136361,108.29847905188387,102.37254301999964,111.38977850122556,113.2272318373828,106.50950146475172,110.86114826232944,111.07658053400026,108.25359377399552,111.12770649090156,107.77931321812716,100.9837784818018,108.70363408151756,99.63511705376678,87.08328563792125,97.4394672698082,95.2389854698444,96.3650279985028,89.22088317044634,100.77179348142974,103.08733538916084,83.61668908076055,79.25521856927608,88.02713448610731,83.51656911561778,90.30446038954864,94.43008277923798,81.12215103300683,88.58680768764968,84.73592925505751,99.37737258594623,90.23673523105842,89.05614099964455,96.1150755314326,85.83640525931162,94.97134422110122,92.52986768497615,90.6589596337987,94.472518162533,82.80400655149082,91.87454515422468,88.21497693491952,102.1403790590478,96.7831476152429,99.2575691395738
125.6912414972101,127.33079562562324,116.26665037202528,129.76079925741715,117.77424796523457,113.0283345191344,118.5773637688274,129.5871574586829,115.33689410414804,128.9247253334699,126.07687364761412,128.38960982195243,116.60329641146738,101.73183207720318,107.32137192871626,110.3363535320542,94.12157422112172,91.98995968829516,109.20548532726548,94.93865936232272,98.40223328611472,86.1799184445467,106.11689032628352,104.06620005233616,101.83998478995282,96.81469374626587,94.80337521996104,101.96930056127847,91.18507806795782,103.72790318977454,109.21883530271276,101.13474095852052,81.35032970006424,89.22429356744287,105.31889462735911,104.2906717118388,96.73470279859774,101.2767699677622,94.76293163524282,98.1718306080316,98.02788915561445,110.70873631290884,111.03726923317326,103.8325693955041,106.9151978457144,103.95456649565745,106.40169594775112,96.62739391000092,106.50793954903916,102.96983657467185
84.48569624401638,86.2162791015702,85.23304733604529,76.52693986189887,76.22254545638175,85.81504574511195,75.57159875041407,86.29827532267262,76.54026978826424,84.43065522382405,91.923874890331,86.52738371804676,95.7029582853171,116.870983806262,72.47097797728998,86.69880371296468,101.63235309040245,98.60208800133232,97.8823908297668,102.47802694893704,93.2421113729979,92.48669697471377,102.16983271889625,90.56997892843162,88.37007563848267,95.26369124857884,104.292644886002,106.38715587405682,91.05715159072253,105.24389328040394,105.43283036227018,85.13468790985418,110.611520376318,109.38741033693788,95.5345290168562,96.106260380626,91.53402983350446,98.50621088414808,88.63842685991303,93.16318708698172,90.25328768537852,79.08175304307737,94.58712380832569,99.98580406721078,89.32019439783745,95.47345158246776,94.64354500769625,101.92239596250565,98.93007698786508,98.15344326609332
134.7944528594992,128.06555331730425,132.40769938451652,129.67347930829706,129.55948601386936,124.1880345076347,134.31734993757686,128.1000369229605,145.7715893384435,140.08943881814832,131.3050889465366,129.0244462579357,120.26444052602096,111.81400810206416,102.2341201009062,100.63544797281536,111.84816170018038,97.88619881145593,111.23858579917888,122.90947533113018,105.10759029539172,101.17575583091556,109.1499961476204,107.31633104303548,107.0771429046809,85.90978602477341,95.1422683148868,77.138192812574,96.92965380864464,89.27510386132774,83.51172074981531,97.93054929006824,85.83567371965601,107.24279419095863,86.92757967262233,86.41360822370447,85.35992083220343,140.2857531609747,141.31800383314555,138.7810987776909,128.6333852735499,143.9878380857698,143.85012455165972,129.76203037024231,125.9638148814282,135.4536106655418,127.44096900184508,131.1494859689654,135.7551747624912,137.63815063332763
76.12258663493557,64.06251823937357,63.43092550983781,73.02898747342195,68.95907641807992,78.23578214930747,67.96592334862002,71.73486278009263,69.19062993639345,72.79781615443919,73.67436359678213,67.63796571691775,85.23004118580421,94.15955279544418,101.2370995334894,95.4840712066751,73.50917933910995,95.31356861093424,96.1941985706952,101.0145586610279,87.8465213600251,95.53520232369368,98.53637795128336,101.2495454359218,94.30101201289295,96.32131799852765,125.34306312758312,101.81315503836268,113.61052302390952,105.09753500320905,111.50219681415204,119.50507533661413,118.14396809454284,113.16301536534782,130.58900410777576,119.93297373265206,139.05814501439784,95.67874824377348,98.51235443062568,91.3175244642985,102.47293763419836,94.52226987988722,101.59522140903894,88.25822383486857,92.39506543524182,99.23902403827428,109.78178182890312,90.93479918263088,100.69025019399058,93.77777215016624
101.89283434721077,88.54219670894976,96.17717818921692,101.64017612087922,93.87324324347895,96.072623104634,99.30501518214696,95.43505732777815,101.37801845634732,91.6387400227654,97.18836622517384,92.52223001968888,123.24824298742637,115.49593401349276,115.85972883513116,119.68135572540216,118.0732939681426,116.19038779215444,113.89759847104008,123.10588895488412,110.45683639485482,109.3981925920458,116.61302443250212,116.23092606505224,124.12086610722484,70.37008539671706,66.54796716885009,64.43540253813404,50.07020147861096,57.61131893886796,57.162071335860624,58.08410555481733,67.28953891207836,78.34397869181772,69.5193926150369,63.13601098756809,76.72138430463885,107.8613771528717,106.72311372298644,105.62361182068214,104.82803091209529,107.82098858926098,98.237954876804,103.42742876658374,122.32329825420123,102.64438814191548,105.5056706405585,119.50187985145716,110.5937246700946,106.97583555801836
111.12065849341084,111.36471473183136,105.06397606931571,107.56706366704616,102.34417477601916,107.76642318761276,104.39851466664751,109.75320099936232,105.57145896042672,115.64164066496032,118.53598607105012,112.31883644867102,91.3959741577356,77.91529334638041,74.82771530759709,80.62521020741946,86.15239255098871,96.4294025845772,83.09157883322365,82.37123830395144,72.09139546485234,91.9108146823883,71.67664483144065,66.742915946185,85.07151627162582,94.65268451677711,87.85162329152155,109.95193518045346,97.54471368647918,86.86643676885696,104.209592663827,84.53744293486072,95.254317240872,88.87294963801575,108.66117260435482,100.92729151761338,77.2957034762227,67.4785309164857,69.2935924500496,67.31812691113414,72.40532781634653,73.52121619380796,71.53208279023598,77.28809977903403,59.00620443639279,69.9613235815722,76.44013841465112,76.413170969981,70.8742218138405,75.37945072071547
103.86404945873224,98.69804498515612,105.8107505681214,101.22732704256728,101.93427387865457,101.07620848560296,105.1201917298809,111.76053308304824,93.76336352175971,101.1890968379955,95.4787696811992,111.45897855771408,90.42375442059613,83.05356328005634,78.44754005512658,88.95060673893589,83.67722521572396,70.99646503154285,78.82269946898211,69.57959651742938,77.23371281697118,96.34718471722002,80.85807456907638,75.7048518612243,78.22077473973766,110.33390472146849,108.77771859121192,129.27213346678585,100.21888253456189,115.04464935599044,108.2241965153439,108.93417522423096,100.5365260738152,102.61344081350852,124.86515608543849,120.5758826897517,88.60501646973582,79.10216637302776,85.50803118781973,92.74075615346528,88.67607150573477,86.16960881738596,88.87227078686742,86.1629101019526,89.70700155389778,88.67995462846028,92.14140279765792,92.6102689283693,91.61050632426674,84.11532960029034
82.35470253511113,79.89505423792868,97.3617594328068,97.77135651118364,91.56664030326094,89.2193128330807,97.1758973892714,93.68753836584766,89.80821596871156,95.21159970111894,91.13261242603788,89.08409756314647,110.1868966159352,119.33370554379071,95.06150836618252,104.63030847219852,117.44500597545417,105.50430392006706,104.30206356990654,106.66963667983592,125.90310621847853,115.74645231099282,105.41099410806508,118.11408720600764,113.50343940084838,108.3734374486872,95.8453085262466,101.22262897865102,84.0559836474179,112.62585692114288,87.60385740617417,82.60116850806557,78.83018372865202,113.04762169602668,86.71695949054194,101.50199858589755,96.35050958865772,82.37783208811842,87.04392126539555,86.86585914023594,97.90665538566157,84.87501485365812,90.17842938389116,84.24866834952869,79.1864769501336,84.28002694748507,76.13951798676317,85.90222785698197,85.86398721345168,89.54929193182316
99.0262573403038,98.82105926729568,87.50230389641214,105.57266456362876,99.8533135738187,103.97082297038104,99.80899524660478,99.42120811080808,95.55014344321036,104.7468373274164,88.75044607683056,95.6710134210159,75.03784525131856,99.583602126277,97.96485048104364,81.75428798866493,93.2926881066428,105.25329619384796,90.68327368939528,96.60172148627578,104.55707793038576,86.26362732538826,94.9778764504858,102.2633785267988,112.3322278958289,73.84882542728718,90.18334037798948,80.38744890144487,99.6134776670188,80.81861326936435,90.88519602851385,104.91008952711589,81.80049037032572,92.8951800645857,97.58692416124671,62.42780279955185,96.62214456150554,83.90873890920798,79.03620578657596,91.10661431676009,87.56381170927078,95.21046195981742,96.60212358012996,79.36248446618224,83.5835351213552,91.4068057068314,79.66997828276166,89.27891394892664,80.40001396381882,93.51413879555912
93.64342441593304,105.06998356728144,93.1801163758546,97.49927623402648,89.8178707145759,80.1659426974421,90.5429168890351,90.45343938034428,90.60559478677564,94.8884260337695,80.07212812743393,99.9388987646124,88.05781160848603,86.8439509186353,110.8771465658292,89.8004201790423,95.88362706827029,95.87416680888154,82.05576246332646,89.21520886301761,100.5988621715248,105.2331967487354,82.75960333500997,107.17671333789735,100.52528053841522,100.64362655290532,105.1396348380971,115.47977791146732,94.64795232447936,96.35099884102904,105.63968025285644,121.4728645680149,110.568466640751,106.6557365426796,121.86438423732736,107.8912349533541,101.4119329423594,98.6692052116231,106.3817363865356,114.26513775295336,101.36620581905224,103.9277496354792,111.67942302580722,106.6263922584567,109.85665547963704,109.95358944455177,104.42401386935428,98.84012175906678,109.40631622069095,113.09510095943786
92.51742283181368,91.12917408813736,90.35886466800363,91.58611935866196,89.09453953511967,97.54435557627777,92.44552349761646,83.73924532121515,90.58632446830488,83.67873458001358,92.64683891142592,93.68731791191186,108.34353784565508,105.9501890233028,119.7903331129905,113.85672315923672,100.81519101779308,114.79330639783193,106.31312709605544,113.78842491012892,122.7685362864672,125.95662959012202,122.36233572110014,126.81204673923828,117.73107823061686,105.09506598335342,113.78718274061276,109.07090588286688,90.43069996168238,112.50928376267784,116.54083365670893,118.11215054071668,106.31564985621416,120.46692328194376,128.92327985419146,112.50660972363026,123.81173581293666,119.40996164248752,117.01018239336356,113.69957544612666,106.77257444426274,109.01193311765782,118.17635480098444,109.39660015222496,118.86238830569468,110.31101880634232,110.33959674919124,116.2031411601291,117.01695841493697,127.41230363567789
106.36028857621385,116.9364853275736,116.10073183756772,108.70270284711074,108.11053991107885,114.43414886082392,111.54070558266432,111.70169040261334,114.06537281354356,108.15297062276642,113.44152043605268,114.92520997932066,83.06503928422492,87.289463655382,108.41441479821611,88.68435910953708,94.1478018558994,83.24199316504043,89.49694251297333,94.42243686785234,105.56415530360786,91.04140287917228,103.70702002561605,88.15311774753441,96.6958001925673,100.37158188051036,87.98699307250482,95.48446131148776,109.38814652784085,113.47692148336644,122.05767071716431,100.92554751480496,99.61031814123352,105.90168202952756,113.04049151399276,104.8397876958212,103.75607732829673,108.069381641273,107.54706506891068,98.04502064039556,103.5143412816912,116.05024071330897,109.22658719898774,99.91476991920112,101.08527905454692,104.1696949211913,115.5281958007898,99.5968795668126,108.83793838300824,104.625063875771
99.9499495874344,105.76437908221354,106.42121543066416,101.20301025669288,105.19803643760184,99.32012405018963,105.39463321294934,111.38827306379528,104.60464753320667,111.96895462390138,103.9310476007647,99.40064975960708,97.97492522187098,97.58788866078147,104.0561579038143,87.72815507621857,112.62145874981364,92.270434400763,97.82192184505956,103.82110269144243,82.82560077394369,107.5803904681787,104.82100499348172,117.02288362605036,108.5166135169235,88.65639485537899,94.65524744735352,66.5420262865868,84.94306030799545,73.51286493519973,97.11240266209536,86.0106147234328,109.25466874030244,87.28950052339158,97.65692455189853,80.43844821734268,86.351081805537,100.77464885157583,97.93751462376711,89.51454893942325,95.88581559194148,99.76091594853344,95.59228980780796,94.18542854956208,88.4533866067056,94.73231072582224,95.3992768257143,88.26668753212704,95.9750891648152,97.66353709031976
94.87212033775472,89.11190780513448,85.84650941239609,92.21892659741896,85.36421290013612,84.22979410584401,87.97830081034768,81.97051678814195,83.28632523135337,88.76074264287611,89.07538562089142,92.99999641748728,117.63671168689751,130.53711153487748,129.2082539978889,106.46322744403685,113.02956843132704,130.94874731685343,118.81804674588626,118.76346033613672,111.14935432877506,116.57501814669396,131.15265304424452,121.18425660988268,129.59343360320867,111.1431850253897,108.65417267617045,107.86687177075268,104.66649857589498,121.37939129602562,107.1131553302952,114.42370684901584,88.38881093923078,93.57870151419618,103.81643935052064,93.59519068328387,114.40420154902796,85.92875228652751,93.63261180119788,79.50852902896068,77.27297725497039,102.0706082711945,81.75990739846914,93.2077579663666,94.27002026151754,90.5110834995506,95.87566867619812,93.00289440356192,95.40761630191666,92.46115270588956
113.29622236221547,118.0893805464376,111.89872845316566,115.58598923594218,116.35963719770476,121.87596326753976,112.6723221020718,108.21855129061528,115.92492208930844,113.89186580620958,128.98549530185505,108.84831642894996,116.49023910903958,112.36322605622829,138.87976468911995,118.97442475221658,117.00871813125757,122.67506163712834,104.2415072661409,107.85705994200302,116.65734590000228,108.15716770836303,120.33005649109452,115.38578691188756,127.62121823610102,90.49952596482696,103.98796463128905,87.6705870045044,90.82425656237616,92.24894687472144,79.88502665381806,111.54752949089766,86.41892053677316,91.26389312426548,85.5954396523824,98.60064529562854,88.65050256685545,104.80254219910977,113.26781936144776,113.95139528980047,112.42087130603956,121.88577573127104,116.9529727851348,120.0150817516527,120.0182594258537,116.68610786876545,119.78582060179886,123.6528936017549,116.3355449626007,116.3416087178532
108.01699630001228,103.15812009220588,100.6293635291317,111.6174857778813,95.68016035347858,99.88195841343548,105.66995957852002,105.24083149431948,94.86263403653705,108.4036148939672,103.31861712299198,98.93939188347436,115.11557196807236,121.02736293094486,126.60407922879271,130.76721932725286,117.9058496109225,126.5888507232107,136.18266401615364,119.72295139972584,119.82813478213814,117.50369764508216,118.4959184741666,118.51685422677028,132.13511091077558,102.40424587685848,111.17940830247828,112.14210702369246,113.49450261859468,103.83460320527368,106.17817825632106,105.47383583244,130.1438439141467,117.41035746299214,107.65563003943284,107.6147900510868,108.31074001037088,133.87281859019683,125.4180154183732,128.76349612333252,132.85294706928826,123.12726546024231,133.2605737770764,134.54310119994997,129.3590147595938,134.73796182776204,132.65296650630106,128.76861886695457,135.4121099319262,134.3219056569328
112.3345236632367,113.52989335294392,117.5729674755774,115.44518224526507,110.39478342032209,106.4261792296046,107.22613828467463,107.26965785834808,101.9411444961634,115.674546092986,114.74355358883476,110.45907389875084,90.0440094621095,96.92259350147197,94.27029477393629,105.81769286130078,96.80809915240408,94.84660671577949,104.45995432911438,96.1177965219272,93.36355822130932,109.60252027434936,89.53941697149763,77.71431250367597,87.11490457587884,139.1089527705533,104.864907487631,99.25530631047825,114.72169085381816,106.24699040522728,129.3593442983019,111.0730228466156,121.80289655289664,121.02116901598076,105.60099325852124,127.99581320992483,128.9505558941535,98.04115928397708,116.76786223125843,106.75115601258564,98.83170155015831,105.89814360229666,94.80388981628384,92.49733088148912,104.67750187460564,103.08980575060222,102.26776283619289,100.75375821774811,99.2870064760523,91.75861139768344
109.5932133263329,111.05292165983424,109.5509908722139,101.9290311200551,110.9499693248129,115.13100534067785,104.3650384939043,105.48181539327813,113.14033510236204,110.83843169078148,106.19760853078478,106.51546901161072,127.43253726956648,103.79089743373156,126.72180370774316,127.9622506478747,109.95625339193732,108.99585945276894,122.0266223845041,128.24300695183433,114.88472315231871,106.53190418587528,123.61306295842483,131.3166956407613,106.4424215560448,85.0327505825577,57.331886771605255,62.61461539050888,75.67749741032965,67.98155639887828,49.20593826805384,76.39275640062472,53.856497009682904,69.93960627597586,74.34430181888906,54.2072048878243,60.602389294011765,108.74643716159936,112.28285785362816,114.1919312641332,119.9021886753086,108.18675756577824,122.05017579807324,114.05045895873202,111.41546907522036,121.47371599232488,121.51323020780576,107.26154209057536,111.76692163647986,115.3198782932287
92.25649386604891,84.22462256795367,97.07102826493396,92.82481292478352,88.48424741778145,89.25783921759849,80.62236206701286,85.44708192752803,90.10017619684572,86.52173298006659,89.04123771137193,86.45707636424372,80.47750714644988,79.09692131973858,97.39642948044492,79.23843130228141,89.13568661299767,93.2361909920698,101.02563296389596,81.22324484599699,87.52017888852626,85.76187783892179,87.58221200862303,98.52380349582074,87.02249678862047,103.09887881675472,99.66671286675032,77.35480045821821,86.9037072948405,99.95430014551914,123.075715061238,83.79462622208997,113.35370126804568,105.50256233660238,98.83308250375735,115.82511850286124,120.75377483171184,97.60823679907148,104.04382842300473,102.20858458087648,95.800416578609,105.19514606157011,111.18302133982672,103.96986424663572,100.1883298567234,106.5965740729063,100.19999740692202,105.19385812345952,108.76287038619289,96.88593534763476
89.01706075595858,96.55749614472808,91.29398032797236,86.60698126047339,105.06245271694794,86.90765651436347,83.5959288745269,84.76919737609471,91.31030757167528,90.03394216838367,90.40611602176736,84.39237622442086,82.27694722770292,80.9573485612796,82.55673973747142,77.16680629012617,93.17117644292242,90.42231595542908,78.5775439392994,90.4968059063643,86.67882000513082,86.6696080258908,85.77868318638168,78.27239736866252,86.9459025563734,66.39618727557692,81.39302400012159,84.84339347847111,78.41274011255683,75.67104577333066,74.10815657214108,63.87868286325913,74.5162953105967,65.18262776493152,86.8772982364352,83.97463937149323,80.90224507434579,109.68063842846092,115.39961418329112,110.63658124002032,115.39387051790314,110.87828717533728,103.10200510525662,102.1394791004951,111.35634668371029,106.34903047496016,121.69058545972337,115.89303027131432,109.34193323451537,105.55683393133836
111.69000796155385,110.33460529337188,107.6673702422966,109.28954771708716,112.95840419968846,112.29252895387202,105.12299061574652,106.33879484576708,104.23216155307357,115.49889820330564,109.15681166320029,116.0034856091873,61.089581290448606,58.37539921983059,58.97060955191434,68.71623913047374,69.01793991826486,83.18825690957209,79.84416317564262,67.06386540771804,58.960483849208586,60.63936825889208,75.10435056419732,62.92008790357933,60.39188178252852,151.3813700903695,115.9240933348126,141.8457411212974,143.0480388187124,127.61871136983292,137.1153127120414,134.15824985483803,133.1437448295065,123.43510920162532,124.31183300773056,139.59509986540536,142.91496706327416,91.9957621106511,92.1083340815137,76.29795742605968,88.01513677750398,72.82581550054992,90.72679206108752,82.62770092868145,85.64599477489736,79.72811460733894,74.80845924532369,87.2809647487149,95.76649449683724,86.92913719452774
106.84417753797676,105.37682818403776,101.58698201843784,110.40655501276044,104.13528099729191,104.02679056330058,109.95286651552262,112.67269356543852,105.6159992781316,111.92340163684094,118.2500466425036,114.79398545408412,127.8049711389533,126.62813938865112,126.20387128792498,130.17382312126134,110.94569962337336,116.9683719912736,117.37131041447356,125.44422729346503,107.68863281257738,121.54485022978102,128.33255385900068,125.85788338137856,131.69984438709963,78.5105609297725,93.3899271625465,90.19148427881127,85.38161438472336,89.78717165054691,86.31168006347737,77.37379731500684,94.90182126343224,91.40634699375546,103.80438120307926,90.84524785919768,92.48308553240646,89.64525866973504,89.41078709625997,98.83039522237586,98.41693465291736,87.80109286049742,90.82806958260905,91.17539249324756,94.53345741518274,96.30069022225868,97.36702615160269,95.94901285165372,96.0766257185423,91.48325836717402
97.5139949533762,102.3690253083898,90.67077770925806,109.6648135394576,99.20915485509242,105.1905830826508,95.22253851307836,93.14962717938296,98.37274235210526,98.39997608744883,105.57240090645948,89.94976371983371,90.69029817208708,85.75582538784444,93.69229319931212,90.2416591054628,95.00164358512768,93.62088563346266,88.95020566618967,94.48456881845556,79.09735262082924,87.61829533774844,80.33104116369414,79.3574778467219,72.13739357224893,107.84786538033232,116.33235078531364,116.82279722820138,100.9582541746024,106.3297861638332,116.16297619513776,122.31708925544658,104.61451053355292,105.95331414633472,106.2467920455874,119.71968740536256,119.94314539447666,99.39322333568217,99.9391499915466,101.2165482238267,96.53690329275749,119.16316540163837,101.26109220997368,109.00119563339108,108.9870176811438,96.24703201364964,97.50105844104506,102.22145459751654,106.08158251760896,110.1177284489786
100.21405013228852,97.26757084067654,93.83923103460428,117.30950352965851,92.87867908229948,107.0667655739974,104.3279830707872,93.77055007715754,93.78044090676116,107.17047231459745,102.44364398662788,106.65219977796448,73.7447589898488,93.6597224829858,104.4867396930866,81.989505109892,105.60095061782354,87.60965957549809,87.91131270272047,92.81528172977346,93.7081020772935,93.60471256831627,92.65474067070856,84.0611950536248,93.82383325533166,92.50907659261355,92.85536825326136,89.68950447944104,109.64198924777811,98.46431605229448,87.89022904085425,108.03929981112756,89.29533647719579,102.83346520229344,86.62655302298484,103.39572525845064,96.2441693780601,122.09896456740988,110.73444405648004,111.34777652961432,120.074680936374,119.61762859027668,124.66303031770885,118.67484661866852,113.62389092149492,110.11208167266942,116.29313084786794,114.28658990066678,123.1067688217828,116.86270453962292
120.27564229499494,119.305879223672,120.5006066918838,122.19858873250728,118.76197469034256,121.82500443093608,119.3385421805892,116.0148485391569,115.4698301467102,118.51980286117744,107.64391375710652,115.11233028771824,94.5182165816966,89.76883588349682,74.95179406957496,79.41005819200801,92.98642584984616,87.60390741246036,86.46268763543068,81.74364327392762,84.36849937661398,74.96866689373229,91.8010812651089,84.66227404086045,82.46549051205483,76.35837578470921,88.70001138738257,88.67748644536303,78.04512374904695,81.258208025456,109.60265718022868,82.20579901706094,86.81776201286662,80.7723547015868,104.22491181081168,90.33957316852016,90.77750880120924,88.76486035406258,97.28662400445243,92.6352784756797,83.71546196430579,86.67440986745716,87.42166019887453,84.43206349373536,97.2192734239844,87.79216991818626,88.28784630380068,92.50041351488048,84.84390421557578,94.3664245737818
88.73268605914517,91.08083418424152,93.67005428361222,90.2104460738606,86.96114888245876,92.93473447369765,81.28390810027227,94.78620668001176,94.38808085834594,86.86811829579058,89.3213830511997,95.41130685237648,121.91842299890214,124.21207646612211,125.72032726145868,110.18996840266428,113.41021671419873,118.23953143745744,113.51681070893922,110.33227214019828,101.3901390504678,112.14773426849976,118.76134154618887,107.85884328927814,97.33706444415644,83.36896196312091,79.89883920084016,94.11694467694196,80.10256488483293,70.82739468546639,99.34271733885872,98.96534548411609,76.05923469157854,80.01528103478984,97.24232098574636,96.59785838793468,77.006273822293,56.78470512826885,63.271871415631885,72.9454985845812,61.06365868250069,80.37785465404365,80.89562525941932,75.05508803713995,67.44622820236634,75.20604604552508,66.58034124142101,74.37250692769848,75.0386022497962,68.06602910067028
114.48524134541816,113.63593854670846,100.3005072073899,110.87898895995332,112.78341209535138,117.01240134188744,111.48133863865904,107.22185167756612,115.34298753899664,104.41160722303384,121.721598539576,107.86422825421847,85.96400279034654,107.47954722317392,89.2361756540651,98.26324064628332,96.12700960288096,77.78841416046801,93.12797244016346,89.2443230484903,90.43904335726856,102.95242774879968,98.77893694728766,91.2582051613297,106.32334314739434,115.14346680477172,116.48945826430749,92.84229510559749,132.65827722110885,151.07018504947746,133.62815204848184,138.27811188054963,123.89212071447618,134.3158847724605,125.90311179836922,138.05054914057777,134.1796015188173,96.500111521901,92.36069798428788,82.1839213320272,90.04282725353902,90.14862174296626,87.40870534006076,79.19863259873051,91.81253969452172,100.36824619511052,91.43601618567992,91.49406369078991,97.89744490336246,80.79652266600253
92.49407370239408,99.34060137789136,101.44230178387215,101.40538734286078,94.21940884051392,96.96554185043271,101.02110344145014,94.64420482291352,94.86993645019884,92.07340603194277,95.81380188029306,97.1109880338966,72.64936068562707,65.04557246700706,78.30722666839712,86.56620554432565,88.68686182851692,78.7882868495729,86.13876619622685,84.49184497194256,71.37984753562107,87.38432679273312,95.6028566264824,82.20947514431347,69.55413649419917,114.4656155441612,110.2548724013615,109.86682730589942,114.68648323806492,100.70502842929952,100.43478084477655,113.20736441977402,117.88313657741806,115.82110058895364,114.6784497540243,101.81495905781922,117.24511787529258,127.92276732623336,109.28825172296594,120.28197052348509,109.72209276381888,114.60343854340904,104.76201557138782,114.76636994464609,107.24002525991656,113.84932623309312,106.830138027639,112.59492926982963,122.67316506190105,116.50431620729138
95.8004237307849,96.60964715786598,94.31947669317452,95.13144382380574,96.15095237261546,90.82541132448767,91.76546857741744,96.95657593916974,100.5172237231722,95.37273186857328,102.25086981186,95.8092937044856,103.02291136056472,111.24151593347204,99.40370358288835,107.77896664104723,122.01304636361854,102.11926059044994,107.41705405868896,100.91940002786184,105.61838365040424,100.1470547236724,119.70499578864226,118.06109573099884,101.91821800432942,129.42553298738807,122.04684138599332,128.9273200092997,111.1823246343724,130.96835138008882,131.20789401524095,124.64707953498336,137.68436587117955,122.12649065639052,133.54886149885462,118.64992023716538,148.9788919476422,60.63835056910811,67.55143062593243,71.79201029911792,81.76606894266547,82.18638327041936,74.55893644668541,65.66206054173064,75.07843519589855,82.60653825559756,70.31686332134095,83.24504869435646,73.59670894559079,63.228407059466946
114.282997488437,120.57048427580928,117.2156178397356,125.45770955936948,113.30386357278584,118.7290223439694,118.58261049428282,107.7531156155096,106.91135242687052,122.65027417148885,123.69136478957088,122.54229880097527,72.44601747219374,77.06986330733586,100.08068031534329,81.14032008015246,70.86972592092778,72.8783912414856,74.31473180082651,80.30448328980765,69.90931900094566,68.48422630482517,82.02233630665268,76.06930787031277,85.75788769028765,94.6184827921457,107.66798314672882,98.86886384990784,118.30239147290064,83.11152174312507,112.92266400750552,123.42782030479027,112.11104988253376,101.00821811471567,102.7780858065396,93.02919277257752,124.75478386406309,74.93196547389348,80.5919494994641,80.10157445264271,85.42458167610765,79.94178682632813,87.08153661238907,76.8730419907895,85.53962803913534,82.77980907663961,85.33578986120152,80.18650962914674,75.00980209319977,73.62987620283178
119.61613465658913,119.33228297990702,120.44234837609758,113.53159903077749,121.0755019940871,122.81148048250604,108.09875404777446,114.8547735036956,115.67850144038852,108.35576932966792,113.47606481410033,106.18330517219532,89.23032911184048,88.68015686319048,89.37547948257136,88.11783778715646,96.0639172866258,90.52061533834248,82.90440757784891,86.63753196997358,80.64767686930391,85.1654110630294,80.7302688444156,88.80245811003853,92.60727686769748,100.61366075275131,96.96927555033623,118.88981258096406,99.01868673089037,84.34831995251025,110.2498483122674,111.53041253953155,100.26142930236747,118.10790674870684,96.3960347769753,89.29454834225449,111.95198883302147,85.24761625885705,96.71205879271972,103.4608994369303,95.42411198211347,97.85965435465168,96.77592087755342,105.48766100882278,106.91384246692267,93.15028889730728,102.51680974063134,106.81437213790936,98.6778509555514,97.04109961677526
113.18541842256744,114.99169607176889,116.68684111933725,114.69135998546656,110.59643070942002,107.12884707408033,112.69099642375124,114.1198196970278,108.18290246637216,113.14502334510009,107.9935363806688,115.2418462336846,52.82446098973788,65.2103990122684,61.588862635156275,73.88161827435665,67.70692649654917,77.36214893198955,74.88397346153437,70.11607099882244,57.92719023269568,80.9389953589741,57.91676318675465,74.21162747056827,59.53126570873082,93.68363683613356,86.96302644469141,84.75311526594183,91.96455361610651,96.97039143369337,85.97103546883294,98.5553730448592,100.98627259456136,98.92999339791793,91.87160381732146,95.36464125947916,96.67637962724972,97.80860468413304,94.11066065603816,101.78018050427896,93.91510332559248,84.73789271641374,90.27982891177876,90.61524632593324,107.63207563169874,98.21197198970782,94.117263053649,97.43937215942944,96.57064811274157,92.21417434195692
124.7414048046581,119.63394520653183,118.23952886778578,122.91180336758724,128.74496732471096,117.774868273845,113.25969007254012,117.53563973683632,121.1189101908548,116.29873537917788,107.4056204484005,125.08883293176268,69.69720745274199,79.58133735613352,85.55201671673547,81.1435535289632,77.6032439008071,77.57439859520267,73.41069207858017,74.96269715653159,77.41262275247763,83.80541294871227,75.54157435691819,83.07377172913789,84.10054199112099,103.79222756446912,113.3730536216702,89.48217451882257,98.25160947653852,97.43744283095788,89.1928294001883,109.329226419671,100.61900141533845,101.62327504752616,115.30094527366188,101.69493150571992,86.23312183201918,114.85931464296652,120.95362780780285,111.58987227142356,106.63281266959866,103.29800734300184,110.29056163951492,100.3746903110748,112.03840659825116,105.20354847556912,116.86266380207644,102.6318005370764,118.92026682840894,105.6466923968007
92.88725575930653,93.7558764627406,95.85909649741497,102.42299067756366,104.38581643508272,102.39728781499863,91.34952536181852,105.34468018347349,99.07629553329284,99.0135124181342,103.73587366753615,103.89675802719344,114.99151514720644,103.88919671438332,108.83102378028744,103.20383882618546,90.38569202275086,104.32182896628731,110.00116130968668,99.96523118959256,95.746355386188,108.30965496016104,108.70364511713642,97.76254935022445,104.99621337507294,82.88740200219762,93.97909613107984,65.213005749755,90.6224639828802,96.98668592086332,79.85233463277957,87.3910023628697,87.64988317099932,76.84935064756505,111.09326343911962,84.15751306331612,93.41919404542772,82.20210309209399,84.11847521835072,81.2701886078803,81.13466770940893,75.89293211737863,72.78697533231121,95.86076849381006,83.23057776811453,87.07848387618276,74.24951319337502,91.24297143345854,94.7391707680828,75.31669165212968
111.56454589877076,104.9037262540476,99.47021756277792,114.42399707177252,112.63962820610138,109.95977032439576,108.31520862135962,104.59181407465924,116.83136461834364,102.6790885094982,106.15551455530672,121.85278914104154,63.10619968967199,65.90034536966475,69.03014323981706,68.38500903535709,68.25364415233297,71.44642945293012,80.31365377111157,71.30003357243254,77.78623356185958,77.65081504274009,85.14513606295164,71.30297641336843,89.19624392534787,109.50717027172624,82.64501925727328,116.36301937659672,120.87119577677994,105.25562127402232,95.2257745189792,96.20394700467338,96.46555875436069,111.52434663521127,116.8868379161721,95.91893644773631,103.36299850281756,103.477295276146,100.71413820479393,92.57746111397452,101.16359073629266,96.07672126028164,96.96547728515048,86.969586778949,92.44755041838408,94.97126952534306,92.9557782922856,95.84570446185884,97.19329491533388,86.68960510595595
99.79415262921536,93.8198751293248,91.75023205488606,92.25973271836354,97.18966438768577,90.4344807492116,94.72735391972398,100.985543617366,90.97382040939856,94.24330750531549,96.22675091053662,92.70126483747468,87.73024035549767,70.61187374807282,84.50766783294134,78.43314553101412,69.80469446692695,77.79724218152558,64.43310323190522,79.39941017996478,81.02961626421747,81.14894663082296,81.12239040596067,82.16313269202669,81.0143374592207,94.0194309122536,80.51361817818172,85.69839965061905,71.56061958265008,86.66319388924914,103.44908943381012,88.96289868158259,77.88062295206595,111.34232368134506,92.94354047833328,99.42587864799864,93.54164946825166,122.91108277802728,122.875738413142,120.40110519743916,122.07247499493026,114.2650314416798,115.8840427286774,127.8309064545743,113.95733858664843,110.26030239670764,114.89384336697564,113.66331715671797,117.98412468415806,127.17879550509112
105.27391523370376,101.81493427653022,103.80684409318816,102.07098651759648,106.83148177840788,110.471784568479,102.87409681925362,105.6349636153029,108.0005267751358,103.89396838830184,98.6133935893798,109.64901940029428,102.80717182272898,96.374900797052,93.36213057136096,103.84119728872209,96.25363082196031,91.24972515631104,109.02787735641616,99.93085093487862,99.40565131253874,100.9293346389165,109.31424861185776,90.93765555792166,98.83453168945962,112.34394080147044,109.05326354969014,102.24454495209596,114.8881559217225,97.132631391813,87.41850244423048,117.0151767056604,111.64865272312863,98.7139574073345,103.2511435054437,108.03419786453054,123.92650770702548,92.3194410364613,81.50139155697408,81.39623007138287,82.41490890929728,95.0546711605914,85.07335602556248,81.07334410797267,87.92804818345718,73.10826822999688,85.79678286201451,73.76172308879701,80.00711011260297,78.03768981709686
103.37525605981148,97.1129976695575,93.1119565487288,92.54708301962626,88.40949128775668,109.64805779457105,92.12770139337194,96.36509123509389,96.65031686800208,100.7492939046632,96.72166648213371,97.51740100777764,77.37175484189814,93.71997067425832,87.90255035901019,93.9856996697887,83.06040548837902,100.71345337238736,108.3292781461618,105.48879541070887,85.4660125798539,97.14435173178796,89.8834366691018,101.95420864497628,84.99388090164882,116.42861298816288,105.78770395701808,102.025326461596,109.98025022520392,117.54027396703864,109.1093446812915,82.628297621211,85.48152766277263,90.73121354098323,94.56829434573348,105.97998295836632,94.30592039806967,129.1149490532966,119.51537428838829,132.98581119940957,120.5897913452845,115.8079108632452,113.85071162110644,119.0047097160202,127.86010655508748,122.02780470016732,122.4426665914772,114.41367965523304,127.10182654591924,108.76907852576964
98.86849722438892,101.73818909937631,100.79865463942926,103.65244562799192,100.060522504137,102.43559677001032,99.45544416423508,101.35557129804924,100.66341208484246,102.57134404116763,101.62353474939604,107.62196985665412,134.96318310111926,134.67252027286372,113.79881630286113,132.92716088615165,126.28928244088556,132.2421124846603,131.89657962900506,121.95465418945936,132.92471198192004,125.51122070564546,134.86270254121,141.3332607811025,123.92660260374504,93.12132185767672,89.41030199776691,110.67758893943908,102.94358154639468,113.60374311563808,91.39219690585132,101.43492326074364,101.63683632945272,106.07065309348732,96.9924065508338,115.85757870413345,95.07218897032249,81.57108680001264,85.48235288283637,87.50719927148907,73.34862100402484,92.39262533281408,91.77772412033308,87.3894635551989,77.52666900657704,69.46744038291143,83.33975373246209,81.75127678710206,97.12023356361875,81.82323497361412
115.9740925824816,111.57581915333736,109.31161479634756,112.82203789911428,113.15314523747531,104.40701393287372,110.27382914445738,108.391031552499,108.00808591575766,102.93539475679349,110.2703232867752,108.88891040294686,126.5671097728228,134.3352400090868,116.91683951660912,138.2502230811751,124.2595653341784,130.66750011038624,132.3011216727242,126.99481783074393,133.03405530515474,116.19274409943506,134.095302826183,121.72620614680967,120.90229542662036,120.39511803228226,136.7126040235766,128.60058313051465,132.99968604351562,112.66365431786916,115.51443422084272,138.95752308116946,99.5906389388674,133.8819995937975,119.5942725084858,123.89452970684206,122.7626897116466,113.1410823980732,113.75142828025912,107.20022991072204,120.4927094174205,114.05924139142944,111.642516750702,120.76028811393115,117.07929898358503,109.63173192169675,101.67542343746072,124.29149696186572,123.4558290077938,105.99233731249883
99.22118036959417,87.37419586120245,86.60240984245752,90.01555408225734,87.48220383412739,79.98188712623053,87.50222460088523,93.8281042335865,83.49832422902735,93.14768097171564,82.15257881473585,85.78731084218556,83.33742660873477,83.02764287419738,101.44220950409816,89.1024744407054,87.75520240624309,80.52908602652803,95.27720565368595,74.39213088179682,88.12267035634574,92.76513853572727,71.14440885191246,88.53052320551804,97.94995357002809,117.06721875651182,107.6864749453324,125.913072889087,108.7769709298816,99.81386803562248,79.33689708482896,94.31554674258096,86.07020651993349,98.52033403301353,120.94587116777384,120.03637147976292,107.64624225103437,89.19356085391728,90.99278984381128,91.5400226385612,91.72304275960916,99.24626656107743,98.98675835423204,87.52921469415314,98.30792449517816,95.79180430126016,99.59582923059568,90.89765107475766,101.23348202243812,89.09581658304623
129.5716163330836,133.81831735441293,128.1357962311646,139.75827130201958,124.35985990126404,132.6756890413878,132.29831428827796,126.00241349792684,131.31531430574856,132.43732433639187,137.37036387908867,137.91617015464004,110.31672102142826,110.62782081447412,121.48849329783074,103.16507611226696,95.43906537772158,104.68330109213832,106.15320575462005,111.33371610539132,121.18667911978768,118.25896912204604,105.04955385704017,113.49529032942048,108.500823596184,108.77774003690875,116.16992136320482,115.89026392683915,97.53127719293138,112.7914273580664,105.86036073121277,126.81199064711552,102.57956565832718,100.8188410823748,129.41372800662742,106.87275500408376,116.89957744494632,81.44243912220705,83.6054631182165,83.11552919897431,92.15541757797288,87.30249370383056,88.58562890312469,79.76487739704416,76.14352282533018,76.4842771110832,81.51942124642493,91.51110512949258,89.56619132209849,87.08843102353026
82.68222667050061,85.23211135155508,85.75301263733812,84.88175918335924,84.64771702461712,90.42912599408577,81.5591632752333,81.09714308177148,84.59649816689536,85.90170686339191,81.92526535384461,82.45192958240982,115.03630623772612,118.93925908881816,111.76554754238347,118.30809264114512,99.67509317122918,109.83016477150554,112.69748014149472,102.31726606217724,114.91633689779027,102.29338283834352,118.83684142741473,106.87432510256174,115.7612153449896,102.62140506222522,144.33992686840492,126.1201876695929,148.27030702009202,127.316105395227,145.87995847667585,144.92008015488184,141.73988403757656,129.6868003434798,138.23542586063766,150.7521240064127,121.815756844326,92.91750432481976,88.30853605253327,100.34310158313374,93.72317004550204,79.23710111083652,85.60184457851528,97.62773270081654,95.78925512144608,98.510437234143,93.24048039837356,91.76193228109253,97.54037361023572,89.85756857999972
89.05409319377252,71.90983797641466,83.99687405603106,85.13087908614658,90.30769838946148,84.16300954066092,87.64576038176482,86.96868526854641,82.99337205021766,81.74125904125832,73.4148235059178,74.72354201368124,96.6985517054309,100.36257629078698,104.34126870715264,80.10823042828261,93.93313129547816,78.76481958204313,80.52422089264908,88.81133508262134,98.34667487017822,97.61318898896116,93.23356381472648,94.89072789513872,103.15179792948103,117.56957260794684,124.1221559651349,113.98568866418624,104.0116335080443,127.31776089749366,122.24749846407347,118.9439648845362,126.4803362834684,125.58017876720024,109.99312427529745,109.8519042203015,127.16478504645052,107.6644938814728,107.14519023883987,116.64056787735773,120.3256430744136,108.10462174882558,113.46748288033338,109.90190369724692,101.87665906579409,115.31997712118908,103.68255850212164,101.08703547607485,107.8901939484337,101.2583582153776
125.26952383115456,112.67498613340724,111.9196677152868,111.91315872180444,123.6061216801746,117.35964389790676,111.49079641972712,114.39398842658171,117.79418883096533,114.78287586638992,116.8265460026837,114.78742868663188,86.99289973291096,77.09621411947477,76.2862810596605,68.91556990661265,71.18737201596615,64.06260235094551,78.67595718077055,74.59036234987633,78.63540027681476,91.01300265963246,67.99475656731947,78.87292196286427,58.69916381486722,118.64694077845516,121.78335426934116,113.36995595265458,105.94438266443494,125.61487686030443,105.31393000683173,111.61215242793268,111.75819863840026,113.22722720736208,126.22810474393305,122.4723945056271,105.28541728789006,107.9507112342993,97.88548922937362,97.52038175428426,103.53511927667554,98.32382125307466,91.34678942561168,106.50869706032594,85.3214322704367,93.79698435996592,94.4622174995752,97.05792294577526,95.47790074123289,102.57471113622113
109.2606402736777,111.15450263083596,118.9296023081754,109.93944189707204,111.56492036261388,108.9285821504975,114.31274189487765,116.377605796102,115.8649131575052,112.96395210818768,112.04681695457634,114.9701051423867,103.08061056260598,98.04806946086224,97.86824083983588,102.50230137813968,108.4117615822186,95.0095398152706,103.80041922553546,102.0626522731885,105.22083888643496,99.79755364632216,80.37454425456029,88.07217783926873,110.04651337798214,69.2285455928804,110.97646948541492,80.38130752089413,92.78180003095154,93.49481978914145,105.57115351098562,92.52608802569615,102.69337471849,101.47222694474172,93.01350648208646,88.97435507913013,87.02226002370392,114.79603279660915,109.16380561601548,111.17523587211348,108.18492338432488,109.97917260350256,108.5562147150908,119.86771289824082,115.81642668949786,114.98877612647124,125.77276772250428,109.09111362922548,116.6521566356825,123.67668615530468
107.26086317030304,103.31332354157678,108.868856594361,112.8394860436112,114.11904364107276,103.90097909219187,115.27125272058213,117.85897717082588,113.97934033601916,111.73973943542524,110.16474442164112,116.32199101371778,86.40224216749745,98.93630874847948,97.8594000655128,101.53848822008096,99.2094726539087,101.58748100932746,101.5366190612001,92.9849875374269,91.03306501643492,90.86329739985436,94.48106891537228,101.0806054056168,97.850490172055,116.78400223239645,114.45684164079404,103.8432879084328,122.69405096538752,100.63595337554035,115.7576884692038,130.0907907535313,112.32087546732092,115.09175368591606,81.91455144707575,114.64030700332788,102.29007266162506,115.94358243267908,107.4291516353502,115.1671150667861,117.84960803245596,124.29385713731844,133.32009632995383,132.3854449689181,123.08298914555316,127.50425982195205,110.89666944444876,116.4002902022401,124.07013852681136,124.7573338898623
108.01625959466166,112.42482628894524,109.51943075368844,113.67069319267992,107.59264753712394,113.59893927058862,111.82972310270868,107.41620750425604,104.1720660298252,100.69070418223644,116.2358446573896,109.98082951544676,89.67436888423119,84.26587276226147,92.4641597828522,83.50312275740876,98.31762974709196,88.23843342600118,101.98693033422136,88.70108696388886,89.79634563973836,94.44768193365476,92.89084700228968,84.66239321527243,96.94391951856429,73.08873098089485,71.81078103043556,88.06053668164004,77.14328932201701,95.2154402462262,81.26632042994173,98.97010008888331,78.61920713580365,82.62816187725535,83.09686199356346,75.44352954096658,74.69154315979867,77.03687381081312,76.62016052059404,83.76911256352692,81.23973025620045,92.55378191549708,88.925660233012,83.32607161323415,81.56411519093356,82.24669481470171,75.92934585353561,76.94005164897673,73.53273662792247,67.53320659032968
93.0940458521249,107.47005256901475,103.35737052357908,98.34646366897536,91.29694047316268,104.38515651422422,98.80367727197212,103.2231100401728,104.16016091025014,97.1224942205658,98.634054223617,106.4072837434664,130.17913970461626,105.08587693418322,104.91318243398584,103.57221317457328,117.92029158583443,98.48431144174155,100.43633559738304,118.12160473515446,109.42966145032632,102.23048127686168,99.56336942384053,114.14837583576366,100.00752724848128,110.76934716634138,113.81566780118538,101.35008000823386,107.16437711395812,116.8121049380886,127.83120759599213,108.7376257325336,93.63993457232932,107.2042383016833,99.06458560612568,110.39242792090708,116.38231090097555,85.08656445608001,91.98059081386263,94.9786686816498,75.91326550369489,65.11794096304044,93.59794787894737,82.4868297163306,98.35860372947268,72.78909135775072,90.03891574235931,69.73313962145724,80.23825845014758,74.46602581196275
81.94792469529153,92.63499368619912,87.70726508403003,86.18318816842219,81.91885448706475,78.81253549425885,83.89969919439763,80.77272302101323,80.60950229216326,85.26644957569458,85.94308630586866,79.75030982032456,94.53498437796983,94.69574708270106,97.88624075211244,83.89038523715875,86.26136940046344,82.22157066901465,84.47820184152805,91.01559021871223,91.47585174737507,83.8052150152648,89.88373539113998,83.36936729384492,82.69806070732787,101.857087210767,97.4742240146218,96.04310210136651,118.43768870325326,104.84050656329148,112.33254391045378,98.03536714800352,102.03777956354648,112.41034191647044,96.03636837330724,97.61148270379194,106.98068749421856,72.00926294715337,78.570002703467,83.66265802121798,78.16572849259511,77.22127534063705,78.2068092120399,82.35842162778216,82.70120077109722,79.56816698430126,84.2725716816793,89.50486980857573,75.47249926813973,80.7127845795046
96.11636453914556,100.06985401825486,105.90275154247212,93.54769963950186,108.95151221544688,109.08626326380931,106.31750662813718,104.91073486324495,104.07634781359458,102.41792140137728,95.62114646674044,98.92075104881638,101.67433519280485,87.85561382186248,83.92112201796249,78.82662620326009,78.12414314298266,79.07729740115036,97.8840955542437,78.23162997013472,86.78093136985883,86.1855093244852,86.77113076417602,81.4297533170237,86.63080390481676,87.4672626853023,105.39232238684548,115.51022834028504,97.34759545168798,84.05868648654217,107.1773019502686,101.52118723315536,99.37185282562136,91.7897686029704,97.84669694166264,109.72302861400884,118.00638865361532,85.30494153837421,91.16786752465812,76.94858339917566,78.31042360778706,79.03746157459797,87.12663054374777,85.65712544892035,87.39490947507191,81.39448862550468,84.55928336882519,87.7781607406134,92.59510552568857,85.04626212769561
86.00358650179768,97.29620501156808,91.27819515332746,88.05742832328528,88.47260891817182,92.71293043178834,82.72769970100997,90.83969425725216,92.94126825083268,95.80912935695396,93.94534184175782,88.39969874154782,112.79971721284096,99.47410372033636,107.3360986707179,109.18502676543103,108.60986524003798,98.80537285268665,100.4336175651378,99.62957518075764,110.4393876934773,88.8064087550083,107.00174192105732,112.61447586282009,120.71302695789925,104.7028404772887,120.17405689384104,101.14309025743124,103.62355469433614,118.84792288669324,107.37413475198,117.84619108981056,103.08337791534063,105.86082348671368,110.42469209421876,108.8504092172515,112.93606817009876,124.5282192850287,103.81654695373602,112.20719319282016,116.59754549889092,116.99388476972231,119.72734629281037,121.65174076510172,119.14076563218072,123.21240519085148,124.04279569802809,112.44554737858756,113.26496739935592,114.599566888661
114.45337156433236,115.37013328727684,111.56460912806408,119.0787118188652,113.4098761043912,121.62476922699524,109.77617469936806,116.99198741206736,105.07021154295376,110.76809192828236,115.5483413216568,114.05399886390369,107.72396796097912,107.53129699723048,114.0405955907518,111.44159509691116,109.86565989997062,123.1137230061856,107.38982168703176,118.9523910066991,94.38978201400984,94.23812000859532,86.94219998907457,109.76060456076392,113.81605789105237,72.53254929935858,68.0487045390742,61.20519389886104,77.71102931125091,88.86421231281074,88.15736251984745,69.44979028754051,85.55384559293373,79.2176548143442,81.54080947259398,98.71752611106074,80.66135615322662,110.16101993444602,102.35571285221506,104.66194404893156,109.82990095406667,106.45170156110105,108.33225586043766,109.8276766031792,105.75751523360044,112.04102182594856,111.08658995837708,109.73597573860135,110.37475125188696,102.50888910295602
98.96521294015052,96.10870942187772,99.60165690349842,100.67016435800076,96.29494829609352,91.08350053504236,95.80635045000932,94.56627891729094,98.25903551011496,95.30433004337873,95.6940006409971,98.2146112187189,84.76158239974814,75.7531231191737,85.45581220673706,82.19734840266953,80.8516833629288,90.78729086939776,81.81424550769744,80.46900681549042,74.55470546061683,82.50465288449074,71.83604505903423,73.71453448490284,92.47450921284752,135.3796618592416,123.30448665429486,112.99392333093138,138.230861105463,96.97772648342148,126.69085554345014,125.32335545955782,127.32106131042876,119.60414821926054,123.69963726723316,114.56297169779133,136.62676885802284,91.376954071451,83.69764870198944,86.89257128547409,85.79992996292683,88.19052312962046,87.3477702819881,96.5536664610344,97.40146077872475,89.94204473456976,93.22054695801005,86.81170404431116,87.62446464855007,83.39108190769889
95.37004451218272,84.55052873040763,81.89891101150901,90.12087065501838,97.13822499597735,80.78842127103513,93.80581083567232,79.31212497027647,85.27506148131074,85.05487149487958,78.09416858078501,91.0720968350733,113.62871884585144,119.5492963506664,106.15918855760032,109.5536637479468,125.05302290051377,122.11955206312004,107.34791255442605,,115.75794029346024,113.74289085356676,111.48437797802832,105.80202659847356,112.38534900277486,112.05108843810274,116.17904055490828,98.1221431478613,114.23512028965564,116.04516480228452,118.72476034581452,126.75051356722156,117.97689731804611,105.49305056619951,94.76837939062796,100.0701911358228,112.61726228786632,99.61799871882693,98.6196610801348,97.50609819105216,111.47498690154896,103.97050211063184,94.4569529533772,105.50046026240246,101.9994728177201,100.68634921583774,101.186833243272,83.80708934843895,109.41965709642298,111.8801514475356
90.18744217151114,93.66686394276444,95.72201090408772,95.4280808111099,103.3090069520154,94.4343658263686,97.07805055540958,97.6954726989526,91.38538608552822,91.1715744246824,102.40127335048054,92.95517818435265,59.54034600658683,72.82021144426704,62.61985582164652,62.64558557159771,71.74482845463939,82.79142584754588,86.43101662049328,67.96281373234768,67.64787387893114,76.19121954967832,78.02016798165853,68.64836062436902,68.6411491366738,93.72183513970292,94.57758839527882,102.80275094626622,118.247072895783,94.77357043726305,92.09463411380707,80.94692349305566,101.72972127689482,117.24517505520814,114.14327019404872,108.45601108601126,113.88054278229586,114.88719502412604,135.59631546070054,123.28095174360872,121.44566214517182,130.88167038383168,122.34775597446276,123.63531066685104,122.95561280084402,113.21585311565416,123.85601188077604,138.80473237684836,110.86004095828156,121.22724829632254
111.1155838065173,104.25308772142824,106.02782186091208,106.22928760727524,117.28787298137505,108.70789394861036,101.35374302158314,95.8769560517371,112.9482334676294,104.45803933857306,100.05557199185408,106.8891152489,91.47267613901116,89.12068650569626,92.5185431977238,102.68977762952096,91.5904872197116,83.33773116459295,87.1066868239005,86.93528627134873,118.35044404958025,106.33010122713246,95.24217022766564,94.48545078611868,85.08185850663341,88.42296705683678,100.91615560664668,94.16201117824336,105.14840544536064,95.56051338144356,99.05004502632896,106.03489583411158,105.06748653388892,119.488988277682,87.9352889532523,91.85261978010388,103.177338286584,123.47735450207956,131.3815964240543,132.71204978062266,123.71971756794932,144.5880746752338,122.21900371471295,131.63046071009197,124.87544142748516,124.09749801334112,131.6543177724715,129.75776202474916,131.4752050257506,132.4728934978913
90.47418748681284,92.39621281981782,90.50354742157768,88.24252601057314,90.74890565594012,100.5259358225752,89.99259318101586,89.95737924672771,88.27573600475328,95.39814280788023,88.58774166109185,91.31851725632012,105.81526837737344,93.23608126828876,94.75982151843638,100.8667831593152,96.29965316370992,86.35095503713795,87.11158776738043,91.37389017762209,100.25562891039696,96.96598424564245,99.90483154004929,98.996270476498,92.22368215946236,119.17067044399018,115.2681459987396,105.01229777849052,100.76107886479409,98.13535870109573,99.04055322657932,120.95714792927672,105.4158879499986,103.67211780617308,97.68518437742418,107.13679509423356,83.68130352987532,102.71967496415458,114.06444020131056,110.4413459471419,94.11352920185072,99.4529907108305,97.32158404744092,97.82878627606284,94.50478304294748,113.210440127797,117.0666033190178,100.35668676575344,96.22721899100245,103.92827204314489
87.41937551824135,88.46956397175285,87.02400650930888,91.1608361675162,89.144816510239,91.19708863557918,84.59507834602205,92.37260339860336,83.63480942091327,82.3975165896818,89.45841662188354,83.03724454704778,85.65952435165143,89.95349337502219,91.15577574158202,84.80329147763592,82.97989315103328,81.6016819779486,86.85072209179904,80.2194615234271,89.82999751877979,95.2420215128994,87.3893007744696,83.7118258729181,74.03438484485685,137.45478120619256,122.50683783864912,134.34211025070442,123.32353152560748,121.33087557692028,101.34144748129636,117.207195030013,124.83061955466624,123.72995797844034,119.52723596305373,119.59035694259948,134.58847262245132,61.73842041994478,58.58416187317504,63.25599767757209,60.47043957567203,49.185528928380606,62.47221430621658,56.8086607123701,57.10246570482528,60.431870154767026,58.94142536925299,48.50729336922443,57.05478633637992,60.38887443111696
107.0294056332117,103.67053827314577,94.24606294489048,105.76017289432563,96.07209542527472,102.44190178831852,100.106363211211,104.61479685174386,104.03378287240416,105.7943801481432,97.67251852929525,103.0869747269715,94.81971688922658,87.94107173727645,91.39566058274342,97.28088887773124,92.14477601262324,102.20014196343482,75.51044488292784,82.53049212115629,87.40033871206124,83.71982941181506,88.90302539825242,82.18641701181724,85.7247381535993,113.37155476741697,103.77011054743276,94.6107671687224,92.99193459893137,115.44403154216349,111.507161466134,118.46587336226072,97.54671293789484,99.64568757971224,100.44076730665722,88.39803310882326,110.65138391154824,110.14820649221228,112.64852266453003,92.73440497942656,102.89637522451947,107.81448502586964,103.88835031248593,109.519607139344,106.15510955895896,110.0398212501478,103.4750232925104,95.49440765054425,105.69642664350664,104.08668602254389
98.06088845881936,105.8591894153626,100.93087402792604,106.13459280659484,111.0591706972222,98.5426525283014,108.56894635941474,113.41621179057992,107.10244729812293,95.16498741653916,96.20694967536512,102.95620091714524,134.8788456017673,133.33126152264222,148.73470651595426,127.50432827002471,139.24019865380964,123.68858292356178,122.85581751475624,121.43155423973076,124.22481896907736,134.209618542754,122.2394830872478,130.31878447530838,123.58329198614295,107.08483692123006,115.99470431524816,109.9113576471448,95.4761332232007,97.69647854153324,87.13657371279322,95.25709290520494,96.3154713734689,113.23545593086996,116.7502616980068,101.39052688830502,111.67378959079385,114.5765856461488,126.46076218321755,107.67739441793232,118.71946738683889,123.68413035505944,119.64445956661032,122.5630090340313,111.35302506465054,115.41330047356838,106.59986281769592,123.94817352044964,115.55336413102124,107.29854678867362
94.3079011003533,98.34908374336476,92.86007687513865,89.76567815609516,86.55695461309338,98.5458552330288,85.53713672311554,97.52139813234191,91.68760943938244,89.58916238722203,81.77611445592973,91.57044954441784,79.95929514991671,84.07447028028707,76.59492861928581,84.93986262551778,90.79648518742592,77.22588920650223,79.49170988159791,91.9693068120413,87.47786395493794,83.0256117435311,93.3822916892633,85.78185813809523,85.8338732692578,103.17007758309518,105.00374299664033,115.3850051564201,145.06261967464565,109.92751275231991,101.34364181221224,104.6826037829921,113.65427347200882,113.32823278278856,102.96601168493709,112.92093611411109,81.16199337893549,111.4861297923666,102.71327033937835,,102.50926314800932,108.25162454008549,100.82001627734408,91.72690338479096,105.11984774024536,111.25517579601826,103.058100416915,112.38111603063192,104.7450857844136,94.28254798963565
93.76668645679044,97.68219609293178,93.73370737571216,82.16771081636894,94.01830323453832,88.11089828697158,100.97832969439702,89.66493347409728,98.76627814407142,91.28697891463524,96.53941018025334,93.09322269863242,133.0079029223294,149.36203860529776,120.69875567850973,140.10001806339554,136.86683324827015,133.1703562353202,141.5577548844973,133.56842753889572,137.51418129804878,137.18969249772746,129.25441553516208,153.8760529366606,137.67232671505704,114.57098351076309,128.73860458726682,122.17373671038548,136.9166067908602,118.66704950172598,130.0603829850125,123.66263484388578,106.29267467525712,108.95772370362562,132.39501653161744,136.76173172357775,120.1004620778116,120.52891187227893,107.66213551365756,111.78140291562664,103.7354110874094,120.53580601820362,107.41018808116854,107.49054489751326,109.50355251988393,98.90469858542644,122.07504517829068,115.41701399701545,111.80821862687476,113.21507602349168
105.94300538040528,96.05625921811504,98.34237335573476,108.96651261913304,97.99423642220032,111.62309183422616,107.62189751128766,103.61731595962172,106.135627370185,111.85504742493488,100.75481783673294,103.85911676343147,98.4136097721485,118.27858572381685,109.21591636412263,100.62491569666398,105.26276344664042,104.64805744224876,101.1695877794868,104.89960818321346,102.90330853841768,105.68611269541248,113.35719285748232,106.8497309484704,109.45650864497068,92.00856218883406,84.88595965953103,101.83698201150776,103.07773334601136,102.05431538250502,97.73238361457518,91.3967898843186,103.23435334748729,99.2268614566009,97.21211533177744,96.78468108220387,88.57970512037694,110.127583891799,97.44911499496484,110.5244907761633,115.38029039397124,104.00306059329306,107.8973009931186,105.49770423139368,107.9394575246649,104.22667511279172,111.26289063151371,98.66551838644688,101.50491504566511,106.48303506053276
79.72457809707922,65.50912920303035,84.60727408186364,75.88454759749811,75.33440074384666,76.85681162950759,83.73304323055862,78.04188136481795,67.38767827888299,76.90472335377669,92.91508533990678,76.11725898200348,94.8035022061646,94.24847914084384,98.36944662297432,98.630774903599,104.02776328693068,103.52813324923638,108.48325854431066,111.54153126171904,99.19560908752068,109.64462093899212,103.04365296478105,115.89484968128208,101.2614240801362,92.71878398724957,106.26764613460242,97.13920689542414,93.3255828676333,99.57394457693344,96.72659528473145,93.38439532313348,93.35197726625734,86.48917260910245,101.87200184570166,110.680068951065,91.14617234511002,88.83020718610733,79.6259571863102,81.73942379507265,84.09406801481514,77.82287209913325,76.60816949044906,76.20467196528796,75.61937398252014,91.34900861507036,78.21831227452006,90.54016266563409,80.49599879923916,87.11000412853026
91.16454408390616,83.55964294054804,74.55716914327917,74.57416456413607,74.70173122910317,86.84095374744093,76.57334582422538,70.97715956762104,76.24070856681664,67.88182601709708,73.91626805619731,85.251617054208,96.8427630315905,107.70123945624924,109.6721482586546,108.11529381441134,113.14173832872848,109.15121346651132,118.33147724536956,117.50366250032232,117.89788190269176,96.66379286581498,106.78324947317375,97.78053651598026,102.49206061007293,103.69641372406782,125.2530343078343,131.1925161023228,137.6473754767257,125.47178310180772,124.66364956671464,128.9372896225351,114.4511530374837,139.53425639266771,125.048829844785,111.35634896697316,139.3707601328543,80.76214237121948,87.1978035507528,87.0106670227301,85.1817712299579,87.39903894395593,82.75765714620795,81.77130563445796,87.86376357085854,92.44346411291193,86.88667168667575,89.40511920721417,86.89622759662154,91.1185884594002
86.03463675995687,82.38894318913634,94.07062268384712,92.69073124078342,86.18396037783437,92.61799313150983,88.47363308581791,84.52134209879169,86.41412618445496,79.2288921469072,84.61608156406885,83.37593353519837,130.7453285477551,132.7436632680897,142.6199804170513,133.95330669569756,142.8228268858973,131.3234717277912,144.19831892908007,135.6919166936774,149.02495593998754,119.68300716185897,132.69523304056753,125.36321272228562,122.24204709265511,112.77559669584662,115.04255684120704,86.49027062843022,113.19931852212233,102.27669506516784,106.91483320204458,110.69321708150744,104.82093734484702,106.60764280629694,82.87782107850357,98.9506192151429,102.08748412595662,88.28752358491927,107.36843889714254,96.609501371882,96.17054838174607,93.19939806884632,91.47199085077116,98.03223643581047,91.33699231493928,103.1349507457888,87.40408693953768,99.11226388315686,96.35487957360095,90.33164403654962
94.1433079493132,95.67446571485888,98.93426453368072,94.83822952472664,94.1026792085774,96.11331527711,89.63253365169874,93.994488189423,99.1950974914694,96.9684406560557,93.97132787289527,93.1934421819728,96.451750387411,82.4829244355194,95.36894250245946,90.44878662316847,82.44118604645246,90.58135608113795,83.37299863014768,80.04919685556102,87.1123767805073,83.38864336432489,74.25177005171528,76.135423880824,80.49363607381395,110.09758343676008,117.52466833371597,100.60076044942936,,123.47213522509492,124.40553105820268,116.41166090491096,102.1597867771728,108.82238751705648,114.55669805228754,121.01393230798492,116.69027347439112,119.08906193131628,108.21137782899876,114.45109124088806,118.82547341294524,119.95978580161734,114.72300903580197,125.46947748860389,106.75152402079146,115.94063411163631,110.16650560778544,118.65824734023477,115.58713883673336,122.77676952710652
101.54791085184624,98.81304835367328,101.43247693475104,109.96329540420318,101.92226950934467,102.06663162483945,102.04030144863606,94.48251096969038,91.5395282020995,107.7324677629196,105.8792867596625,118.56343160508784,75.86991498323182,99.21315095711252,71.13592465288265,98.14626324538024,85.79198396883507,78.0801829459529,84.3226471895989,76.27828870656586,72.46365339806026,86.94198127119515,78.0125091649298,92.70676946758188,75.41412611445811,98.29021822080868,68.16813414511566,82.41812199738021,104.66194063044011,60.654947967118034,103.66521254029826,72.73111700973288,78.17056842699358,83.91758526707709,97.9534102521672,85.0266508782845,91.8508822496134,80.46448010398841,88.86971033737257,89.03304981445757,79.93859929183009,94.33034564321164,99.14635823496612,76.32079763725785,87.52081423702045,85.2891004827104,89.408385890873,79.46981586743408,92.88928150109744,93.1019021461178
119.352957658442,113.1204410663432,131.00689771729083,125.21537300212675,126.29701281314482,120.42580386751288,124.59861749245904,122.3678105955015,134.8753917978319,124.00762254237956,119.77932656031672,116.94038647929712,89.6886808039067,86.21643571449479,84.22326386856388,82.64262199056404,92.5165249806074,87.42679635778084,76.4771275302687,94.21921320908709,92.98503230453352,89.89516205788118,86.03695210242209,102.72581976896946,92.40554103765,105.7380761831724,79.91940348728967,88.03136408497458,82.12971929459707,82.7223590409966,99.26255369055434,100.95231384191618,88.42921571044236,94.03083959291072,136.34392228363913,94.45237887080673,102.6136288544661,105.0963084334191,95.952690769177,113.5935325715852,107.78470481729155,113.12704148494602,98.57780654777176,105.81568260362452,116.05644494042298,100.67555273938711,103.871811880592,99.64957379303335,107.39886131842036,110.98358891665872
109.6779587114977,115.57220798905423,106.89671018924788,116.28274096403268,107.34058038271768,115.00647780990649,119.34520965693729,111.6195351247651,115.52002482250134,113.70274487703524,115.92655541804284,106.0961209744815,96.45919717510075,103.36395550108784,103.91223727551451,87.16114483403607,92.4245873042526,105.97633976849528,99.4119122242985,98.84448933629012,112.91640673735662,110.33978110377971,81.52995271181841,94.22471157284734,107.75644637801796,127.83369034293762,129.62331821420076,117.09941948230455,111.16811568390436,126.43731555668988,122.90699902678044,126.48665417071037,120.05252799475248,127.51764000546156,110.22342125120832,110.26007325339248,88.91758347034514,109.18254034079638,101.99481193578654,104.05192351611392,101.8546480690546,107.61894493364429,112.3284344015227,107.33507095956028,95.80393046174206,97.97382035884888,98.28779017254745,101.49407991036776,105.76334471454764,118.0513496606908
103.54600470608636,101.39669785206182,102.1966929185986,90.77114349454592,98.70362918561791,97.98670453163716,92.06513796653633,89.23645254399072,98.34530607013704,103.41222003807692,92.70798010060533,101.27330577555468,83.54436062410691,78.44400347987764,80.27714189330922,58.09951178800131,75.45927745728096,68.97886189625667,67.22992538327674,71.02147400522908,85.07168194351044,77.61241452124875,72.53459188513409,70.42890488973494,81.62200166429092,95.98374498117865,84.15296828656528,87.65963843907542,79.81702610891045,69.41952072458446,80.78761461004588,87.68775414968255,81.81352738193993,100.2740303053216,94.08570386679034,69.0414903771197,83.39132889205318,132.2731965242982,125.66133112065909,123.61168261548126,126.83675888996548,125.26789293623877,128.21967951392645,128.4742428093884,124.50931247855216,128.63532234943807,126.7320035646143,127.65479722138564,121.49704488631784,136.05671155123608
106.81727812140892,96.83220487782609,104.71766847167456,105.77447680839168,105.80455264298746,96.74569984111614,97.88722719653332,101.73582120784631,105.6225954635554,97.016800777774,92.80679828914177,89.3291576125903,110.82438696260805,92.3300536099132,117.8826849920862,99.13134345781926,83.04465749936023,95.78027720113002,105.88969963897352,93.8257719886787,106.21049541225644,95.82430193490023,107.72994753398716,90.98324130807912,106.39071047880168,91.57737558271732,102.09819191455937,104.9306497218169,88.29110797013003,92.4247108469823,102.08997764244776,116.40282727526248,113.74170125984708,86.2484414837373,92.02004862471098,105.90917865295076,83.60262862554163,97.8495094263304,102.45030224419013,99.17329089945564,94.9337117804211,104.14136346356386,108.77667641227872,101.289567386473,104.16026570764411,102.45406963058387,98.88130280813884,91.0922108345999,93.06015176837224,103.51428592738807
82.10832806168548,72.00684806970833,81.60895848504964,86.26831218660215,82.39607770786589,84.1339024788447,84.20556342927026,88.54142325388766,96.680329794496,89.436612310567,75.97098583338733,83.78568998057067,132.31576685831666,118.56244320593144,133.04883877011602,120.0978902801956,129.26347667977456,130.13655139875013,145.98522611516086,119.24587572911396,136.78259064349166,106.79984576808764,129.94095024467606,110.91008822425798,124.33500111758516,122.42877997627885,104.99260490839572,99.77367267771282,107.08480210597608,103.30687005300568,110.52410949477786,88.21098581436564,121.82044362835173,122.23782347249332,124.32679750234068,106.28249419589444,107.85333939492035,69.77895795400998,77.21276220370765,81.46526660860314,70.05041259527363,61.9006722799398,92.49874001578976,84.24703902547282,87.47880783672284,73.27918302987396,64.2733214957099,72.62654523619098,74.60279731025095,77.06980696088131
95.560525094593,96.99108071885172,106.6846294604358,97.87591726388314,96.13270850637612,100.1151881087099,92.74335694915172,100.8574753544386,104.07603618305616,91.56222853498208,88.60443212042816,110.4514275854966,104.7201872841937,92.6229318881067,101.81680209228143,103.9339948679083,107.55385529587312,95.4092454465315,106.26968394716214,104.8315763913176,102.69818503920384,100.37261298580992,98.3014638534396,108.01840444158468,98.09546633556448,85.59393653963569,83.494285553166,76.92406912387433,79.49464770914703,76.88128085397624,83.23965038728893,62.98984512756952,64.94274700262457,101.21958330831364,71.62485462219038,94.18266601220614,82.27375808676473,111.62582670252117,112.08748117077272,103.05473701247502,119.68028356483602,110.96648148745533,118.2917750981788,109.87649653340642,106.74545907877156,112.75220090256175,97.25217517644494,108.64339991247336,116.9477332372293,116.19298806406977
98.02719819812997,97.62914044321066,94.41988784320316,96.3870627529092,94.51749729029667,85.02644994412387,98.62686662498992,94.04977954015308,100.41418589855604,91.1453812515076,93.07977531882264,87.94544080543093,93.76124182064366,88.52195224418864,88.48623209182956,96.67049949157966,101.59008712166252,92.53138192653827,79.68059692373352,85.08621198827275,100.6345418740405,103.83339013343324,95.98520850269269,97.39388053906816,89.63289608603432,96.8121650718586,92.82923536478933,90.27771445308257,114.51883362829672,86.87723419373381,99.23897326251192,86.48449922369484,99.2360752683289,85.0396125447611,100.04224312383036,89.4204887990878,93.94672386568423,125.62956751336674,135.5533598150875,142.72590954325725,139.4563007198029,132.38569651753278,137.62482986195724,139.94278491686265,128.27882454688418,132.92553872882243,128.65075918306454,136.82726631047552,134.73399555889256,128.56710555648783
102.07966318366648,97.4462205612007,106.28424655147064,95.95960224057976,110.7394044468749,107.13161897901485,101.2208267463583,107.79798916383062,105.49422852739326,95.80557143041229,103.33587684310524,94.9309559763778,81.19259563621559,67.92735239520812,86.21327444799343,77.90185849683282,87.56721845238904,95.17353069408873,87.8377517264306,98.6865428200491,85.28138873914415,87.59121100840866,86.27827671436958,90.8114971311366,78.66760193693158,95.1987868917182,93.03565517693234,93.99809742931842,120.73634904820098,104.40537222892053,98.76438829189118,108.79379556829907,110.27618461816034,102.41756817100767,87.6174392323427,94.56177137910866,80.90435273847937,109.64607828323628,110.96018494701283,103.62745904590376,90.912383093193,111.96423254882616,102.81077206324674,106.80754415092105,103.68559699736124,116.45905638139376,101.15615931234768,114.73377938664282,105.7807865257081,107.26677462745054
90.75619493549272,88.50833544561094,88.89314504057127,89.63479990411851,88.56207400148195,82.69292972313113,86.61458409083004,90.9926376490986,86.88390707988042,86.2173093433662,84.43435070929924,80.09562983692666,129.02590661725105,117.83433477462248,108.73605298461662,98.95860493242222,115.95005024846574,129.91041509976128,114.45760297126913,109.20691841775412,115.81579921751916,113.7042376776956,114.66776143495905,102.27722327096645,121.41250517233632,91.3885734046598,100.5424491234327,91.36017099180226,100.635610071639,110.7931755702275,107.41015253331864,90.141779638091,106.13007803634046,117.80831145357256,97.51455933182108,100.76570567879575,97.60170376552443,88.1370758331862,81.89787828691007,84.25975455487735,95.12564801762976,87.65933484531851,81.06774255377763,88.532973802377,95.0281741319212,93.90119665229292,76.97160768401997,82.1237205485311,93.07351627775552,92.22560456539536
108.80481281787408,107.7136484677526,107.11865400626483,102.64334017270724,105.1341262405796,102.02353569758888,105.5304508540582,109.32721556221604,105.41122049359308,107.55889162728587,114.0072266995534,112.28199555535252,81.53512425940886,104.04605913147785,92.85437742953935,89.97997432419804,99.00413916575862,92.45574443953126,88.31136780351139,86.41542084741494,98.24878235319348,90.98339043588297,99.93337099138154,100.73216185605855,86.21482009798949,123.97824040065127,113.36034598461303,103.07511217678734,138.7585424740549,109.62078650000896,128.33130345285446,109.39557112729628,112.62414538164008,131.53446617933187,118.86214700505894,127.7472767986852,130.3565828308852,83.60290785629076,72.66087003023519,88.23924143060745,83.32889965476899,86.36194477308523,85.93195291850685,76.49452135752243,78.56632583688108,77.37556720940647,90.54462702072804,92.45092882923934,81.76010940555179,78.63195527755009
115.4123631200525,125.88754119304411,127.04512506083758,116.227732265821,125.41046695097889,114.55436195948512,119.04439116644028,118.86802244286488,118.86052373646596,123.56159115617126,129.13123474307935,128.61496729496773,133.00510958525143,128.87850472128093,129.75191837367535,128.77936948674838,139.0060959953188,131.4770569129088,121.84943380411868,117.00011514386428,122.9805515170936,119.5735998149902,135.44392922998773,123.66908490459294,117.72521646002173,125.29699288187166,119.39929272122674,123.8166390846946,138.00320419488585,117.37127596061008,132.10813658978864,132.63207128426535,120.68090230089838,119.75442762200484,133.81877473987987,120.80733577260726,137.21635275350548,86.23648834029622,82.42534056696562,91.88736767023094,81.45637511999486,82.25784996818483,75.51701060987153,91.1106541406829,83.48188890673683,87.34734342220766,85.11920215819717,78.72602852488718,89.99339138027065,89.26208441052846
106.10612377979744,98.9664996152179,102.3360413759082,90.75680184205768,92.857137023965,89.39913528380768,98.33337284574436,99.75160160070304,94.93352727464963,98.6780145375828,96.69458283592462,95.8056537882546,137.47692079670256,117.6702453409905,118.41119964897794,125.59385222878296,128.7670146219029,133.2468088850972,130.96273015681086,128.90146870977645,122.10884878000108,133.9862833888259,133.1667506612574,133.26940761424717,122.38846521003347,79.26520326096056,83.92223647289472,81.4716698540158,82.65166132821375,79.84611718671589,88.33717018139934,91.78420614796384,79.67598037220938,95.30212506566508,76.38705865840106,95.1765787632712,94.34736111539334,125.04258907229784,129.2419856073513,121.62868410373976,124.00662979148478,136.82681878245248,133.742313713478,129.32702102988364,118.95605094150316,120.0364777045662,128.45699993637766,136.60311485713518,127.83690301635372,130.99067120494783
115.00506419696173,101.16033112707636,97.28301596529322,111.58911770643375,109.43247338369886,99.24843831592268,104.947627938644,112.00307908561152,99.2728960097692,101.38790917742548,97.05607026552433,109.44173785148946,99.4090180046842,98.70905091672724,100.36405022720336,90.59411329886838,104.9658190257633,95.26573978739044,93.91125528457172,101.22469443840234,104.6311734921164,116.94823629994046,99.90818268085708,92.21477073796902,96.9154743284664,87.2847605997583,99.40209508852516,111.33181517985906,81.57687434725673,77.45523026873957,91.26934627134185,105.43963688379635,97.46638747592408,131.64101070470377,108.3028582759862,91.60594773158148,88.31437485303115,90.72813043646796,102.61367917523134,88.53387721269594,89.39538262249853,97.93198705665932,82.28055704761239,97.23701476729784,100.39391944824962,95.88821282072205,93.95965349527395,91.78921900208807,97.20992703114268,89.95294776462575
107.28821642324476,116.33501738398914,116.87386109005745,107.20584290720274,112.39519641417552,106.80705508751424,108.49287046427337,107.36901458260805,109.97280262224156,109.4009556536006,107.51863433539144,117.30343651322664,108.131373897378,96.15625891865034,106.84765410646168,103.59840378097024,108.71456283672578,100.7520475882896,92.26800389736978,99.4266288879986,98.01397604905831,98.44476686370308,105.82678082240902,98.30307216189,100.17146955897134,97.414493753096,119.33545919144234,95.63976370578207,107.9340407767642,111.53084252954656,103.99459409995328,117.92801382102677,98.01407433969972,111.1653244448836,110.30150186025097,108.4992532946728,122.70774265629272,85.57765152638386,89.45673904164246,91.72740594941068,85.9807334240291,90.96446423988274,96.97374940596728,88.18013730486915,97.00989877724774,93.6861747707891,83.23335618782177,91.04390481317982,86.9493650728335,90.21554815430936
92.04318512203253,93.1890450565776,85.66923298153408,101.65033147129496,92.44265056601805,103.7479886093453,90.33938481331074,104.4713896173746,85.55835503558052,86.4944595786837,90.98258595212714,102.91842499386158,121.57360275033425,107.3192189059164,118.27319596341586,125.63509348701494,103.453481001526,115.22176521693218,120.62627825645308,127.2335683105185,120.65307889218676,106.42738174896498,101.96488151263895,117.79089277353206,123.99963993218888,134.70654915789902,121.447303694941,117.32437643650916,116.29899067620322,132.0923894452729,128.69678522583524,118.49328245425912,121.59732377064245,116.41872947258776,125.47314584984775,122.04407054620764,129.98523453698812,87.90288430292117,96.44403613279135,111.68996666467427,90.86065483600044,93.43835091427478,95.6932484664899,101.1420213480456,102.69810071959768,89.74113426933253,100.08930732817652,98.97937509871733,94.6651353592695,105.453939890922
104.79071418078078,103.2248645296066,108.52411824886454,100.68237991189476,99.1684582349201,100.73198884768024,104.95901058107104,100.73323255722931,104.3159698478748,110.17753210281752,100.07571241576596,102.12971082125702,130.245688216464,123.30343864057112,120.97113446151204,118.64583705516124,113.83737159199369,118.99465385639192,108.29667168637128,117.8435618997318,112.79590132583354,115.88916931723408,114.40314967748274,119.03857927783632,113.6380611366452,104.6448163132562,121.01437782565792,128.90642666634443,112.84241071121524,120.94378653291577,135.2654775171592,106.98751371917504,95.74933734670624,112.50155298067092,120.36068160660837,123.04125389897614,109.60546411911156,97.29737620199111,97.55955703196516,102.72397095690656,87.11879630447862,100.1382955821619,96.0059759437356,97.630998114049,85.61444258279217,92.74761785814948,94.46219231051924,96.43263891516725,85.84880206834004,95.7406169748375
101.86116996166204,95.52254621636094,105.82241169586484,91.6520962237622,95.75548140030963,101.07763654306709,108.45697235418837,100.3509210784276,100.0072329715152,98.67075564723692,96.70029149223568,88.68152742337699,84.15535230269509,94.39220438911144,90.97349771456688,81.13033290958826,98.59468767840283,88.84218845391574,92.21581687804684,81.55285056094235,101.65764095893049,70.11505116523783,92.57981539270035,89.14731238000178,69.88985591583958,100.97461556712663,119.7422505371498,94.96760585290647,105.25598389263246,95.6560372594776,100.95649330856416,112.46149374949924,102.3623554816036,106.82922197885816,91.5381340938321,106.43997500404406,84.11333787878753,128.88270010696456,121.89468347210531,122.02617309902168,117.27247449174908,124.75471358777948,119.02452161828964,117.54684681698532,127.1576616414884,123.57191366013136,118.97030346093608,127.56175058741997,126.5872043117795,124.0340412825204
104.75786284159663,99.24873022227492,96.01030932715648,95.88251927848918,104.13922815996204,103.46754841076412,102.16457764242811,98.1027134982008,102.19981797016592,99.02071088301405,98.19782699960844,97.36074686618404,81.81476086471174,82.85805865240819,105.11311887982036,92.45809032751868,99.9032773364276,95.13927042228636,81.145962805701,86.41111371857693,81.78426421926102,94.7968991147624,98.02504271533148,96.05785293933964,90.58823032167813,124.50154056733008,118.54758449030096,107.6328054587782,110.62831456873174,97.48115749453802,114.55651476362084,96.54927017192746,97.5123210887418,104.75277058973847,118.10408771122538,127.4589131626814,119.53408748636464,89.56069813187666,89.64608962843708,70.26806280630092,86.72320076514957,80.24993727353396,73.39167917342002,79.16223303925739,74.74681532641145,86.18632713299579,81.13706552760546,87.13159462235664,87.00385544367748,86.75674930818303
98.45587593599976,83.9808396720335,86.35078180239508,94.5839113422027,94.54975575461332,89.06017917324725,93.38544431672364,89.5212074217693,85.79419539206803,96.3495548843884,86.4721451626792,86.27083226749171,76.12087043619448,85.96543683533064,82.05313299034553,69.2358758322811,83.11889870094981,77.67305092055696,94.28339555008446,84.92583796706072,90.19466676950844,83.7829835009392,85.5238644014765,71.12062483148688,78.91523727897301,98.88502690017977,115.451217865729,97.9480926867902,115.34337992883556,110.32258799096074,104.54600694024988,88.67933405105843,112.17469613295792,114.52278319318606,104.41748398414964,96.62968451556908,104.1848692152101,116.13466731214216,129.58565018520997,118.19950488143364,118.01018936633147,117.36967922042729,125.11782015007228,117.5430360928586,118.05789028729214,116.0380262555577,110.34489619563293,122.41154325412992,120.26830477247236,120.46477961225636
99.4829164764139,99.50292231426702,94.83912927145448,99.58816172420082,97.18111387874018,99.98043531025418,93.41654298811684,91.65654415070776,115.75195446478666,94.156419946138,97.18994711980636,99.0729586309922,107.8068024152855,118.35047538362898,103.04779169204528,114.5996597857212,94.08931483236589,106.6048454139852,99.94181469577842,116.52552040295824,100.01718024854604,119.54106442577536,108.4946195886884,107.71495491852814,104.33661222752669,78.8143373585639,89.35260771056967,72.60001048792466,73.95906614489769,94.37702248139914,76.34461517324347,81.75144387945593,79.29009000630556,,97.04302016550272,87.38347465984727,89.54594382628228,96.96535000998294,114.97609453203049,104.0051622686456,105.1665201560774,105.60587716221372,109.84558981649457,105.7888251912062,103.06184692666906,94.79765253233823,99.39392420935526,104.61910120883708,103.48336481355716,99.84633865027912
103.47848814598947,116.02851676939346,106.39536921723808,104.72853788622874,109.76190788643918,101.49350555068553,108.2587815651506,104.73976537459814,114.27055386958332,101.8420387985219,108.5115869118097,106.53067736363816,110.4651200685338,125.21988389368984,102.67337792278488,110.65417292808966,109.60013638752406,100.17678972339742,108.2100856774258,112.25476241786176,95.63155637518116,108.44745991132037,108.4336184191823,110.90947971969558,104.97972892004772,95.2043136019871,111.54556897809474,118.3650917184708,107.0055846632911,104.44048637069788,96.1288232518204,112.20071477825094,105.7977853663394,96.23664321750724,106.23755823297284,104.68596227939848,103.57592049396064,122.57128555559142,118.68764146488222,115.80922685491846,117.70717866615496,121.41483893433424,115.9964711101931,129.28277102009838,,117.78135448989974,116.6676304167202,110.51866614786022,113.53189750147548,120.20696398921756
114.870557976853,114.90764840226883,120.22698269599692,122.56724524618956,111.33201902391528,129.02179185832168,116.28031252207028,116.3065481151828,115.544441616502,116.2860524925828,123.56899769644993,127.36162710657896,76.6036122618845,102.6728116167686,81.7479910977586,65.60586013805505,75.03179226208144,77.1918572080576,82.39602152080415,85.26081738851906,81.65411668287184,83.01899813725267,84.05492319069282,81.6044969056414,81.49062807788765,138.06809972449076,122.78102229879276,123.59780983920184,117.4912533826603,124.78046127156796,101.06269514580364,124.4430119026984,132.70322219647818,129.46986267437833,119.7921310976598,128.08834688869905,137.27136475721315,127.57282379025808,125.76063984418346,118.6349417127312,115.899209672142,126.6613394628597,127.7108630444148,125.55723079600514,126.94710485183558,113.8258242543649,121.14558568123098,125.35808010335867,129.53468124297223,117.44486349846636
110.73441219156852,106.3212554018944,118.2873650526248,116.89797607211582,111.4659737379921,123.42504560946752,107.0044377536186,115.06575413073956,115.5534028284126,114.0497054827807,109.83583695536564,120.761204524716,77.89843675593967,85.95607523221203,73.64638430955694,90.76662154420816,95.82032765029533,104.29868481317077,88.64921680774886,98.04991821445124,91.13515253964654,86.2817116086704,85.5491281030672,93.75077816631106,93.70114534894962,116.82348347541406,106.73534692916192,98.22643685196616,98.8894704682268,108.30795774695228,110.42399909866744,105.46256351082008,112.78411783063702,79.34093995416742,90.98938877868171,88.75604910510101,95.63597860961484,102.5764883633142,110.74510123093732,102.22695607062477,104.23861004965806,101.82715285914288,98.926615987434,107.31715292362767,101.2237628873408,99.87611588860356,101.60289185274594,97.88874509366444,107.22864030925004,96.4775381676931
132.13210199830434,139.65358850014138,138.84928059327137,137.88473094218563,132.14244219831883,123.88444339205992,128.60087982537814,137.26997374021786,129.2577061479867,134.45589501086133,138.6530634927085,131.4393685930494,83.55505520531261,102.3849546474414,78.31687922161807,83.49760331815361,73.31641775792072,82.3416579533058,80.93843892485019,91.14370654313991,70.9143162930555,76.93977427207913,73.03377312993376,69.60548904497257,79.59254872326657,109.45733189223336,108.0827576911085,84.97853728704943,111.51579809053356,94.55033404590462,79.64039710906553,81.77875653398,76.66165374800676,110.97337555815942,110.17464958176495,118.78616303232002,101.7905637373522,105.73991337055216,94.3742737186349,89.62047869264876,89.24591018276303,101.4289630558239,97.00498492161,85.59694024742751,83.4994687796412,92.62580417383094,94.80297562744198,88.61847098856882,90.54462106498904,91.2471512075588
97.4625758742682,87.44316817091993,95.46820561062904,95.73228270614388,83.94136947177009,83.36964360224736,94.44928322874712,91.71981749225202,83.4173879231422,92.18816389726842,83.5894750474762,93.98221093693836,102.29675867900002,83.68435173827211,84.87128396697167,83.85362187853825,78.31221568654557,86.3506345472778,91.12085664250344,70.92128146453416,73.06698771262032,74.31651935304484,87.0118802580248,75.97560482947064,89.81913373788615,104.19610049865209,92.7638486493058,99.9496671381927,84.11825552489938,94.16255239037936,93.72397095310336,99.5172213403446,88.02031231837185,76.24243960005265,108.97177011191894,96.49189267182726,112.14840716189596,100.83412934977416,105.0678353295216,112.22737444282888,104.87236828991014,108.4194615008462,105.5475176714972,113.07041757458045,104.20340853077374,100.18708843734002,102.3772937099642,99.25364312191276,104.18542642607628,103.8112586157812
110.49675305562933,109.7394458575106,110.27396941791866,111.28596632186476,108.4022776768622,111.68575783892514,117.8348886941584,101.22651274651572,106.3844491951905,125.94478613828502,104.9958064817335,114.87311638396562,111.97926580837851,103.52553226035036,97.34948907445624,106.0580901318731,91.74633368192536,123.43424211342926,115.95016176342236,113.60300741783072,108.19836960522284,106.7069389331286,109.65083704506446,90.55111041631808,104.82659331821166,59.48855753736956,74.25061636692493,76.86632702583513,62.47917103920118,81.63816268350888,53.51082861239632,71.83075261232065,62.26124679477673,47.97886177713371,59.963592157295025,54.42143243654769,58.70988512839499,97.0371000163737,91.76747914180808,107.67890870512592,91.58291990218126,103.00237561397628,101.90894946736628,102.21255718669818,99.16408876668952,95.22250805506891,104.2370221414526,99.67785351413356,103.82838703213088,99.53983688526068
103.86906984426976,107.94965352305566,101.70402071735263,96.11989165566509,99.41123230373084,97.92744111152432,103.96515369634729,112.96047835071468,104.91121353987154,91.50296781507146,104.65402044290052,103.07265995038811,93.87085315225391,91.61434799884856,81.57164229057784,79.20255134344764,98.77220647963942,78.11108917341717,95.32974848760946,96.86765735105432,96.80446413281636,86.5552957716773,74.39284757130864,95.53804507858818,85.10508364222058,119.782137527563,101.22365271829588,111.80362326680547,,98.34074142754392,91.46505050489812,86.80087843241333,104.91213084233502,95.31906522796132,88.9787870007062,100.148602754384,108.45208117259796,72.74659917747147,73.28046827426908,79.09297895347564,71.02064340549792,71.62079551478483,83.19132084437514,74.84787609696639,69.72978441569167,66.09941813498187,78.70364402719756,76.64355333184578,72.32491352385675,74.33934570045535
132.76492951790132,129.81896629958078,124.42985303716034,130.77971819264872,134.30800763989697,135.37687176554442,125.18354119881543,134.32344370136943,129.4401428229172,135.89072194388717,128.76000332619338,137.37976478381492,100.06717310875634,90.83111998677144,101.96487090070146,100.01993855616875,92.28944656797108,86.61196621594577,94.11312694909414,,100.16723860420709,97.88120878822669,99.12878170711168,102.10887073739713,106.52859697619871,107.20384150337972,103.46555888366991,111.2102112558547,99.38418924408668,91.8535093001274,118.29210555717978,113.14745486525854,88.0233339182478,107.3955173879866,111.46898938924537,101.39526373099196,102.54072173100846,113.92193936789126,130.22389330664794,123.825469021492,121.1188557633686,116.938835303033,126.40048966100812,122.29902932202856,113.87082107995644,121.08914568323902,129.01474464983812,129.6233540776177,121.51099147130998,127.43182554428782
93.81749208691316,97.0055742874074,83.84617538719178,89.17692825258716,86.93888062764086,84.23416470763966,86.89412246273304,83.99303001720772,92.71465583979874,85.08987285681157,89.48198307345966,88.2367859608623,78.76669743984947,78.78267720596247,77.43601807338997,70.40257048063717,76.84749035041054,89.29201537100045,74.41726988844145,68.50497860873894,76.04397727150439,70.60154903812915,81.77215110414541,82.33872641056723,80.06516735851376,100.84370178128388,87.5506075327966,81.01774336083244,101.31089409811604,85.61903817428353,94.3232690371004,91.19741017172856,82.49167506878432,105.56523516806035,77.82728971644947,120.14495055925975,82.28717951673718,107.6548150455716,99.37760145799211,99.72579074103648,107.73320406705956,100.4231366588883,103.85528296294942,97.04357647356386,112.926908376264,109.27169601094177,98.60036988176049,111.53062997454732,106.89145570998856,105.95994775717186
100.03883449665646,90.7938017239847,92.22843053277565,82.5853777362353,76.21301620066349,98.22945270632135,88.91267241179703,88.18981196224306,92.37308343994054,84.47209662284449,75.3858293617857,97.69322825277716,110.25818088081472,92.24423564397156,103.6191598155286,85.5532901298297,102.78694821407652,103.17254063426144,121.59772161007024,95.99859115684474,106.63563373161185,103.4716159536707,102.1865712461396,105.25917284556158,109.42042163341236,81.62519637901954,84.3406342454748,85.811679938659,75.47656217872436,73.29864725451665,73.02648417491207,113.3938127827891,83.98401779330018,83.25667339832503,69.62532139089936,93.17988176197922,82.6920556339378,81.92060002128753,81.78520515185612,82.42878912088878,83.60949573699855,94.27545271209452,77.98499841696965,77.62579144991315,89.94131545397828,90.122277048167,79.50182285970224,84.57119720877832,73.49153360774838,80.81365154433695
88.35476645373807,88.56955327761115,99.08702443608082,86.22335574386445,80.40560955516433,96.96185329005765,91.88679146623264,91.89005943085311,97.87868224439693,87.91024967707028,97.971390025755,83.81705448436686,102.4988896518156,97.4258793858228,101.78668047378645,96.36584123696711,90.79642873864628,97.39523591201193,106.9350127483246,93.5055786313112,99.1181871433074,96.66885975746894,118.3316304686022,82.27094646058538,109.1447368850028,84.11057722999915,96.75552925740509,93.46675270804133,81.23689910885187,90.36252896028796,80.89573177831015,65.0185424143079,87.63978551854193,84.32536702751536,76.16390034799626,87.28751666035743,93.70795423935512,72.04673764516464,59.54189232341115,78.82293300826753,69.10715812992942,70.67732567998799,66.11611791508034,80.44976398982435,73.22289464086859,83.62315586933946,72.90873030069967,72.08978845908032,62.456046867819865,62.775765140104994
65.69436692276179,78.92810520168041,61.96981977595328,69.86050354310233,65.10723824606701,69.20443428851397,58.92259621794916,64.80732055059508,63.87963030498238,63.59771578131303,71.50303117555491,65.5657096398928,86.56419389227636,99.350269124396,89.80663195309396,96.9148089740654,78.99309195791702,79.47197664873742,81.69102199894085,85.21187484201836,77.6278173052596,86.41361614310645,83.60213039898107,80.85192731522044,93.27316469450096,128.09323683799462,120.35221429796384,93.51837839114444,104.3636229125128,102.50334420614568,103.8080020376126,125.15395791878096,115.2389983062344,117.2586267218815,107.30830941164596,110.3436473900414,124.99991264179856,76.13727951859221,77.12062127310259,70.29793585666454,76.40002421637661,77.84466247120308,69.94631988639486,59.1519848763287,61.02821203863655,75.23591395643075,69.11487753463729,65.6578657050987,59.147361458827405,60.16775869868425
97.33447906013394,89.08510005977189,89.15135337902412,91.87041291693632,94.40210760505634,97.24860599138724,87.66208543468923,93.10325801149897,94.49050272824864,100.53629884780584,84.61129192897357,91.48108019001884,90.79687425469284,96.70829520331364,107.1076860376294,94.06934996196333,89.122264526785,100.74635566592298,97.9646908448873,99.10560803920242,85.79763365297534,97.80768414246712,94.27608822766793,98.52810887550778,104.59189496785226,134.98510839308665,133.12180957029315,118.37507568088571,140.5084257100916,132.29821412431602,129.15241487491477,125.64629063044283,134.02462886458474,120.87888339102425,116.22455270354912,139.09844022051823,144.3348114491604,109.21269593088483,119.13537496921396,112.7793602211713,100.53530758296166,110.83601648878792,102.54624743682784,105.50760000311448,96.45523323704344,104.37557899030392,107.48548284509124,116.16055933221006,100.77930836135955,102.7563497579552
92.0224675248261,92.32348693674108,88.4809812918999,88.77699505375247,74.87548586306836,94.14251219848109,88.29262125595095,85.575648638593,91.77528115990604,92.82449671176406,81.21912445746311,90.8102735289845,100.71263396530628,103.83718950147072,103.69185666118086,116.60830308853984,96.91907569691652,107.06010216377138,100.02327809732613,109.62982041689062,101.07907497567425,103.02860674608776,99.543887958534,103.78856722988604,90.0696619109896,135.2502547242853,126.73293652083184,129.6180733310159,115.81205898945932,113.375847928175,122.46541696145842,104.56498296918105,124.12244444474013,122.13065170704554,101.3485010197657,130.72512171686364,117.78885937132615,76.68728417314426,91.84393387081006,96.25918247889916,84.48507061769027,89.16245445093604,97.35018029437036,86.5020135574401,95.303411526505,88.26471086625762,94.38484002858402,93.63726530691596,97.22497511901844,91.55875377479852
111.48944342582328,103.75236969917556,103.65671259124116,98.46343012364277,99.75725591638496,99.43616935685188,104.93736134472906,100.234096833693,99.88501592162328,102.37188668992998,110.61723631763076,108.59570923265856,90.29001373796515,91.57904660409832,76.11127285580983,91.20872135474796,90.70982774247028,79.02102287968066,86.69430389497495,96.42751342850812,86.49175147543124,93.86637007877296,87.1674768760317,85.99499206114366,89.41020874232805,82.38809164499217,92.55177784276732,88.59526769426101,84.43526383637729,58.60102454355945,98.79055765982731,74.56525849189181,81.77136309385665,67.84034734798813,68.4803679841705,50.71931073433524,69.96231760721959,96.06291219548764,96.22156721091696,96.45015395870796,86.68935911018906,92.73215075855856,91.4896276223358,85.98740546065537,95.37661062155344,93.03977616939636,87.51529727854735,92.84956141527618,81.247699093273,88.00365728370097
108.04598056328722,111.6350460836514,101.07832203704916,103.97433606562856,102.49510035407027,101.04525341394756,94.14570053115766,101.69494395788196,101.26747984969302,111.8814183990924,101.4394401191676,105.0043468004766,75.32739815098952,87.22135487451459,90.8971015589686,80.56612713821623,71.49032053180842,76.73385715556988,68.0201005783086,,84.66392326802743,76.89091756693463,75.22626333624298,80.80739946323928,76.3943141454587,104.33574429402964,111.31974674655191,97.33357932204662,132.5764606705613,115.88560752807976,93.65640199828348,115.5942020716352,113.37680739152422,113.64531482701469,119.24415412398672,119.24934120559388,109.63202066248574,108.3234703074384,109.69770260974256,109.6999792074036,96.69840010854873,106.76926948776251,102.410678541635,107.41415341715542,105.0743401136493,106.80895496268016,110.20864831293312,120.23420937010816,109.38097794867056,104.35037607617912
126.346102134303,135.95011857187257,130.26286781055873,123.52139686689677,135.08425147928054,128.53327790308654,127.331942710839,120.97920613954004,136.19016591711815,120.57991776174391,123.97163834457515,121.03141434070726,129.5983259553537,113.84181879278675,130.046338628933,126.05643036296136,141.0555415430592,124.39948983403772,123.78823061521462,120.32599250067835,133.1420502805002,124.2845336973182,115.82913213346326,127.1768301517842,140.5050892175007,84.21913503407578,78.8983643275586,98.00277895555236,89.30438015935479,91.53720117832954,89.70444121528112,100.42723105851108,96.70019526010428,88.75420110436662,77.33712364159298,90.33222980264692,78.2372568295591,87.8645544026454,100.56514817665804,98.14265721242252,87.94216058115715,87.61737218726698,85.66693259778452,98.79274073446476,99.00811549866056,92.67647763785068,92.10150045327948,88.9821774778224,97.12937802700463,91.49373357470014
117.2096317262523,114.41637831811958,111.88716083743616,118.70734962841468,112.33124851422644,118.56453819528046,114.97160142218551,114.98553992386766,115.39383695145102,107.60283191613613,102.92609710204434,118.46892705506576,94.01411049894924,95.17710184404538,85.78687958298536,89.95461976723159,98.71811771649112,92.54872660069609,104.9933556148972,101.0274841494757,95.34197355541752,89.0544498686481,86.12852305945411,91.4670731537568,97.92207368377233,92.29564648701444,104.27729258415408,92.21902805390452,102.38660086269992,96.44357221945675,88.11031713702313,108.48563694369012,68.87276739672609,83.22331484787418,87.86329728282665,78.15455584449859,89.0921320682033,110.58146425453168,105.08506598657446,111.30003210975124,112.32448122358294,101.30477663180264,112.24407295469302,104.5349122831705,113.2858514445798,122.64341477008804,99.89125261736469,116.92460798105272,106.43629051432308,114.4618373887868
96.8899630679785,87.57935581333304,91.27418381067255,96.52269183868272,93.2613900887686,92.04174715833103,95.59450510764502,94.27294234764564,94.52628391862264,80.45660650409052,89.59255413705618,95.12123899577378,105.21403390235812,96.40348533826256,88.52138470583651,96.44120937124065,105.01547484952232,89.5945965144315,103.18120885920068,103.7225499355458,96.3063367475792,92.83128551746871,97.76763288600404,93.43607578954052,93.5050369258512,86.80536386999746,87.77258351012355,100.88045557650224,109.783906871362,86.34049383877817,102.53585130759856,107.28929691747416,108.51370090014308,94.72077239580813,112.53735065408635,101.8725074266725,89.65371319423315,106.14553888627698,105.82256668522012,106.580269786271,97.87907657455622,104.4369807287359,101.34111284283082,93.1890152870858,102.48553389503584,94.93665169089634,98.82451803509429,93.30320340768913,97.41875521726324,107.00170455555164
90.62619083576143,88.82364064447022,89.25520116979312,77.29284061858417,87.23006563021195,78.63879751881964,89.98806785096181,89.0981979101565,82.41339987063499,83.02670722915819,85.38518185559587,76.8144866328776,125.42495577601656,116.49569918779942,118.32990979296908,112.74444088864448,114.20532480551952,125.17817566140997,95.23330476009303,115.82551476025668,104.1173786644236,112.28330727677134,124.99117268180068,123.01868391427745,118.14494929353836,99.51639016155454,103.6876230143924,104.24579101349204,120.8629198482356,102.79555949423768,114.13918542961538,100.9371840407865,88.54618373902821,112.17650077942788,110.09926294756056,133.0528843834141,117.8659062893991,93.05839679149216,105.20255524587448,99.7063785505685,96.7400384208436,105.06746055834564,108.27064759214038,100.48922413084938,98.94840675998812,94.45686943547564,111.8316631109344,103.6197554714702,100.13511095718128,98.4098054252376
109.91515772813408,103.99021072383704,107.41089892165228,102.73123327163552,96.7259551735616,103.36466535284336,110.29164416664162,111.47841383577376,101.28236523998662,108.18728020612136,110.956253056445,107.3597669042436,153.55988716138813,161.41542917165629,151.99845177376227,157.18276511009446,165.05007369932113,160.2624180663381,162.66961575354085,156.722521217997,156.23239691008547,169.18509751814312,170.55377400054056,149.4896549441142,154.2772784811512,126.40297096460584,96.42682309339006,120.8406356115446,114.22078748695816,118.40346923155104,120.29242272788504,125.69044756939674,103.59718247769064,126.14334077012693,117.81411054403152,119.95676011501338,92.3294488475918,74.60075274620736,83.7006997374864,74.88398897548704,66.07341494734597,91.07863171862608,68.83029001147213,76.07409788854879,76.71455022022575,86.27169949516222,77.62542609145763,85.02815402498868,76.41974191819455,84.00176485102946
85.52987534263615,90.26343813232349,78.01457244205753,72.71385561923998,84.03753797784906,79.82663757671848,76.1967993611807,81.8182029447647,77.34925302222982,80.71079478435205,73.201109753768,72.24579274128888,70.87049073048573,71.77921004037226,93.92587753992628,73.84605341334249,79.58865820269801,78.42729878180448,90.0497394349403,81.0942729968555,85.53405775776436,74.03127316610008,92.01649443447224,70.687510587502,84.96735471688484,93.08083322256807,104.24236446244616,106.96782167565944,104.95061152078934,113.719729656113,101.98039579095402,102.44238350201194,96.26192596430177,82.47319990017532,89.06913374828767,109.53381835337184,91.1934544699368,96.56455203251068,74.14780435042692,84.41505237977621,82.92487620245502,85.10175221327097,84.23504791504593,93.72037695390684,91.7836688904256,84.008141594908,101.50672951372668,76.26071522736959,93.7250588279156,75.62993859749194
133.31835944004368,128.154558143229,126.92383246818616,124.22176181578082,128.54886401509674,127.09355346618617,117.93187080219876,124.8082539967308,126.85177455086531,128.2185910431147,119.87044752661228,124.148626000305,103.98657543134412,98.64625267435292,103.98014996056304,98.14025757610356,106.49731689266368,105.01605851279068,103.87312577144633,110.94408567027855,87.63915650607615,104.51815753486316,100.5443759685168,100.5794161033478,98.59666845090042,100.16586636279284,82.56941263935741,95.27058953032252,85.91015295352618,98.89561897994292,89.46402763204424,92.23790867558976,105.51006779577806,98.0234498079092,120.41868742188105,116.82512980452368,91.52875584046048,104.7082973364268,105.44238361421212,105.03417285097724,106.26783819027747,106.92209756261852,108.4847035350385,106.31098068798936,103.89317240454506,111.39951438581728,100.37447130455276,109.87173392213354,93.26690364141524,120.30135378240206
124.60239676600696,115.86499405425876,117.24978701479264,117.2744119618675,120.23294500919224,127.55431269476834,115.7263380255123,121.88992113297525,112.37050177673255,110.6363176554889,119.94641498470168,113.17755717600532,89.7392162598412,73.90327604287795,82.68766940312867,80.40115531358538,90.74651203858257,88.29533851836747,95.12482407085412,86.69818214854247,82.7120102279271,86.28680641443087,83.82023883557908,86.59898618969255,92.2668474424942,109.92529204739294,99.46136807161952,107.14148161026976,99.16352456703736,111.20980710900834,119.07661111346702,104.84485021376209,77.01128724054072,99.3613321515021,101.5510112571526,98.66133464133638,118.83522867261716,90.16969130952194,83.65464904922781,80.13865012239003,93.62407531232192,85.14229701033312,85.25853231321963,88.20873209927919,92.32557150774946,95.97761699624849,94.27412353302228,94.06215702450348,84.25742792015046,93.92467106286674
96.20591465637764,93.88576674775396,91.1123100690188,85.71413911993677,112.59355375061104,86.03242550643444,97.97052434447222,86.17477751921975,92.91314117517751,96.97813893149952,97.99601557456477,97.00868870963936,77.2319953819326,87.52487389723912,99.08451517723675,108.28338181276656,97.53272975569608,85.6916770072973,85.04295174481173,94.06858490686318,86.38971041219816,89.94077253339414,90.64351681127452,99.8701677383001,90.09293463704346,102.63838683965794,114.40228603801422,102.03470179781708,102.47316627654445,105.30404124860657,116.50496713902032,101.4214914984164,108.23867485344527,117.21753867462655,106.23887124834847,89.94420364119446,97.38147431885346,102.33407634050404,118.97807305019148,112.60890365589738,108.03104494925805,124.83490791300876,118.11725532161816,117.18336114950776,112.55699766994982,120.99953743715956,102.87452618592468,119.59232496153577,121.4500046402637,118.69736304688692
73.46739166205256,67.56735061598835,73.00900175030132,69.69368299801027,63.88241736614389,76.83092827281621,81.27025470125899,69.79962515107444,65.86045612329433,75.50111965483183,66.44722030804742,74.88713293449776,100.306135845718,99.84027843992868,96.5990748266328,93.43956289826278,94.29208431692204,85.64938433901786,85.43477395476728,77.11245128194217,90.14362129388564,86.54690521387099,103.47329079572684,88.8586756974198,91.45641779734297,132.15138026446533,124.86259812546166,134.15977508823673,140.04950680312078,102.2070803826411,126.79868351862538,118.0143090207425,125.56733599553527,125.18250625329928,130.8139723810516,124.21204623447296,119.90995919786788,126.3049468534132,123.09983854281536,129.5508986824079,132.46596738557415,140.0859445886786,137.1130244583941,135.7300445232219,143.21535089041438,136.3466136585159,135.1946069504123,137.46495547354277,135.49870451654775,129.8478617753886
121.0416540446478,115.45001541992794,128.30132146500478,115.2882987520737,128.9315688612867,127.75365115412264,123.86083112397012,115.48708525536496,114.70784850013185,123.9733570198112,125.7156560439799,113.88013060870104,84.25419878307495,82.15047797520346,84.46438642387278,85.55111309643237,79.3141732554344,80.95301254159435,95.10354636835004,77.61290112438778,76.68829202086567,85.34909629275921,81.79178306553607,81.62598973126603,77.32009416201386,69.56300275531589,74.21737888517968,79.53170097410435,72.60857522480936,90.4087145589026,93.37492207243366,73.43784154442082,90.6796015276468,85.81321881804823,78.91707791882583,78.25830500294751,79.45313622316421,110.79088449661664,97.57204216694625,106.80170833671562,116.3666876930332,104.58417202137268,112.75268494739828,107.49040944847432,113.03855094207124,115.47744413078377,113.63308377852776,110.66311848687982,114.35798446780105,107.21737531583706
104.31444715375252,104.28397186093288,101.08649956091692,99.31823896820546,96.84466472420895,109.63915104832472,100.4286064352194,103.68218261690728,101.63645856259512,88.81809143326048,98.46961152864483,102.68223213599744,102.43145224987236,88.6596304079918,104.79148595462937,90.92051221088263,95.11667981782244,112.2835765388871,97.2067892542724,93.96454015890734,99.07555302263296,85.69922876209573,88.76056964893064,89.39132217512906,94.70012420205728,102.91666273286816,98.9588768271364,91.08016684528864,92.02564258444217,109.38455248792206,104.47716110358004,90.02046936488605,93.32711351208586,93.26207751636582,100.7792979238126,86.55867557334503,110.73083536542428,129.76040522799096,135.41304832173492,131.76594363430712,119.72197865673778,116.97928984863972,131.42948115578412,119.06461372220132,118.2631088006438,117.03406703144752,127.41981894045502,115.8269914123078,123.96459822791532,126.0485837439456
114.48256632466575,115.28277328474496,117.08984308945612,118.91396636478318,120.00388920161696,116.54525756368211,120.46544292153176,123.28118725030232,121.5861972809914,120.12469897359088,124.02627137497517,111.39821555995984,88.80667139448659,73.99702973767609,77.58096272833856,82.86919809967509,83.00168335149314,85.45540616091995,62.924606398636534,74.88733942862115,76.19818017145252,86.1798314745325,73.87304259865218,84.16632041291308,87.27319585721008,86.44081142539817,75.2536890975708,76.82137522288484,73.54042455914251,91.08737461338428,98.78955840280726,88.77082563946006,80.97128149208201,92.83434019103328,81.16275115374104,83.1979350002744,89.93795300673781,102.63873048243502,114.51704490402108,109.86553684111836,98.11754008972896,116.52599712601642,102.99007400175157,99.70864246514998,111.29448351861951,107.83272979746502,106.01529022695856,125.01918212737368,110.00248619499315,114.60338487562952
77.926951662449,70.8490302046748,79.56835714063818,72.47489735139823,75.85602389157829,78.5407323816855,73.3029913842806,78.52011130330948,74.12420129115017,70.14475891849686,75.73248331049642,77.73415407043922,109.16097085653928,102.29921986975307,116.07303430575205,113.26954272605144,119.92400616880792,121.67935115637104,113.69568771542735,106.79000745944008,112.92891772537624,119.26277589481565,120.2585615122334,108.98649626549096,105.78973303095675,98.69331978540748,93.75189793593712,100.50357182547008,104.83398343335656,97.41641143062476,103.01226153191536,105.52317129664532,93.07438452512268,83.93455652661564,96.48754203347669,106.51133955195516,100.44830313225276,92.43345403228015,92.71212511911004,93.43667099922304,99.66112432400632,94.28524656716762,94.01263157952904,88.59374640519647,86.86335137974893,95.19989519070816,98.2206121917776,88.96484248002238,90.17233900135616,95.9964298834619
89.0426805940566,93.69263841832984,89.34027720691336,91.8934790163904,88.8881929887032,93.85817644168664,90.3590731879253,96.3690239817524,85.92055311030865,89.0227583929366,78.39798506825366,86.93932130923562,105.41737948757286,91.82355522665132,110.144971101012,102.53839556955462,97.67823504191765,103.78444894453574,100.19633689718576,96.55669503391596,95.09388969089464,90.88207135199552,106.3445662556693,100.02482116896992,93.00300883216424,83.63824455206877,99.26952328631766,104.1406824025707,98.03358461147742,102.577931682174,94.4167848045425,94.73140068387248,92.68062414952774,79.25426364886087,100.31239079306953,95.117654037145,91.06070193890793,100.74796751778906,105.18431085914526,104.64219283918293,107.41165662734136,107.55260725017824,99.12061805458237,107.29361458060188,112.02695199831614,90.58563941682586,99.7999864118432,105.6072424047848,116.95260506736489,98.6312945659126
100.22237961044684,106.00717626908774,105.94427868370596,97.34525507283642,97.22949085457896,101.0560641535392,108.4240031249044,95.6822415837128,94.9416377381427,102.75047998895468,99.31881858419256,98.25027008312016,105.45761160870612,109.44707587563131,111.33907126569362,98.52356206661317,93.63902003609395,97.39790852207172,115.92347314850927,94.22121209433664,101.22464416098818,88.18390640990239,104.73479126158836,118.17798920857652,105.92387453579698,108.00693371009412,94.2822914034949,85.94048973995424,110.16634796172512,108.23637616533776,99.23271908662582,112.9752712308192,88.98049268417512,86.54004819244022,104.82819008344052,91.4304818841091,80.7753331603607,135.91834252141658,131.0778597339567,139.72529966851582,135.41619724193438,124.90320332142817,132.77989447160314,135.30128730767495,139.93707009828887,138.69931713152977,129.21523068478726,126.31877612894908,139.4094918356507,124.62072791337036
107.09696821950762,104.29947545979644,102.5529198674616,99.34643335484084,102.35225258433616,100.2104829002746,95.99191887751176,102.44768450577602,98.83836767676456,101.16017693775068,106.00542799982748,103.22606264666304,91.5344758846793,83.61618421035841,91.65297531414564,94.28932168014728,91.34864205274069,92.67524198418762,93.12186219821272,97.39677463196584,84.3650343425611,85.19059365167544,98.47448820928687,97.07727746920108,86.83204781931902,95.43896338168798,85.56170627658533,106.4804567077665,94.71645333911556,104.2054435279091,87.76541899698086,85.39955081339089,79.11133505363284,87.66910857507295,81.57137236621635,85.76878607537691,90.47471323521609,84.83987402865272,98.13079779989738,88.69318113751648,81.68399198011586,80.88034467712698,94.7346869787065,89.32001571904043,96.32403595596531,93.96704811177491,89.54676054444843,78.49151472046404,95.11972444915956,93.31792532670326
94.20451326791088,98.22925635684044,92.7125072077902,101.61627837930403,85.66314944445296,95.42889487531158,101.3229118813606,92.62314578589552,96.4716103860378,88.99131802891476,88.78028783239279,95.856264923109,88.31440188438874,103.3930154284502,105.310841354233,91.1012726811719,99.48014737743064,102.25584866373082,91.11928249530143,93.83183283553262,97.53248051141443,92.5506092954068,76.30656336644913,81.46590860510238,87.41171192872139,70.9349678159764,63.043586285712905,80.77740604244474,63.88675463464789,87.57591414836298,72.49673988098314,74.66290765063319,82.03442232217225,84.44229711177151,70.02984854041928,77.49588844887512,82.9955510871873,86.9905564070338,80.61542536444502,83.07495803528052,93.48482487191217,79.16030041674787,78.4885742174349,92.20700650591944,93.75002992275635,85.3282810335158,77.5917544124349,78.86301327433507,84.88087387751938,89.02921426345773
109.57493172599322,105.55877354236516,111.58133361426388,116.04505424416422,113.09564482282131,96.68151855911404,107.73260821275218,113.57715950463704,113.9839774419341,109.37411476613455,107.40292414067522,116.02759435299228,117.63828428700214,103.74449625086724,85.39461559517781,98.18856932126842,118.75679334886816,94.24734154257162,112.67390773935956,90.67179771530178,108.88227960624089,124.95579376703613,105.1440924577715,90.15737668669014,105.15406634717628,75.65830917133007,79.91299874733782,73.24799682897057,60.510659399172745,69.22164934961285,84.90232558297866,75.18832692273342,69.89959083200387,38.82311235918121,62.492076210700816,49.28861447301563,52.83476097452992,79.06493953129342,84.10677260971238,82.34988742262586,78.34742714260378,87.11368403333832,77.58016959746644,82.81485922306882,83.89785934650595,73.20400638742461,92.40540117779612,74.30144349962013,86.21587894939157,83.00619275030012
77.18641285436148,76.87664022555187,76.13131279891859,77.4877873746231,81.9047215348348,87.39604100957423,90.61285410473648,83.4095723965001,81.50303488185124,76.32801698304286,83.10502604150619,83.57442506090382,79.53524019330806,83.22399814546883,98.9558270052881,88.41209120037061,72.95557681518733,87.63166616889873,83.50556237392149,75.86060122953923,76.37429691290991,86.88529623370681,89.42472388486166,82.02475691295865,70.49871365868297,101.78137454903516,103.13296361773804,97.06040224779302,111.6855851687856,84.94976513178368,100.99525134106406,96.70804183659402,102.94816276193212,111.25972600482524,84.01975754402972,96.60454815432044,85.6953560427419,98.07528739145562,98.10158685012306,103.55626837714536,93.68042557717538,109.40340711430612,99.80691762331422,88.70998101160109,101.31813464554556,89.01740449009834,97.02516614544524,103.28646447784372,101.69806754973422,105.62596472380775
101.5955755548167,105.37097598445804,92.23047038013158,102.01296981407648,92.2139610294788,98.49519724299044,90.83023267719292,95.9395932826302,92.09684559475669,103.61564470417208,83.36673832533819,99.39656203949733,100.2258574589656,92.40315974293682,80.98247072467409,82.32848101555994,91.21757346115538,113.2110172859021,88.62996203127423,97.3229549042973,106.79526425193632,80.16942629034831,87.96723728256369,84.92821856480153,86.56644560449087,80.72886195889484,101.46403713087794,93.72757308601716,91.50200096673788,95.09156638922332,94.482368170835,94.38296070276736,95.6751273095143,94.84610537429026,77.63068082731294,80.09157869105701,96.05828314622268,85.36150498420491,78.66677091960405,93.0125528328808,80.73125567440205,82.37113473318843,85.08834573481886,75.03361433162854,92.2962658018126,82.5564166845489,91.47182894230583,81.30671057408735,87.46087878458113,85.14674344349474
105.03185538138383,100.1910352814678,95.8348094436832,105.86141724813643,99.5543701856994,100.69205999178716,104.73395548150172,104.50897706848345,103.14365266501014,100.77801437819724,110.16117235286586,99.61574786365684,72.10573819204771,93.28858000017298,82.08905469364483,91.6240074063364,83.99056879962018,95.60033045974104,96.34577777615614,82.76162172073688,84.5889857122868,81.58855325261564,80.41508899985288,92.29417127288718,103.53856195521234,81.321645882229,102.7651882741112,88.37810364866856,101.73685320812272,92.42670898643568,93.74367757720692,64.65655032175194,96.90432103941856,74.18321155204484,92.83260650019166,96.45119454815357,93.25235189002127,123.59961696670284,132.77218976593687,127.95779432972223,130.7919145032898,138.76542670281975,123.79256036716892,132.41983894727693,125.07582983846306,129.95487051333217,131.37855886214618,122.0257433764788,120.6020106712392,125.10603954856064
118.53285612740854,106.462417428606,108.43129798469975,101.97526606711814,114.0023285951941,117.95089348947904,104.03273183114312,112.0974283468374,103.598907657752,113.30933223215789,103.20970411139535,108.62653192399524,96.08137607865308,92.90674694335088,86.31412755957423,92.11735690955877,97.4879105565868,97.95370092563068,88.19076195726917,81.06593616003,98.88295283150728,86.21576835095092,71.70988261902698,86.97957236085462,90.31726831288684,131.2210413913707,111.58609818701775,130.01618663283452,118.34141746332176,126.92852469565796,149.6367721098464,120.00530078985469,,120.84769664537072,129.22418497422603,104.22780118660714,109.93175384155433,106.11221909648565,100.57128757946089,110.6428042632406,102.16655790383754,108.22426662381945,107.19326899751916,101.00732566730288,103.6719711627734,90.7856519456778,97.43770673323142,96.8593637432469,113.95241262521638,107.26870796602532
109.13533199656834,117.31519388057863,119.3367981687588,114.76811139010763,107.99754773625222,107.29955307738058,103.5978872117124,107.33249719709931,108.08295997702731,108.04156473585311,113.20290033369731,112.8716534113759,76.77011563827185,71.03286120591275,67.18058102479009,61.315276986205454,68.07289438694632,70.09913639415267,68.37583412405088,67.75568497455076,63.21540899996255,70.38189482500016,81.07159114910093,69.67550454280628,62.37991957245609,90.20258904949084,83.5244823677901,87.02914132353662,77.43186291518512,100.6473457913046,75.79118531207374,68.83646782335774,69.6912609994093,98.03368134485451,95.81888012952253,97.23534924357968,81.36778006238995,114.83781105222532,120.68042466526096,115.64186062522148,117.4663408419333,106.2177008361546,118.96620550158032,107.29150750797209,120.17783425498094,119.30608345107169,121.87265813243717,115.14010703869816,116.05314401293168,121.89127547195976
84.22612026075166,85.91151866943525,94.28686935339512,90.82002821449473,84.92263671348006,81.11498867710681,84.22303883448669,82.82499026567008,89.75674907461715,80.51248868039904,82.69686294169091,82.63881938516008,120.86937172457844,124.6082116894612,128.14118716241245,113.52727115314026,112.83128636722188,127.83335443231992,121.51316597349324,122.83867912362572,103.87727662940452,109.5719079597166,114.32866702602746,114.43595338906118,123.43561946832958,115.6094817739758,102.30416755625993,128.92301341700914,118.21990345541498,120.30100611151424,112.80212611491928,109.04300552209334,112.70941472793842,127.24692138514465,97.43259850071546,117.16086053994265,102.88762284637778,94.72318132884436,96.20949549953342,94.4843996556036,95.97542527861074,96.80422216817072,92.34223846509433,81.96436211269132,99.39900693488048,93.35983119665433,98.54050460260046,91.22126804313685,107.60359932364342,87.42448758247727
78.23520585751945,79.2677262993737,80.17854294616946,71.3755634077436,73.3335060603883,86.94605394998933,82.03564638194551,71.69608427075741,81.1238645817945,73.16735350577643,83.27638272076247,67.9695350185032,87.88637897359007,88.00520134333006,81.23922575381158,87.91771325256224,94.17148096606802,83.95909298786118,81.13657173136069,78.21109904638018,92.91950130199228,88.62199687887697,91.63026492559035,103.63298794498712,94.2405625185865,115.77289725231245,155.76188526506124,120.01918093051312,114.6771582085419,145.36752806216998,110.55194598956888,111.00443077648382,122.04389658913848,135.3483867895785,121.90700529360625,118.92789909631874,138.1302952021712,80.75854282952176,92.69855102811258,89.96938655317196,82.3267900115007,88.0808877041294,77.78472320780322,80.52274536840737,78.36427771245191,81.5565011972083,76.6516308468209,88.85117042113896,84.01992695492223,76.18897178544464
127.052418727295,129.99016405298306,121.66937470319992,114.57763822340632,122.95476157809571,115.00484580422837,114.94044513551016,106.67484724101294,119.95502388973487,123.546021986943,121.19543294061803,120.82250681013213,120.6506408723618,121.78826488272564,119.53677536731776,119.706930511151,114.21353266712568,123.81755132618306,113.22941061802656,121.85166867719629,119.43900166840515,111.70952772656894,122.28197715932023,140.19139065153692,125.40595618817515,65.58255501700506,69.24063984498552,72.69289828128244,65.08096537413505,53.14362279775351,68.41050061380442,60.31066146282102,70.50971774328586,57.07402670418817,59.71557344223369,73.68103897117899,57.73774892447476,80.82468115697287,74.1108162873717,83.28479686990363,74.67838643602367,65.80619342718472,72.787576957475,82.78759597247901,67.23811459087203,81.88064846864569,83.05219580654988,82.17132675703581,78.88517070574764,78.47952219203661
104.50823251775913,101.76711902779316,95.9794215089302,110.0730175139114,108.4122488736449,102.23413376501118,97.48963037740188,105.98700833676251,98.62511517413026,101.4375543930515,103.810088822089,106.80751756647116,134.3422101079567,113.32886261712392,111.40618803515636,114.8090448864006,106.23678663405074,121.26698989340048,116.06054563557664,109.62953856805537,116.30703518337504,107.20181632009586,128.128428414046,113.80320703086066,115.01463658526056,96.9409265862075,111.77300088413368,93.34651844259034,103.394978950637,105.5791406096008,103.84090631825816,95.89718328866202,94.6848161468042,97.2456695336005,102.82309626319312,92.72537743275063,106.80831579747006,87.71238515620463,79.87157105826549,81.9669398718827,97.2529673911748,90.24683081480848,86.58084858853711,82.19397700305096,85.3269554917459,87.99602729440666,80.24231655811978,82.94916915298151,94.68496461160696,105.33377457486016
90.1678095805034,93.41190259205788,86.05933295298159,90.13017850577994,98.01574611813376,88.03757483449745,88.31347812997693,91.81722873292486,89.82968478900499,91.99567911372758,84.3051264890553,85.37183456991194,66.60411081102471,80.7278573795518,83.07113223695193,84.17850408378763,73.56781794404338,83.0292937945539,79.15269484205515,80.5665806562542,75.57214457470067,82.78676957584422,79.47882221036751,83.5343183895726,88.5219860244357,85.54492231116762,81.62294119410555,106.1698349629555,99.12060354115034,86.01934871561986,89.35132745404937,89.13962648200528,103.1247893473432,84.75763033222482,89.82631744936633,96.79201017876078,93.65494567592631,99.27802992991694,99.77870886437482,111.19740803914677,96.43252063936929,112.24920948933934,96.67392074750929,98.89341144959744,92.6313973350496,100.93831087078108,114.8516326182725,110.31428072142278,107.02000415886728,103.64407103515508
126.30676218142054,123.55234525732328,119.32836087329665,126.02466100903546,122.38945990534177,127.47095204348558,122.83010298895194,124.57761367827146,128.58056608677546,121.35501764449138,127.25653313974854,116.84534445247527,89.93005056550032,81.47668146997692,83.15565338652429,97.7776686852065,97.54616710028826,94.2018908226553,93.85325852744008,83.39047033937523,83.39725366102076,89.86484885244988,79.35839311467996,84.45317020942181,67.36625926584992,38.90529970540799,66.28682508567111,47.985468422049856,40.42102759669803,37.25072083235298,50.92567284772331,62.965692871812266,76.122424512147,73.49874287968419,62.24205989168689,49.00185308235731,69.21887702548861,105.70141654901497,108.59801727960546,106.54728819039754,110.27176782072732,110.19145272130608,108.39481472589344,104.50198936487884,101.85213995988592,111.54770450733228,112.6809644460518,107.84588711465864,108.59877978357495,107.0675463184558
102.66816513017469,103.07808090870915,98.6308815231373,103.43806559639536,105.0783935381824,102.77413205115944,104.47671765216538,91.98731092562105,99.8569511855652,91.85530301493478,92.3679129946198,109.1145152669127,131.11460597310403,134.7497960757817,139.1510296117991,134.34581023713756,141.48121816353097,134.09726568755616,140.1467912121513,134.19101544441708,134.31746872737904,145.1358746060282,139.7920855788997,136.33004948280671,129.95707934652924,89.73051406798164,96.90628997047044,75.08058676136052,78.1567011288828,76.3126374409822,79.75442987025511,80.55425934532076,80.19200075979113,84.72400963884009,78.13885029996037,72.7630360807261,70.40784027622622,102.71682542809324,118.29675147054952,107.06299995953503,111.30788064852396,108.67761383179172,116.34896184442692,116.50709321074942,103.80221935267797,95.13155225650164,108.62104972273409,109.17692253001998,101.8457558620247,112.75805267472778
115.45728968820475,125.33179989302003,116.84873866803343,119.64293736559812,118.17979545865212,111.22633102519607,122.43743061777984,115.93521061057504,124.44502821089095,114.83788742202506,120.91890986233686,120.1466853154294,126.1045419585093,120.75099474713284,121.8644904691924,112.5424493632798,127.1259695725275,124.76742899711786,133.10312050999838,118.07461115986143,123.84509259825316,130.85897993797815,136.53653134124545,119.60732538704478,127.5748603427988,121.33037833274156,111.0212341163473,108.47443748207968,105.7578842510296,97.05231462241755,106.60296335833014,92.61329731844724,112.46745192860922,140.09413749620353,92.66402265744824,115.67758329991848,112.236568710031,77.43083720658743,87.22847145226365,83.02793595247041,84.5960474601867,76.63235024526371,75.54915112155444,69.312020037221,74.25805587763138,74.96739642386622,85.25873145257525,68.8941003208806,81.63121657408712,83.53148316015299
101.98322718564316,103.55195600259977,98.652324332666,94.3804165795962,107.4921361304667,98.35193440551568,100.71570131478916,89.92103842089622,107.47650366874268,95.1172361493374,95.51755346337728,99.86737206654308,97.54418134744913,103.26874313094952,95.44671069930978,106.13461096432366,97.52807241358208,100.2909186309448,99.60238513668524,97.24172991534031,106.26028034619904,95.54826603495631,98.16584204887216,90.84747840023462,102.16429056254076,117.55543427260038,120.17917382477296,126.74847491393128,123.80384070108084,128.6737098103408,133.38974706249735,131.12093516613706,138.7825513417123,125.6118934564967,120.61713006267355,118.90218145332514,113.30371969829548,96.43986898240178,86.13405060889531,99.46086936645648,108.32240240580164,98.605928245375,96.77663652828495,96.14365602899085,104.9164910765072,100.91595279058735,90.50193634330472,99.56734541481408,97.0339999137905,101.01257291025448
136.27937762252867,133.60269926847798,121.01471982135088,136.14780740633705,127.31705693518616,127.87444670716876,140.18873544720114,137.75972441150074,139.22988303394715,131.0807324916415,137.17263718301302,125.22605445749238,100.4340505338782,114.34544389876794,106.15877670847964,117.32711320368048,106.19778733321064,95.62370882754504,112.31090446622922,116.8632390688618,105.33433443250098,109.57699468796828,96.22164394358762,94.77581847205605,96.5663382949111,114.9032850961254,112.15220813103336,120.7651298349181,114.8670183318195,113.8878646214333,124.68251560791477,116.722724606323,94.88177458845436,106.29343002366568,113.59802328875526,100.89679912286516,94.15490377109118,89.23377142450164,86.10731550394934,86.94282375285584,83.78474094011345,77.55319371401146,96.59614117837698,91.87361897431964,90.83514978099566,82.53937664532725,80.11302473589386,86.5383403725221,81.92232528217026,91.59515750685564
121.19753613959276,131.6926493231971,130.06966391723574,132.17806259878694,130.05513920103448,125.94400741053283,127.45128635932453,120.89983972605764,127.85632826930484,120.37807395827562,127.13661034996154,122.22103849454132,90.45358292337032,99.90611972914864,98.08702800184052,93.67945086020116,92.77919152381212,92.35275950619416,93.7175260083774,79.64390371208312,95.41691505444798,93.00973946062648,78.21124148926927,93.77922416018534,92.61266388589743,95.832105060547,82.5868718381224,101.68790944032824,99.34996836080254,116.03990118105416,111.62479178570273,101.56882192516508,105.13917649207878,103.42622070174316,105.75559138000553,107.33674216179809,110.8178229263494,110.05835138030804,86.74426785067779,109.99362701819273,109.20435534931644,101.89684652233812,115.0802004288938,108.98704725031044,109.07443383261116,95.06052768997203,104.50747118332568,114.023390446958,103.07869644133687,98.8581624156124
96.93038614354828,94.44077412509948,90.90182264411489,95.11858405247376,95.2920512922305,98.39475606596304,94.5334052427794,102.54255582011338,99.20249627184396,100.895413276387,99.48615661206443,102.77848975674506,97.41192155078278,96.43276802544162,101.69905603942232,97.78330131017576,108.82264133866371,92.73384740937432,106.5926545961128,120.02379486584412,104.63034265999876,107.5568257766212,96.7149116361633,102.32789488737602,101.49456872350702,97.06434204326834,99.30114726531528,113.61925958094442,113.50139422400044,84.60416292789432,108.49014774718572,99.07115450646668,109.47037253020886,113.46358648975918,85.62324619849367,99.41101575063983,81.82975588483667,101.64966445107557,111.956346595172,102.48849735682748,117.77539809517684,104.68659155854884,102.59856860912927,108.26092271513552,110.9811976888326,111.7343201050246,120.60026392101489,102.67479405304184,109.8203588406336,102.58962528400542
111.07296018961948,110.37751592762032,115.76979858487108,114.35617951524604,114.25262337877284,116.6645930437552,106.5157274688012,119.30291248273606,121.64450070597078,114.1181849625502,114.98350833343892,115.26187396865556,97.47571497818667,99.55589590041792,82.29213113257966,88.25113258328132,90.16103221138496,97.6179077645886,89.13600677749073,87.16450212055067,86.50613272272473,84.34872651554855,96.15740346841623,68.6159286880387,87.0265987353456,121.79227792098514,133.44961511285166,117.05519285842004,137.12056248223232,134.32439537617944,136.0991278347889,127.14304497369228,118.8084037477106,121.57874682596824,109.87534668426048,126.92687116781563,122.9577683753764,82.40356022221258,89.12642078397467,84.72650768269664,82.02634369306992,83.09837037195788,83.25148338095728,78.52672748210594,86.35412703281531,74.92707742184112,75.994506889363,96.0860560349165,73.20514665314928,89.39232599808126
115.65587238840142,104.45659327367204,120.05105259252709,102.0251017309986,110.13940166601908,100.8005804735352,108.36734164219637,105.1776874810969,111.91760892912208,108.79265926998352,100.91875376807222,106.92770390877368,55.16154544593543,66.9694255225808,74.42237486089893,60.56650566183117,76.46508024196862,69.88779246805196,61.87918452519652,69.79766487223334,60.28683328841508,65.53968451679201,66.94969772506974,73.0735593003108,77.71288394084432,127.94524587218588,131.86601158562945,133.9173627287917,144.041870968785,133.20439253216256,135.05186963055164,139.8695840057204,119.95798223034495,133.46796400843405,132.7860414050964,135.49998039657882,142.33654250909382,118.3515435834354,114.27897845979211,122.61728273951496,108.12184325755416,111.17955556200285,116.49251356203372,114.7034729949478,99.53946416061969,114.11536006277548,104.27660845750118,117.86165400891916,113.25537205159038,114.58610279664607
112.91353883906636,110.69769041610522,115.9325504050531,123.1007471430744,121.7906753451186,125.8491783007895,118.84753863592957,114.8655486066465,118.02330282403416,123.80893405192316,116.22582754600852,123.0779195191085,84.49477930496097,84.98252732349897,79.91663205787272,85.31950715403782,80.36149797034008,76.00951997110414,84.23198896342473,71.48297671125643,77.21637030178866,80.76775869133067,75.31649592296856,79.870572942621,87.44816317744304,111.22683064790009,88.35596426024753,83.43949991401121,86.24825785223419,101.48585134323316,89.6109495467062,75.44855993250985,89.33930370613942,92.1642668360054,77.16068674663192,91.77111534520702,98.664208368084,134.0304942019395,135.5862335878922,129.343541260486,132.77553544672713,129.8675686679361,136.30430665928074,131.85536971220387,135.14353021496638,136.0005517053294,126.41603103593404,125.96587286672084,140.96401806957994,127.50764049287169
82.7315388549405,95.80718374100005,72.8747104775668,88.38643529986916,84.94500287568864,86.78899232128155,90.3276720727058,87.27799917323013,83.28343390865913,90.34568276167776,88.88809477935536,81.45415715406682,97.70410439748224,93.06666856138112,106.96037628964642,89.50606799617132,92.4928805333377,93.64140231939784,99.99475334146776,94.14623588433896,73.7474747730457,119.83538695364282,94.58865343228727,111.08977522896798,92.3399085988527,65.59694474858372,75.27588275646596,74.2099294206603,60.375213246152406,65.68268984503435,62.277670886513675,67.55703120894914,69.39334726332642,70.39516920736753,53.31390733033777,76.08112783501632,63.35434671585969,108.15323091493669,112.96436942141138,115.2219893967573,104.69466007208314,117.081161218525,123.41057675004666,107.36621927734542,101.7437837367499,112.64149898636214,117.95983127900354,107.4513473792566,105.04852284772988,104.58730847406667
112.1768312752992,104.77473007136815,108.86075079057603,109.97981681498004,111.36433781582922,117.21343213794611,112.60319002031086,106.06915171406123,111.48354666884528,110.19027814112832,111.1240509867758,117.79498705137848,73.66659231700154,84.16983077845322,75.787613760492,80.63296117283558,78.13460834025423,81.15735923050768,79.01805578601154,79.01071426715703,78.3122157370161,85.4439313081923,83.71435834906264,86.01897064418925,74.57597977130035,60.44454980026272,74.56743652042749,68.36769078116427,69.34748734481312,55.20474218329751,64.61540641457476,83.61054903150925,59.44066523177739,62.00320344630719,64.07578292461855,69.50155092071856,52.64215668685024,91.00306823846464,92.85083789428596,92.58068299925168,99.78839027270176,99.78117323842056,98.08086876124996,91.07714455492298,100.61232626076269,104.57155496191632,93.99233578350028,106.08348439203434,98.59476317234092,92.6918445746652
123.70398744891553,114.77009918481497,121.38116547773669,121.49813410209632,123.76695759055474,118.09735893919718,109.97952169458073,116.38879051353486,109.42356019301272,112.02036580499735,121.78131682927216,122.64036997722744,100.60990499108657,101.50062348947225,84.75532662290954,90.95613541594574,83.15868847837929,104.4969157124763,107.84253219279356,90.62527825927368,98.33584460877027,94.1013300082947,97.07519727617232,87.1614492558146,95.70145086187046,112.20240058742657,103.2291592573452,118.27759443541224,118.32473121953436,107.65322162023836,114.59135955562807,133.9948279653766,140.78982764290654,118.45530420329337,114.94375396901052,99.755175885644,124.92316349895232,100.37741982132404,97.84204916378276,101.38020055489626,101.63855170069768,92.01643723111648,96.67522370563998,99.95638803008886,82.6931655679357,94.93223909189176,94.2972944656422,102.71118930962824,91.46341793022889,95.26456770480138
73.29015639828836,72.23484120420869,83.41064497475627,,78.54615613172939,79.12552249233211,74.48017963570848,71.2047697496187,72.90261312683234,64.74905962309265,75.63528051883915,71.28603734763941,71.42447571485523,72.00324607314984,79.61605175389639,84.89468188958675,100.0946213368462,88.26199623840755,73.87835620134865,82.20874074954008,88.3894736426683,77.22096884875151,81.69502725875304,66.04267128266721,83.66611399912365,109.73189145240175,100.18235151117209,111.17887155341944,93.20589026415054,86.37604735171304,106.6108451545933,107.803491166142,94.50715807830474,97.49309587487062,90.5101171149912,81.81527594176563,112.716689716986,102.28031916462218,95.47559226499284,102.935473777411,96.13779132250714,99.9017111038379,100.99601404579089,96.50160348161556,95.78140906280818,99.428772703094,101.44103612495928,96.9726011642754,94.44188155811857,99.6683176932731
79.47512467654738,83.78815579905887,76.10337433775129,85.07415193948137,86.59689527249786,84.58384886726401,85.60877816865865,73.3453302376852,87.73385790116464,78.82087352483747,77.41761285650007,79.10777107485907,88.58240173622718,93.13082849322362,82.13387028834997,85.33395774536804,95.1667278980916,82.62038758424241,84.88472399901063,85.00856402801593,86.11526814227045,84.33055826122047,99.059282584956,82.5089120877666,83.00150325387217,86.22760533995144,127.10847989917322,96.20520994632976,90.99128419021116,107.52677018608732,106.21645420282276,108.11687549643754,91.2120351426151,102.67298206013427,95.71125908963116,122.02812045930162,96.12624787022456,87.34130670510054,94.17074255408257,86.46305825685025,78.86323200162299,85.87004493622922,95.72851059463083,90.47607476116102,91.87561095446236,88.25356809943739,87.64048453059736,89.48849851669195,98.51990586068428,86.61463229868
78.81730268080145,73.49020339629497,71.8950134497811,64.31319564013792,67.13381970347915,76.14264611461223,77.05167413053766,58.2591772379762,58.45524807777209,66.32545610035869,65.43119664499532,56.320851340137104,101.41446433370544,123.5649596589044,112.16717239555548,114.21157642219998,106.15691563516398,106.0291622151768,121.01922958643414,127.60372873568376,115.57886793415788,130.2158271765904,125.10160985109094,107.79662023064866,121.1226191385952,65.5140059412941,59.790072649169055,79.0053866818293,72.72505541296859,87.9094553277963,80.10781373279231,89.68658258967018,72.20402191494318,82.57540328717639,73.27859233787325,73.14095377623792,65.10710652157813,108.3827986069408,103.10421149266536,117.04374501292592,109.9158781101268,104.16436327670944,109.40736826560536,104.69601221458916,97.07942540988286,107.4637096047784,105.01085272682909,96.7983114574249,93.88303799851067,106.09596823521784
88.71882798125041,100.26126492513036,93.63234519943136,95.84113672896044,91.51269334219002,98.57015066342052,100.39641732040194,97.09231872580465,103.63130799230422,96.49418474829312,96.47348443594782,88.5509936255748,107.40238488914424,102.31502464914855,98.61744650043846,103.8910126543325,101.45744941942478,108.96739786515876,106.2363917419636,94.38441472915788,86.2738989234796,100.51815504703389,90.8320348313296,111.25748182260293,106.49132694827,103.17039470928836,87.84797797984234,81.01256718142508,84.66147180564828,83.0526510416208,77.09879774717149,107.88064632423966,97.78077268521793,106.30844665441792,81.50053727137481,98.20458282534398,83.45314667948303,65.1317979533734,77.75692249375588,89.56281298750913,72.26526736329076,88.77332546102264,86.15156985055526,85.56857409953558,88.69335689576475,91.28403291497057,86.1343520183436,90.85171757409748,87.51684316171513,80.30066221252375
99.76910405383902,107.84774664409474,110.23339206541876,109.89136254742525,115.5396366281282,110.27355760472491,114.56736710849682,107.9553451052863,116.37500493045523,109.0373994312493,99.19291350693892,104.06578496215064,92.4601750112568,110.7363787269239,105.7831692909914,91.96176145850691,94.76002188664832,94.07625444337955,99.47216225907772,100.6765578142885,99.4003388626442,107.10999795718207,102.47577552944344,99.7840662219832,103.10371455929524,98.00764967146472,114.98524901200533,96.694639793092,102.45125816186848,101.8591407740661,109.88528263389908,94.27698791101976,95.7419302814706,87.1634401647912,96.27475800813669,92.11074873521753,101.28387489955942,79.61986110528692,62.43934517583844,75.89610711184851,62.37880453349325,68.03208664203392,62.30233436866805,70.12622046111615,74.69426622074198,72.47978417786466,69.0704748492702,65.7279306803847,68.78696358836822,78.998054410733
124.73542803170707,121.69974721250836,135.7570725165256,123.66189539164512,126.9155897440894,133.89752938367482,122.83578575451624,119.76990669686975,120.23653270228805,125.97502064169755,130.90256520955535,123.21130748637736,109.5765074598253,111.6669116484405,110.87925749667964,118.19947610429196,125.5248372870527,113.6637377886958,115.19248794126094,115.16722985127436,99.74843725275254,110.17703363228892,106.96956280708864,122.25396758084784,103.0521489645,105.0367958008222,114.1593273158978,91.1618224682266,109.76863626567584,87.88315516910485,98.84777203539343,93.42325131757784,107.97351495090108,99.19763950258393,99.31289038928772,102.53742480652176,115.40275181461018,102.35235639554016,92.10963627686895,107.19769060384004,102.22399490223492,96.25955558020078,100.36519888285268,100.4040805208758,105.57897340223067,107.98512737270124,102.29612286762512,108.36247189394372,100.12804131632925,118.60506579463735
98.60115058453356,102.52432145873811,93.59657006432086,99.26378706212984,108.47477508505152,105.55660731769608,103.05298173341389,104.59074090176556,103.82837584565569,98.04650534994316,103.32015538818442,99.48025318408982,109.56072400375552,114.00580514858316,108.41292489040144,106.81900368546528,95.8501115860428,108.19916604040444,108.64444226860095,98.64656451099552,97.54270077493555,109.29860523044724,105.22311998932148,96.61046445458912,116.54745463928046,115.34258401773064,88.887152608533,87.39594795322621,105.0291174705208,95.8243319080666,83.02095299554699,91.31819624004866,85.30601347296204,85.77100043223174,95.69762097016016,89.48747287358518,81.62505130248839,101.16915535143426,108.19355205036392,106.22205744187464,101.82920746069033,99.44768848850929,105.23502322986894,95.42681401029058,104.50650551170052,109.05046959593052,101.77022840056338,108.43075019862816,93.64912193170773,97.96281959413078
119.32306909791582,123.18577755265164,125.69793149104224,123.77187020521104,121.40933005372324,127.29795528859144,130.67675768710018,130.2964445667316,124.444971818101,124.14402734930466,130.56440616881375,117.70255574649318,115.51811247403262,103.94988964116172,122.95952583629806,113.79021730584331,122.61425783932074,124.19494642258442,109.56514899848314,127.19306933239322,120.20112498585962,128.0324115608403,124.17267644978406,129.4205644438141,99.137098790845,86.90358655496485,86.5014608217059,83.61867656975122,71.84715150667948,91.12573318885111,80.04792937726174,115.4070621632004,99.316991489515,86.31112239770259,93.2221626798463,109.09938034009352,69.45728893223333,89.50934341144627,88.68571363628797,85.45859530997713,93.9659347459922,83.25165965632931,92.93484193711792,82.9486349529994,89.27724922684214,99.57555523528772,96.6415253917614,91.72138307875916,95.9558475770839,94.31204661823575
82.8402603632734,87.33520600687659,81.63694398560379,83.42871398398417,78.1507348499749,72.91695604408496,72.63459113937839,77.93575451996759,85.44842996897005,85.21841534276108,71.39545842273078,77.89265791445385,92.63839906792649,112.4523332997806,94.6617518045704,111.02952351491923,92.2338883247541,99.96827450672788,90.3080159824892,89.91549496221987,103.31222296826132,88.5268882667935,91.40035172982554,98.87002429272025,99.77455468006784,81.14963349736634,88.21037831111393,106.37798678419291,92.24207818789849,73.75024735819348,113.06915503683724,72.53793168371021,93.8486053901466,82.84800053585239,96.62397356486812,90.7639193346036,111.63145833028663,89.13379555204953,82.79099580133439,81.92719625161064,80.36271334856566,79.09485960473864,85.7163224637822,74.027351637107,81.67106384338535,78.44781423917723,76.0053350757606,86.56521885757769,79.6111229631404,83.15001560574517
75.66826697852868,76.90413816786393,79.87819503436941,72.2654422234816,66.25184259704551,68.00772532235499,72.7020667735879,72.74626987512337,79.36267912352238,76.15838947944752,80.67208921144896,76.97594914790942,81.44483131212854,105.51914128403104,93.3624424384476,97.36691665582435,100.17018436776029,83.45177182714879,106.48764855819736,73.61635810942283,96.52512942984784,88.42658208886522,95.39915436710844,77.4096024306378,101.02996922345356,115.304078720445,110.64413124599184,119.13288799380624,110.85019222687178,116.08601459940996,114.24768062429284,113.41945789391433,128.6018649779846,120.52281762662838,131.00695399986932,112.77627023414652,116.35162141030813,97.98177065997731,115.04553975417764,106.6453027159745,114.90642299451967,102.66233552782978,115.669156773738,102.1536540771092,104.40646983711572,110.56475453818152,86.22270487273185,115.43199865186467,102.44014392094262,105.17833296127009
96.34639136286708,102.8411734467998,99.6567002839052,91.13389901285731,97.20442898624636,100.63036192725998,95.30394077276952,101.66749968212014,92.16643090063567,98.8665968081079,110.32427907168946,101.80598126612864,85.53036583289907,78.20635697010039,84.56816652741233,79.25727657693538,79.65128718233225,65.19408640204591,75.20876792591248,85.76215790096634,80.62920898122675,93.75431855977246,85.86712265238516,91.064303734216,77.02415150590613,92.3174462037468,102.92924821912167,120.21845245271956,91.46762718594164,110.83094069890817,100.42080457934324,89.54485776912618,107.3233756188042,114.70803839850036,112.0532382630241,87.15637215975059,106.2006972509556,93.99413638108426,81.7705484336559,82.74655804162788,85.53838446794245,70.36526967800987,78.0855951910873,75.52913751483038,85.07208075374638,86.6400013817264,89.22487331775713,86.75518721670767,85.80639599666769,89.066880093491
99.35945974073512,109.07538807742668,107.30123443161013,114.50890125511673,110.74383428698684,106.48858772293082,107.65674732772024,98.97630388559172,108.6972938014105,102.75125952441373,99.15658995720302,96.2626303297952,107.68459968381988,77.78857702626316,87.20004816880724,104.88692545302828,79.49961822617021,89.02571098958688,91.01888112657905,84.62976216659479,93.40904612367687,101.44203239858008,95.92190364373626,94.31295717354452,103.74857097739309,121.74172250449024,106.382690776268,111.38558502124243,104.89632973484618,79.8446456320385,107.26130529803652,110.42999073310712,117.43119248162112,83.92403524628719,111.56792741975131,128.9196865316918,102.26304369815688,100.29346026269064,94.15096983073306,100.70460635368376,104.1238433475376,101.09964571948704,104.74329578584748,89.6221193122038,93.88364827713752,104.61921472342344,103.48213024952048,96.8640238384283,96.89411198256916,100.78876187089894
103.87186541998932,105.37694806601525,97.55133594147964,106.41684917204104,97.17710188244762,96.43896595354704,105.66068965684256,100.6253440523271,98.48143951037235,96.34342179501373,103.36658775310744,98.86826137616946,136.80921935781635,116.7757753609806,125.66689182776776,129.20607328962953,112.46260573739715,128.88377567719417,110.13858230806318,106.0893488454239,108.76251726890096,120.79692696406252,109.2968579811957,117.60790444548472,113.96676799090191,92.26251001220722,87.64438221760756,82.64605039209067,97.20394263818623,99.87142345385747,85.0306890025255,74.48998254789139,77.78636724006779,91.43469173284696,82.18257646043861,84.88410898455703,91.4165159313672,130.21056310740562,125.68160729776471,133.8647436145007,131.19630519646486,125.37843921180874,124.49239703693488,132.72741716770773,119.01938512356044,129.88638531327436,127.6747827846777,126.07346066658756,114.47045053337553,123.6482563895873
72.23937438919515,69.89347629292038,70.33400320562738,,72.19076747540596,69.69328199746214,66.00349706579648,71.74779835851261,69.40253135199234,64.7353022346421,68.9939182228383,62.07166461454379,120.22915575726353,107.94840620734196,117.60751151698372,118.33701520542093,111.7225128403854,135.67720338463104,118.8036887973869,125.0030272470712,115.14794327695051,125.79802092891532,114.4662137281694,112.58064168450464,119.99926421055154,66.93678921869953,48.2088159120803,71.08621294499757,51.969464183285794,59.22944147790112,47.87788706097809,54.60513749065446,50.77854355209501,51.090777230011845,51.81503849082839,63.13493891460661,65.29325646600586,107.79261916365726,109.94444274615071,107.23723201703532,102.0106041504036,116.85922526026238,115.37994545927916,111.11292345275352,107.74669644789392,111.4218549998479,111.37760585737,105.30991912759823,106.82290144576662,117.66712117936687
98.16732008841126,92.17903966752894,96.94723802982112,102.11173843353414,97.71068387731913,106.60633404752616,86.71167756996098,102.06435044939631,95.0223399024591,95.95816507839368,90.94103016606697,103.17184289300954,120.71021064767751,117.96340582175992,103.91218441811056,117.18375741277812,115.04121389375253,129.0539946058271,109.73959487070564,111.62728566195244,117.8235858850664,118.08118142778856,102.88693514835576,124.6065536246758,117.12080782053376,104.28327468222624,79.38725339428593,96.52361161746674,107.80798199632368,99.32071187390598,93.58556622879384,72.65248379654496,105.61824135229284,96.75765807657643,83.37566233237445,100.713408299798,95.15139711246184,71.61369487689633,90.78831816580964,79.13646426204673,78.44462714056142,80.75620194303904,79.21568560406585,76.75198969505344,77.11132262110895,82.06684254635269,76.07715069943353,74.86950730785331,84.8356554099645,80.6730075491952
89.66614247266554,82.43139725119042,83.54081694170746,77.91808363967048,82.053242633535,83.9099698651787,78.37185376730486,70.74919397991488,89.17364283803138,84.21128668614878,82.89737735168656,84.3536895741947,58.842116618498544,76.37964775507271,74.59170885769264,65.18309945773493,84.56053829392107,71.54327105967295,76.98105401902293,80.42929920617046,62.0042378542025,89.22932850715898,66.25575962159272,63.6003033678475,98.5797212962469,82.85933387434223,86.58863394969384,80.57422574479043,92.49022683882087,82.87424889166991,97.75739076560086,93.17764833446408,102.5988611564572,78.03674730611556,87.04673459413314,82.37313644931385,104.41002245376193,86.46029102803207,90.27214999938016,75.9537146596918,93.6171495145016,85.29087785670876,93.63925366817344,94.50667318824284,76.45684050971413,82.40865417104905,83.878326964025,83.53166701776969,71.83752765014162,78.56842391583329
104.69466440081982,106.78830376349144,108.1970365522324,111.36252430910588,104.30663128337224,104.3400456836869,114.6124568925376,106.23831188340588,115.24539733196346,108.93564687598924,114.21310425663732,105.55495210082827,128.26905280035572,108.71595283789482,109.43773433033112,115.06963618376692,102.3317762360528,101.99025753403238,117.82568548823316,125.92850695283356,120.99161059217518,116.59844460492826,131.94372508509923,122.90391433690256,127.00264945457504,95.7876555093323,122.386366211209,109.94089862342416,101.29427923961542,88.00795921376763,108.37807718420828,117.45863659410094,93.76452803223044,117.19779391248994,112.20905881654052,111.95971178328276,101.96773813001028,104.14573649829237,106.00253888659688,91.55535233229162,99.25118126751484,109.41751891039864,103.0578080087268,92.3877880788782,107.38960908201652,104.04328466197543,107.39628730926152,101.29358745826067,95.73765899201824,116.9365015342408
97.87134783682902,102.85589028270394,107.38447566096364,106.9700943365202,105.92502093962224,104.941429555738,108.18712320620212,101.10765742733538,101.80011787158789,98.75010834454656,102.49334092810848,101.66874767945072,78.63204868871179,81.38995683983397,77.74489692698995,70.82972022083999,66.02043876771971,53.67790783770422,78.61060157177509,67.26279296834056,69.31416411396812,77.0403195885263,66.086192058157,78.98708045818832,78.03127025662229,148.76872459214715,150.1078849678556,146.35990820615152,160.88633999429172,154.62648526839715,138.17420271622777,145.44641948459304,151.78321638386575,158.41866188563046,142.0291796763974,143.24447283771144,146.65703097487386,87.5399305189676,88.06667238309589,84.04378285223775,75.32246662297455,78.57988727249021,75.52710442297881,85.22385742788562,72.33695006198101,78.41719560562323,79.7091678176256,81.33560483022228,76.80944139672353,78.67290950618109
82.44226285568345,88.83362329886515,85.75548913666479,84.72976420350807,70.94612335058606,81.87697080082687,88.04273444414255,86.40123797713574,79.22875017053852,94.7426496703886,91.7313858063658,83.59546795259814,109.60029230222534,119.9163574842846,131.14860447017423,114.95037613080844,109.05021623156723,108.55945456943992,105.06423053232352,119.81785982947544,120.07621646079173,101.8644564330831,103.92472936228464,105.67842043645744,106.16932396902564,101.69987955638844,107.1115524749584,90.53714830256088,114.8814579854167,109.60158701010872,106.98403121493676,109.07619019351682,106.11805225942156,116.11101174970028,110.0553116776361,100.52322664387968,112.741553777048,68.81145986019152,68.90480370607857,69.81971501245022,70.99757127034783,69.96917864830229,72.4933655182363,69.30532128480921,68.94506282813825,68.4637717378406,84.9216077615293,61.034500882370274,65.62037726966285,71.5037808300282
92.06406615817212,98.48341159711778,97.92224749381045,88.37316791201762,91.35751544913968,90.3534966579068,90.8920297305772,94.69571913878951,90.36363308506036,93.89182219567542,83.9581792060036,81.0280292662929,104.38067850374624,102.28981879974268,88.19065536897136,97.14531593053024,91.43018333812849,92.8986430602393,91.76050823837096,88.43954569029111,102.17197975929083,87.88354660870424,97.04265499619235,110.35022089681476,95.6319507052701,142.68897114484255,148.5802604411373,150.3991339834085,131.71380850628526,141.36055694507553,135.524128389736,139.4053300834392,134.0690876971037,148.9716595688533,134.2657801035346,152.68404931587443,145.68901884581328,105.47019189605736,109.78056757258172,108.27105667236758,105.17446059389054,98.54432082910948,109.92923685376049,112.69586230692772,114.98361843881835,118.56462974568689,98.60313364342258,107.429867218328,107.8182672766012,109.03822223693288
85.32849441827919,84.21815505534603,83.8548285537233,80.65909191008443,75.95943095309002,82.04371884351751,77.7166434905668,91.59534920889564,86.28431040212226,77.07708016909989,76.63801643941751,85.79163803886861,108.5021910958451,110.608861338359,113.19697837479973,115.01662729963232,116.4590050218498,120.9430029174555,108.73221865611076,128.40292704606526,97.15332760896192,100.93144771032752,109.65508163467295,112.390227550748,104.03300695823674,119.85251423843862,106.94834930413792,119.480885986511,127.11957178589688,119.40761528208128,109.06094011243974,110.34065218234198,111.37994238364622,101.07534075837,110.62508873196788,106.94965163186971,110.81101805071782,113.14256573465482,103.00495444758084,98.89339460577185,100.05180883779958,112.25126278621846,111.64261887947568,105.46775861843786,110.26881243041032,107.67920378148013,105.7918063399511,110.9947434153558,98.25557580474056,104.03466864910575
97.85363325162078,100.60397860389725,90.19465119986802,94.4788539634962,105.0897861236365,96.6715856278824,101.63628514902476,96.58498613906204,100.26084276063354,96.8505689046983,99.74280051884618,97.69559080920178,76.34907331746507,68.68908224627187,65.9692300719445,81.91441603198119,78.62491944109041,86.95571845792108,83.65845006229027,74.4696187453318,75.36062867576376,90.20578344971072,78.44852888678771,85.2444156637497,86.59016155984402,88.8703099759176,109.23203568600036,108.93112673633205,93.14649466727404,98.17234517503526,103.85622315203244,90.170010566745,101.96133576006336,84.35546888951637,85.05787259690977,95.73683477243584,77.70755616685837,118.23033995617163,99.01676467370916,105.64595379496984,103.85927460340146,105.88479057085765,109.44729176081653,95.52550459571545,114.05673827977068,103.31914543579856,99.71285719528308,100.04542930733086,104.43184782633074,109.45096319945108
116.08741179009006,122.83820953069475,120.63674231108854,110.16802376636636,118.21417157134113,108.0514579476516,110.15572575734544,111.83927231597252,120.5927989313598,114.88156672166066,114.45406119737991,119.17801022035788,121.37019389401212,125.3904926682813,121.19875632612298,107.88157347755887,120.89393629635576,119.38675512252516,111.22174491293592,125.77621401827224,110.7232929870672,97.1471932744262,128.83988222188893,105.35054812790617,118.69125029647104,106.71869207089064,105.17961607886248,109.44017809376588,105.40670309166816,124.43111534270938,103.72991321160444,112.8999106961202,109.73536590465518,112.74310317998804,97.82363545887272,109.32795111063096,108.34389283376886,104.00161078546292,111.16877617803011,110.52509046236128,112.53758575548032,97.91114442518068,118.79591556228438,104.51829053262152,100.4008442630232,102.2810231386907,109.2246032710099,104.04468621207586,103.65756053767257,98.8755282727188
78.95641218401462,86.41787520240968,80.68544780065375,84.87821785472006,87.54746421479724,84.5758358973759,96.13459297186913,90.96246939936056,89.1637079158711,93.73706977145372,81.63124186284631,79.72206321515408,69.51854280978412,75.86240761534033,70.93966841002916,70.51764196249799,73.01919445857246,70.90662064089753,85.35060924249342,84.77569901547926,63.52355508784152,74.80689862640489,82.4183922128936,94.96721883249518,69.0292053715155,125.77112282993195,133.71454962374725,124.22234475134027,118.15425229310948,128.24812128090062,125.82803030346172,139.03997032667507,123.51445449297526,119.0322875644795,119.90991204284536,133.08889859271852,122.96784314413124,94.50379434377145,102.21053172885324,99.02526734559083,98.20062717604864,103.45867424383864,98.35191451250044,101.03367445275168,103.72606807928032,105.35789004560178,89.53148675666098,87.89268345952361,102.9139818221619,102.59959964405242
114.77952075313397,120.56911330366964,104.29186603952355,103.98189778721392,115.16572886856456,104.75765954853112,110.41323377454025,109.0435824254192,112.4085428615322,102.02013544147331,111.6086699126271,104.465082991518,98.14617445240192,78.85493519166099,84.97449938972647,85.60191538149294,91.81257110054584,82.2869398712432,99.4645010613432,92.5018789140738,81.71291012752705,66.02352351591735,85.73323288357453,80.17672081540161,90.62217300455036,135.47071466919556,119.89739512088586,135.79333321860443,139.23882162089598,120.5313145669074,145.2198871330129,119.30272671989675,132.5920507441702,141.89978941139944,132.47672668327425,111.87806960280231,121.63366880407212,94.9303563615874,90.17561262539208,90.24227433318256,82.09872158832182,76.98848463306457,89.46945208616724,76.9152599937036,83.68934940298129,85.65005152431837,82.0636425285439,82.23439965121105,97.53590810144766,79.51704761449551
91.63537983245054,94.87368395257111,89.06782925419593,95.45639605297649,87.3015531202892,77.39889227440204,89.14289421164364,98.38439328035328,93.68041272746558,96.92633932119313,94.70060729549314,84.51350943421781,76.58066208804973,95.84489551125908,76.21828866474586,82.77065584807865,91.2509616304862,87.06160208003595,77.11760180237981,79.66423529213101,104.5586273455872,78.37827741960936,81.63277324273024,93.22767204559192,78.23324082573403,84.69211553647092,96.40083201272044,99.86814313254288,96.54269375296688,89.48577101026656,100.13199939607044,88.27665455161085,87.7701777435448,88.13402876654351,90.40244542605026,85.51703416619011,91.69476002688626,106.2179010942951,107.72721739544608,108.98719415849968,98.67154526279016,105.16637915408008,104.11870819100082,119.40631425413054,106.0867807564199,98.84985840045309,103.94290284802392,112.58798981738744,106.1727415681985,99.95360598377636
93.69338667400548,79.30309372028574,94.97909798191893,95.54313829274447,96.84372350564264,98.37176763857316,85.0499812791217,89.55054753111402,81.16041386500989,95.10433965092656,92.39760287073491,83.08545469859357,65.28528888907702,90.4809873716826,79.5429370161004,82.09192153143943,67.8273308097658,79.26213503838032,69.75874404851399,72.47454727213123,78.56180637736203,69.75813560980758,69.66503509641703,65.72755346420895,74.89545697836289,81.83329281905849,106.548690204927,120.1805672668537,110.09013723844188,107.95438916087554,109.53856825655484,112.81394992473692,107.9188984427955,108.81669933409567,99.51353813548911,100.55300386052522,94.18252856219732,126.54382927848204,113.9109631006382,115.52995955563853,136.18908191840407,128.39811857334828,123.46226235620232,124.81549789111388,121.85771746139608,114.49755748246498,124.54324534520966,121.09254656619956,134.2766137735522,133.90259960908836
100.10817133257017,102.1612527062043,87.71617353078815,95.4942783938314,103.05550242198356,103.83839287176498,97.92982356761368,92.60896150711528,97.41605194494711,95.25127307530876,97.77886242392027,92.48463462034051,94.14039520656036,101.0879284819934,109.47634837361312,92.11440161900371,107.66877847227914,104.55296361179172,97.16246144749029,84.18920861027061,116.75621726267306,112.4968822641794,108.41583048646908,96.46600309104556,94.54529498290498,83.26968539868663,77.99593555834075,78.1147205742684,73.48568336967514,88.7195619948626,98.14231295795058,64.34430632434251,92.52565380949017,99.55349199748372,81.17504183040494,70.24621007591793,67.20708356620051,90.92590904207567,86.6167128894319,96.23108767296232,91.14155867174358,89.85523377655275,93.86791961484592,96.51349132916717,89.02652361516013,82.10771128711946,88.90873655637849,103.41400208157944,91.37813740508103,84.94448472801747
86.75513125947832,86.37715708812328,100.16010783200936,85.66838766638628,83.28858872761467,82.58986153908441,83.27385555360064,77.80572338982036,89.77181386325272,83.08379706940822,87.48426650360109,89.45123355794162,133.1673370676834,144.36430600438075,127.27841848482248,124.23201638218882,127.51031891737496,118.81455309070118,148.1504264049744,128.8866970746124,133.7241242877011,130.26436028132608,124.62615573192932,133.401369118638,127.31123783444092,122.24837358345138,107.35245175867423,110.7142396446955,120.71103508947212,97.69968985598425,117.26814191831156,92.66281655191574,91.59843277736316,105.30779582969068,108.22486719569494,116.66009785053532,86.21533977033295,94.0729809561464,86.70581586755966,77.15770815738054,87.29636785266803,80.38136514118403,86.37616002661079,77.69572050941765,82.51801291836837,76.89600769728878,81.17624927128097,87.2835555094214,89.66214773641471,72.92914373465436
94.54409682095329,98.144024190206,96.97554446512252,94.19368597130692,97.373361155707,91.78935566849526,97.27942929744204,83.93769917449762,91.43764577716904,86.51371418292341,89.46700890464228,88.2039511760353,135.06937544264247,140.73409616369094,133.08816469211436,147.62765432051253,148.36726025865815,145.2089193651368,136.56437749313704,142.8005009830272,134.06883304673232,133.3384461481684,125.65835031516691,148.22400004420138,146.00733723028088,127.76406293342376,116.92001882931469,116.14487628825314,132.41845642154644,123.3856966376301,103.4350490660632,125.5634800148232,131.27284347123876,,134.56549942269544,135.1692512617974,140.77269377093734,78.77627167852721,79.79853270518437,77.33551522115725,78.34494535079375,80.47627992615371,83.3763347617954,87.11691384170511,80.0129531438473,75.88801307002655,81.88786597927489,86.15678269816735,94.56225511719208,75.58471169443428
84.27037441125385,85.39773836751706,83.14802618181308,84.39184296576364,76.50036404910911,76.17355987457947,82.96391245988751,85.34209078495964,84.54728345428602,81.01452590576575,92.30092506160024,82.65271003489035,90.67337053135635,98.4136895729629,114.1735210951246,99.0583170103208,99.84597760567792,104.864624543105,114.8783403435428,102.52533215878468,98.40316723290135,109.98504656414832,101.07077937641895,91.2870628133809,101.03292087089288,94.1946868570601,103.42051845153676,105.97161267899226,93.909209423929,116.69240838212392,108.92364939054384,105.56045592244516,85.20644259603556,111.13882345811332,90.85833027480768,114.0488383652032,106.15430500277026,89.882224475126,85.69276825268929,80.70375788595125,88.92496231562274,74.93947091318279,83.34011919963045,93.53607325737256,81.10468363338407,95.31047077764308,85.5456055456252,80.54015420062484,87.83489695540985,97.43939011517465
132.68449079308354,128.77859707382697,129.1964069906644,129.85065333332628,125.34830618610746,137.94949138280015,125.8127182992032,135.41386110918089,127.87713541751516,129.28792712203116,125.4081481431359,127.56705997443682,111.90477912652644,111.70655149252902,110.7469381039756,120.43354432475545,119.80017636730965,108.18488787649142,106.61716316515997,92.96376975567236,121.4577085679353,116.8928771622509,104.4540111169894,125.4739964784688,113.62311298863372,78.6391182027374,96.2786302815628,74.50662250228973,75.81933778778817,87.58715047457288,74.06915461341157,82.76623730506215,102.27251629004267,99.5020130733634,88.11952405642526,86.59719153249924,88.82159797153503,100.10676604574836,102.4110414784665,101.98762806735785,111.7949557767503,107.33184845783931,97.74898709864698,104.5603872359682,108.17745890317586,102.7619025911855,111.96367419705226,100.7283456060744,94.7978181376759,92.28780742550482
107.17471593023808,94.4074620981291,101.95672365386422,104.24236537137456,97.48600466337744,110.0153967534415,109.98115670535483,109.77576398650784,95.3798940368667,103.82720326998778,111.05544042686748,94.18162694951188,103.22508060348416,116.57807883287,86.18516116950855,102.36508322550485,103.15656971549984,97.20685180652602,95.56421183961317,93.35632800820956,106.98146919671235,103.78195443858608,120.95526438296729,111.8412635299936,105.10762933738776,110.34693958696666,104.13033630622212,113.16283799778908,111.21569486255268,114.71208281785448,109.92201795498792,99.6154537279589,99.03170817043484,102.12381116676984,91.35431205249344,108.32162289374251,98.72973190029695,66.21654717817198,63.81077393259393,65.79087032546946,63.99200744423407,67.16827029483512,65.65454419768326,67.84935719557201,66.81088652945098,65.72600531187629,72.0210532647104,63.50976945441092,68.45100968994238,62.170701451147295
90.48672322861856,88.4590010936811,92.10972952200792,91.91536214351451,86.85922883979114,90.28758602134384,89.75065903771234,93.71964404172742,88.88739705988067,94.95503473521346,89.67855711555826,88.662615264253,98.0354680522081,101.242096870421,111.15036000117972,109.53751398012096,106.71354982519856,112.99121571801572,101.9904116667376,101.49852005873387,102.86451179585652,97.86187585934724,99.75790461074534,99.97962065076403,113.060708887866,107.67667499979424,109.13456476165544,112.1402366891054,90.5284159743901,111.19306074260754,89.12444972915509,98.65996225303851,94.08517169438264,101.09458109522896,102.79314155154655,110.7183205153485,77.50156264998333,104.11522243792145,100.7800464463406,106.58020613663535,109.3390770461764,104.95360870651632,113.43678232789556,101.2260276170944,107.7961756299886,97.92707798837344,104.64009592777704,100.19490592918136,102.91769903725545,97.83840146058296
106.7547174489559,98.95709638996684,106.43577659076362,97.02138654937684,97.92691044721208,108.32735188194006,107.05389704085782,109.02389154868828,104.7549358761766,99.4692183379051,96.33214421316964,106.2052153203313,85.65432136081667,100.74992471289131,86.02957284395929,93.03998988261507,96.93921365889692,92.99170995192428,88.10225574151924,97.2010416986038,82.78782486845776,86.94766052186631,93.57285211022958,107.6569509818203,86.01030407403734,99.95923120116102,100.83801069641662,107.06785950232803,102.7373152561221,110.77576354299411,96.54860337374512,92.54790508429996,108.16984974863178,98.8857981522938,84.42080250067801,107.4297184197796,93.93186871552946,114.09034355100285,99.9845493688901,104.22715819578367,101.2242174991,108.0466834559881,117.7994932673912,108.36145364774238,110.64135638159946,108.7999367696143,122.24076662172402,113.64205391101916,108.01210299260762,108.0139199719023
97.8664007832014,95.41246200561396,101.0931015846548,102.66085957658392,104.43049459011418,99.19151314930716,95.27394671741376,95.41499759136912,95.03664065733034,88.47845393350758,105.15547600708057,92.2762822919208,119.81652455413573,98.45284320086536,110.83502422933245,108.26267766316586,107.22061363513826,115.63933229443067,100.78296400807103,105.2408651264829,129.22824338044893,96.32537548177484,104.99177575894814,91.27129285535472,105.01140311898064,120.9053602949772,103.66598711409316,104.06297923005768,98.20827581716622,94.58312144903996,99.04288156894056,109.6156850710853,106.3224274964634,117.15930452655292,110.14389209063056,93.89937613431286,109.83939023668005,78.53900329046002,72.14971492678755,79.06179652269506,85.16602131105755,73.1133033916443,72.56703738221418,69.95664751530111,73.35718315151692,62.60485622547163,75.97879164999284,78.21591979546886,84.93868589582809,70.41269921177238
103.88604208424904,99.62834802910471,97.1333594132779,101.12191019333537,95.39118400515252,90.00182881262201,98.50103414572428,90.90337692328238,95.50689978271832,96.57923211062044,97.31496294897646,100.73101996065856,101.17765733858532,104.37972646850152,105.01307899570908,95.70172930984496,98.0656612737044,112.07121477761304,102.39195494732444,106.700390233327,106.93298319035398,108.43387075432994,105.7529152836626,103.06399990687552,118.60250712123565,87.92477630114612,95.3883274161872,112.72255971827028,109.57942935084866,89.33876054230363,89.69158617064191,85.58779237298305,87.40090821334286,94.60171867935998,105.05781491301522,115.5985799256091,106.81452027889812,88.65872642943025,89.02394474149771,90.316458868194,86.92350903730346,89.23291767986841,79.66279565703147,88.74426728019212,85.8691207321746,83.09579042811782,79.49852112395472,87.70591662084071,77.97571291649275,82.42775441547381
105.83053899035502,117.5620230224084,108.22580839911474,105.39606997975848,110.97502534243576,107.15338365583308,110.76805045636736,113.46289716273914,104.51518429072146,110.68018815049456,113.46812099255256,104.96389589326289,88.73876511667098,99.56510161861156,96.1528099912086,88.41660799974666,102.79217293739804,87.43005456134087,84.76837132497843,96.40506835968668,88.71719292139406,91.94618988270042,89.00286085512548,95.15512505959092,95.91235977306874,132.68969413467073,115.11904971707916,123.65925857766472,111.010885015724,115.14204284461896,111.45080395148408,112.2840953090626,102.40932635171217,115.72048084823074,122.78102566064084,124.20452576686054,121.3622438594291,100.5473138972096,91.33340984436153,100.1523336203309,98.71845163156746,100.88283345048572,100.70817303578046,96.0959591469768,99.36271137749507,113.58218103674326,102.73429713763228,96.2268115383253,102.99801563151637,112.33201749411202
120.36731781526365,113.33597329982447,110.606249232442,111.55230482794758,108.51085881864115,112.02225548456936,101.9143691902288,113.45101941190656,116.95884023853006,112.60970408913478,117.48189524342254,108.94769602034536,95.8996894952109,95.79729073129036,110.04958827402244,101.21016691515965,83.96028117720678,98.75594069847772,108.1053614733918,90.62764649918198,99.7442612128476,111.19032680979754,102.2122037908922,92.00905522398432,99.299618674943,111.36125072618331,138.02381624565118,104.97263976371993,122.11614139751497,95.7211938050738,121.36902888108244,101.9900500023284,109.16859680256408,106.77554696824268,111.3321364792216,120.56990511440132,112.6273312350016,98.6890342314436,97.70366709483508,94.9777537459064,96.06070930571704,89.67813475635516,110.39794665705452,101.23585837445538,106.35833525652322,101.83077551767222,101.06102931462593,99.8323342560188,92.58162636350367,90.65350213960876
91.84169303262036,86.06306747566616,91.06794138407868,95.45912774989743,82.93946628309949,89.76974419212486,102.11885833814527,92.57970465754654,90.57020399790191,90.40911654829686,93.7322605565672,94.69589840089232,95.75269375287414,95.88518517967532,89.4526772980719,103.39311019908722,93.6450513371265,99.63061535613942,108.913897195143,104.00542826058964,97.18171950054943,102.20398955854034,111.3332758854079,101.2341009004724,104.24144826862884,66.89774802412902,88.36979578091201,79.3616622958613,80.1113583492075,82.55604672672119,78.11392367124223,70.7005630338256,73.2125832911258,92.30893844079765,76.45474874573685,97.28805336184172,98.29219425215156,113.1808914347854,109.48142154017825,104.31841706395768,104.73433297694284,111.24765875329328,113.78836903592858,102.76064864765092,112.359030593841,106.53577306190168,103.66881370966075,96.31849161523492,105.94861437682336,107.1814353457262
84.20885087973956,93.58573973143052,97.03157687466512,90.316157292433,92.71301318228691,90.26946000315462,97.81594869494252,93.29958379349476,98.62650411596071,91.98648688864948,88.40152216626572,88.04554560423236,117.36682367971068,121.45848733735632,107.86855271281864,124.3396707419885,111.64189719383867,106.5689272540242,119.9904217469604,116.193986598677,113.37788102160177,90.73552421058102,118.53612241449626,114.32465839038424,116.01602140877934,83.04911440942968,91.29411053693153,76.04440281847472,94.8410510032172,87.36990752777776,90.2925497477265,93.5429227000888,74.22641122338482,86.39639132845765,76.8377346322616,90.18250037528094,81.55576873173568,103.45881720050014,91.94546525487964,96.02207770719043,95.12951669251356,100.87436582327986,101.1874038264498,96.3088323522944,97.99323987388064,102.07168930969264,91.56789421241828,105.82100328950274,102.3520016884814,99.91455515517892
96.51474661727929,101.8573819759536,98.84200815412966,101.2391147815554,86.31294966562646,95.41722675517975,93.8882479619954,97.49015195501636,103.51796379542988,103.45144858448658,100.7527914310716,96.06209883940468,91.5946610293612,96.78869577135778,83.40414884432828,80.88132009066018,87.30836517827237,76.70881184016378,88.20150907025942,87.02995528828808,94.30509571451614,86.11065332855831,95.83762845417311,82.51292326620302,90.0383262988633,105.779344510596,100.56461979788254,101.69721707235745,116.78779918296988,114.03073981409928,86.52788734852857,90.9861315228662,97.34059164881592,86.15004563701928,111.4861042968068,85.91124951409185,107.0362729059452,102.82988911350328,127.504393770913,110.5700715291174,104.28657204752652,120.20470489092324,124.7476524039399,122.66780928370136,116.28921628582808,115.84228383285908,119.49029744187912,111.18264184779986,120.8805265624626,113.0902873291916
62.06592424159182,62.42226800736931,50.76923935564482,77.29054500206303,65.12801229853888,65.06679003963892,59.959833826686946,71.89026682823403,65.0659527053575,67.37985337377877,65.4749600662392,63.897728385025765,96.77923141863248,104.3843852971591,111.52727742315996,111.0627209657722,111.83624709281628,104.83798602136125,99.96881139712166,97.77054342219998,98.23047903339383,87.62673602154497,90.85391400613722,105.88607117960971,83.03541398302167,107.40200653352798,108.42438862860708,101.05116764917813,100.37208547791528,115.0797387542759,109.1575610976564,112.93695766578526,101.39384051902672,101.36431572122774,125.40932789957564,109.6628295460266,107.20673242437556,93.5491259837086,92.86816680011432,89.42481514107372,94.59466462176424,101.63390685611267,104.42585868239264,90.9596786944285,94.46953395797028,90.37839255706965,93.02112838650856,88.45970511971399,93.83226540057524,98.1019989018244
81.47535181196534,76.60204823365713,80.55163794967054,73.34220390384681,70.43055887285767,77.53342651950913,79.00994213603948,83.7470619911065,72.22989040428497,75.4052919420063,80.70142316006383,77.91897410054082,118.78825574305168,123.44192383079888,123.41302029226688,123.4078914225131,113.8137501299896,135.44226841212722,124.7038365104632,143.32603263444057,119.37839852116838,120.95231463889816,131.21898310183337,126.85319569452936,116.25243296648432,87.47307579597827,115.1607533412789,113.05478264419574,105.1412184256713,108.47314591709323,105.45925387163672,87.14010241035211,106.48625410862763,82.23480554280715,103.44641277786994,85.71032725774307,93.4094481195846,83.90895245056677,84.64694706846463,90.41522755111347,84.41523311556942,85.43677725768144,78.33730798992097,89.15772413306931,87.76023429743417,95.47928297640075,94.12927252993634,85.94625881662485,81.35570324761592,82.85564223188385
117.23999411515592,120.57655498531383,121.47679498526172,113.597890995899,130.4394940078219,115.20008867968484,120.93660250873984,123.2242157733696,110.07362462300118,118.00212492618788,109.73446114271056,108.59941848405036,127.65642411158028,113.37603429440844,112.704872721197,128.0900735811462,113.39934926167138,122.29115404521272,109.83564225074832,121.40646779670809,116.16775193296016,110.96354651497842,118.7028707052553,119.31323083929952,125.49953548465496,88.70759853019847,87.44110614389676,103.5824769316156,117.84056800726084,101.99750231866022,80.38745968197458,82.93334931059542,105.25417980699494,82.03952975690402,85.1964035073569,94.503468945151,80.29561404393496,88.06388739083062,83.08075500248577,85.85924692252885,86.98034122963651,90.71662854000918,81.69613279389091,87.36633695210186,93.04801256129151,77.19472408255201,88.49530695058314,85.27332936752592,85.94484115899533,86.29422640321279
122.44359853644536,120.75002413710806,124.58097192028976,126.19360868054363,129.23132931339288,121.08943495687956,126.4528604453354,128.9035300653339,117.3143303373853,123.8252539141306,126.90942428756853,115.52610662647884,119.47495700375713,120.87700784325088,124.06281033777704,126.77742274691757,103.22301783093646,132.360230487921,123.14165136079208,112.4909988273021,116.52247148205127,114.93097914523216,123.04641606674446,129.4094607532338,108.19545232403904,95.3510552119704,114.47332444031296,95.13261626138294,104.58866721991666,94.27620306193688,90.80557462178056,111.4836577578375,102.43722480188164,111.86223698720916,117.60901317787255,102.230642369232,93.27781473915792,110.63140273296086,100.407381103679,120.83767455508452,107.89316516057616,119.47529376809572,107.85969784220444,109.40632359896368,102.79374237123508,108.90730022516124,107.18737599470585,110.59553604851465,121.27814794214557,110.38403213007142
86.81675575192668,99.50586157587362,94.32186714120988,99.87227193228505,96.79322836301172,89.84153807815449,97.22234638762475,98.8347721687782,89.39528528216103,104.44815921580752,93.07153028092918,99.34429443688852,114.20905212152786,102.93391809807578,95.74864779698596,93.05880896561273,100.6194533939525,96.0322917145777,90.97743446229612,102.3529214085584,111.75766910064532,89.36528246634809,111.3763333677551,106.69196728287724,103.57878668842416,99.95598621804557,91.69577222650145,93.18235686123738,95.6557249094624,93.38701558345606,99.9566237129548,120.91055676561902,96.33935282702176,108.2754475872886,88.09281059331782,94.6326183718966,101.62852249519078,104.75941741504948,106.496829559458,98.64914622833784,95.8180992445076,103.93819444250065,103.96700351177964,107.41501633748848,104.40296568120442,102.2805168235348,102.99994579504528,93.78354948345998,95.036205473612,88.14112977595593
106.38682284959113,108.0436137027976,114.26891804576655,107.49402257661266,114.96688783410984,113.53743219426752,111.17955939236612,106.3425057856634,115.54070258314404,107.73185089820552,116.91490263172916,113.83426147408176,86.85027627476904,96.91203617417216,106.03517051847128,107.27127735330492,106.9884321312906,118.2091295838594,96.8635960218872,110.8348304718841,114.18391597319092,106.44281948290866,103.04865025695392,111.10310178180404,101.998566207032,120.94129506403809,103.60757171192157,113.3735067169861,121.09228637687217,137.4614228214009,124.43810089676836,93.44513625945883,133.38826423171685,120.0628805355338,115.49578898432104,125.24730820421848,105.77984119239116,103.0337738846946,103.7726259003625,107.33665914823672,109.45908884416006,105.0181367796103,110.46640385471552,109.9724445627406,116.26608033154972,103.88833327633324,117.10850736722637,116.30582647249769,120.97572182362455,117.34233078747236
92.54935568500824,106.76641453768818,109.40638462876731,111.9350556347582,100.43717243082436,94.1405176089514,111.90528081511208,108.45157569271872,105.24787525428776,104.5697805955495,107.78418905759852,100.11631880049543,116.59676827081044,120.8178460171828,102.62124313279888,114.62365581628634,127.7599084379139,107.82617355211065,124.25684855018235,110.3286737091494,115.89374250399028,103.7471242198162,111.78951556811116,105.84010568280964,107.0640285357759,94.43317244852466,108.64983860836765,113.8357081307024,105.40668516695324,104.20465430216063,104.205226331132,102.98479857311143,93.11986535223224,110.54219853241251,118.5154495799903,100.42593614044112,94.66558807565627,110.75716458120245,107.77771439600336,106.74944394117588,99.52262877989486,108.41212317742313,113.7347052325742,115.81049664794986,100.27652666900636,113.10046721022624,100.83401081303988,99.08114228202226,116.39382219278868,121.6195873805622
138.26369800939997,141.74575123781807,142.31882378771053,139.49018312821232,148.90060902017905,151.9511638434132,149.02372815247182,139.21073678253228,148.13123474728852,143.77164427214706,147.38250085607507,144.9630703659729,138.75268361397363,124.08793958008076,141.11847248341672,128.40850969236396,124.3689110301116,115.30234843601602,138.60902527674065,132.11801091841275,113.17394610440992,126.25717380096272,127.67567932231329,127.60217354697453,126.20103100014374,88.21278663706134,84.22414362719677,111.3642609443166,78.19856724251231,106.43513467603992,90.6976981226508,99.39363316965284,107.18317914002526,94.00556669293134,86.90744219157156,92.74959560049707,102.40817938483144,75.10348612924535,73.28821821621037,67.78726530923338,70.5627913337499,77.13538841289264,66.66092810933905,80.46304175780546,68.61534694815474,67.86268506068888,63.565582762615875,60.80263826585172,77.91837241400899,68.64172711693351
120.59569695224012,114.6063321699016,118.82888510714132,120.2582167866767,117.7926758401122,123.72537065783288,111.54534617696892,122.06308143299806,105.69151862684302,122.28854045872846,119.22517363826977,118.26721993603016,67.89984322325144,57.000289757651665,59.94428246428147,68.93978359929022,79.07815734229574,56.646285249562695,73.87231741208855,73.78222595248478,60.91881819923714,88.62172492324973,56.50033448622992,63.697965979000664,72.33422433648927,111.0392062317663,108.82918383086302,86.61785765201114,114.7956553290863,113.110160352428,105.0295354575808,97.31178004830409,114.18135755982172,111.2219271298368,111.76501743706804,103.69251454032909,106.75248548541924,74.05246376873946,91.66418154151556,78.93903690576876,71.72784542751802,73.9129937882313,91.1304732887233,81.45095485444048,76.51165314615011,86.88222295004948,82.83174928097117,82.25686435292145,84.74935527022596,77.51104867344873
102.01023692104266,101.69314291692736,93.22295245508208,95.05193202399404,99.40133653445685,96.5703331928754,104.89405039135076,92.10862142895832,92.0914039817022,107.88042240151188,93.08903186340493,101.54732413608204,78.46443300757522,72.83696853456648,77.69435876233065,77.81041058895846,84.93907704656479,76.70201788363778,89.12003761260948,61.52855369292954,80.38936648692875,69.63350792277981,78.37356400127489,70.01706055602811,97.15112161102334,111.13727810987344,107.78413433194986,116.5439137175962,99.6962367542111,104.94458374898612,120.28052008051682,128.22094076280428,128.26889428460086,122.58850312368186,124.93132885130171,101.3257983987267,129.35164072132105,99.7724852016961,78.21103070106165,86.31655368056589,91.41553628542746,82.33890238337104,84.27462214354688,88.56035429660706,87.2738020625049,88.2065294709458,84.9042361998729,77.10522050137637,91.71740304550204,93.72670071949682
87.79418119991843,83.80272763053478,78.76880256704895,94.26378292203007,92.02866089152744,72.65120795185712,93.86996620843505,87.09590982496726,90.10229227322505,87.91995863815055,93.78317684363388,75.52850703263937,122.00575505376244,115.6086321318264,119.38181323430295,130.59441818314252,116.15967594499836,115.6118828264041,117.67487498148786,122.03903733974312,122.33224527560996,117.36557908632597,118.5680800067561,119.06801075075998,114.6431718847526,80.63396749352438,88.2654685470758,88.79538189620087,87.28763234042091,94.56034162186369,93.88457425891686,82.7882221452012,104.37302735913065,109.5000385716756,91.06038342948872,88.7949122941843,96.58154396453232,94.90435276982268,85.080135659057,87.93366157551404,91.8646569065882,85.7012481539431,91.92631048437266,83.9336296206863,85.60893157849026,86.30096438886858,87.44585213984641,95.09478883027911,81.7060494779198,99.1013345898284
71.06842448049035,84.53812445230344,72.7697190731866,85.86588196197701,79.56576571003542,74.09675238629997,91.66358886869683,71.67753540400562,77.33717575804934,76.31716971506354,85.86015728822093,71.47310396124453,91.37629311238828,95.26379815273953,111.14816473832232,95.05689250782255,84.57497368913164,100.05415790550516,85.14526617476648,92.59842642816622,92.84967710885952,75.65900076336818,88.48379073301254,88.61229817025523,107.36754062402132,94.25294340674486,91.72255775946,92.03315617584194,118.1141122162739,107.50732944675968,80.75740372157027,107.57833132687382,108.8456043842936,105.05540158293992,96.10551873337626,81.18190560184559,98.5087389227343,93.70278991614596,101.98918188139504,90.63518309032249,88.13755484280804,88.50340649922971,100.86710909488976,87.49778364430293,92.91383570007136,103.95862213689804,91.83000702862606,86.62538228887463,89.68640665426105,92.68189763181212
102.81339775729845,101.05377360993532,107.36392189992212,99.2186715990916,104.49557285213346,102.73103373156424,97.43448437181036,105.81889945338048,102.31592814458035,103.23586870387952,105.01652209074943,101.38905763875896,87.42761270470697,105.0384185251608,79.32542191366691,96.53556675466297,92.12420654746332,91.87531569409244,94.82156111007752,94.22162667746272,86.08283148747097,87.51670581736778,98.38066025198144,96.24912991184866,92.74357147620336,102.46348102259128,127.18476498703735,94.09199469996943,95.3776706065822,102.24268277141442,88.25205198135043,93.72237584802647,93.1137999370174,,91.69869729197733,93.08787927405268,99.70411905769596,110.0167952758252,117.76952719491048,122.4941373973712,118.954071999286,120.2245176187705,121.6779898122276,113.81448597493922,112.52090907558694,110.99522909865716,113.03088198454569,124.32940683251968,119.58212680278017,113.67516022793473
88.6367261252826,89.77816244949487,93.42036404761588,85.90695314119255,80.38030163959397,83.60174772109087,89.86914888648683,88.4851126910959,91.47895061373606,76.73320487680672,96.60675666360363,92.1704398069157,78.48506444153472,83.09295564418296,97.05721827889596,79.38477331471233,69.25076905790303,71.64379822691284,85.74189978122645,88.74130391708044,76.44519132963676,86.3293224161178,72.68966265631965,87.70386887262853,75.89941014272424,109.49633245310612,89.86515966176836,110.68244470143762,99.46779033328744,98.8636304600209,97.95245420356297,118.59906608747924,117.35048817013715,115.14589607611008,109.29926598643809,114.95664579185976,107.65608516562828,116.92672438411624,122.00426344006812,129.3567328206763,118.64632063128175,120.23812571200314,120.14220573616926,109.8016336072617,122.2982158823681,126.0704581090509,120.28278410668824,124.18796828038792,119.75230561710138,117.49776869972948
72.87437091007219,83.32914851540035,81.23162145652135,82.9641337909339,73.86596287963758,76.09010238699368,68.25570084008996,70.69241456521823,86.84518338671397,82.39194867745898,75.82045336267223,91.15834677464235,86.65538360142737,84.94857435764936,97.73216404565454,105.00805555065854,102.03640605819552,88.53293956943182,92.24809790788032,93.2360458539729,91.48759779488678,97.4398633276965,90.58776508992798,76.45373958538683,98.06872113697632,83.34106557227362,90.27966328002807,87.39473684766847,98.97416492772965,79.01233075694245,91.69020216117968,83.41788084570798,101.509947993193,97.53595873810563,75.94815792725018,94.65419145857472,80.98993929132402,96.10945170462308,89.29984713229803,102.60610078039544,89.55257616044588,91.3402874073521,100.52271898525032,89.98099086907118,96.98083531054388,102.65623700272327,102.41029286879008,103.01697196000056,94.71636199596844,85.55934421148321
97.81839824519786,83.20957807169694,93.92688567060208,88.36575348741452,89.68786206838348,97.95238273067883,93.06715251825814,92.40490489145448,89.19619441867684,90.97223881634132,86.3158389052372,89.1613781023135,88.7953131502471,80.72950718309993,82.30122334402859,73.53778371395867,77.66796393234803,75.99276457994114,77.02545708380173,92.2864786202002,59.9023619320581,79.5833705909154,81.30971855122637,72.3380404320275,83.49036878427424,101.70588545867298,113.08807424069076,86.2088198113165,93.14388362904675,96.89493149718211,103.5138103336133,98.13629353452548,112.70817051232352,81.54011824277244,102.96247008757314,95.70682839284989,90.60878175645072,98.87476242100112,93.95552990056947,99.5795311586292,84.0935301367543,99.86386460154388,106.68075106396256,99.77938267605523,97.61634766436676,106.85608032609149,93.34507070199828,107.5534229778483,81.2151337364843,94.48403180796949
88.16359139866243,74.97273588588018,86.35767138135887,83.54972385612288,84.24364181716733,87.10141575729277,81.0357784549502,80.88717606162052,84.12362895907442,85.9184901990877,83.98140368942869,76.74189263526412,135.05503834935865,128.54971211135611,123.4893445948435,126.45326584100968,140.92783338307848,117.158556115292,139.06409871963592,129.93675901447918,122.55580106082948,138.48052148905896,142.19402658279608,119.68812071564317,131.65316044985155,131.8886730778033,126.98120832212226,145.35817621635115,104.39509204033249,115.63939926540998,122.97915412309236,126.07423961122356,117.06237005944438,125.90924485172911,122.02785907686864,117.02533141849014,109.81013314507496,98.42245923590087,88.41148154485812,93.98911249672337,91.31710823969942,88.4679967311314,92.50010154298889,86.33660004644767,90.38222508962944,90.46283037519883,104.04889021016464,89.9058616837153,86.80564985091168,99.70814546443616
124.20230365694016,117.678842953238,122.0997165499737,125.43406662880052,119.65610590271883,120.68430395419796,134.92435350021324,129.71285813015533,126.270109119745,121.74981355566996,127.48182971792797,127.31846491209495,101.66848507711782,102.26152513655974,104.232589156596,111.85959666921865,95.8217437472322,91.81588540418444,91.7775949528716,104.6620018047224,94.6470524567126,120.03189550783374,99.57900774124458,95.96242500754828,101.7938220718164,76.20429371212617,94.45831650303975,88.6066739333502,88.69003515624122,97.79473975731156,88.52071277341275,75.66450869037976,78.78295014517512,84.66981549221686,95.7970970093994,75.19499961000433,106.3107188480292,98.48122464192107,96.19044691452032,112.47630856553616,96.57212437576796,95.9966480192441,96.95993704620868,105.60089998130933,104.77276074129098,96.60630118701022,113.10196407302008,95.25996788365842,94.29349277678855,100.3256834939548
113.3590255492144,119.53751687137766,115.38420907761146,103.62623057325348,125.28297973213388,105.2366005062646,109.35152150414883,113.2312247979138,125.18514453061172,111.3023119593563,111.25466294802617,119.82957530194533,105.59930992868016,103.77528336984416,93.34284889420084,95.5711707463972,101.28154816476716,92.96423282864652,92.94049724243396,105.570282462658,108.7907674331746,112.82917937306004,106.61997062658492,102.77214723250982,94.35484562519498,60.54149736001928,76.88663956790901,81.17586475119052,78.22969046599786,98.23203164737984,67.05157274625041,80.7464240177595,81.97254599123988,75.61965850577485,66.07535270552154,80.03548941862857,75.93148250790829,106.41407226644442,92.9903954869656,107.5997291355656,109.60763065918552,98.76030277955184,106.53611762679236,104.83428486911396,101.46598211187111,115.49859275298633,111.01334701848954,102.4197659863972,105.99901910887806,96.7976060737758
100.9223244199885,97.1211196507885,103.88245800638914,99.81122164977955,107.4623806565186,98.24532379220187,91.43449519041442,101.85751530719092,89.3836290581556,97.82528569773488,102.56925133209316,100.42048098514825,106.70630346188972,118.49499530530898,118.95444015310476,121.6297445768326,110.49594098619498,120.29015028608504,100.75629807343404,108.0423823763756,102.31064099208604,104.64098269224036,114.42591330573448,106.88284534209036,102.2148531254814,85.17892228989923,94.13905599606557,69.64890290202507,68.19143539080711,94.5941449949273,95.09821270854611,62.40282309582952,90.05046670837389,65.7990361209164,93.79063950430827,109.93136938762063,92.95683444656268,104.3425583494333,109.0341419724524,108.58601820943828,112.18133572832508,114.7134397736896,111.87344601691645,123.20405769714868,122.30178205027954,110.0889245171758,115.83203333240336,108.6971396925802,110.95012215363056,115.07724704086084
111.99048774122892,134.99015851169165,125.97061873241826,118.75052321302952,125.2097536853128,121.1318781865982,119.8428433798378,117.41131730827432,125.61527715729444,127.30727700371558,123.73110949371744,117.66591935757891,108.24154699217534,114.24088557363834,106.66668130613668,121.56990217575704,114.07482459491116,115.96678326665736,115.11496124008517,120.6653720028208,115.8789226736482,102.82634564726465,115.42283798835167,109.71710361366146,120.5107149295792,81.33605040798129,91.573972955019,85.04712366670992,88.80958744694587,91.0419141548156,95.15924508122085,71.56072746070642,92.68357994559682,82.38419070731534,99.39369698879652,100.89807525071647,77.75345695219919,109.4949766037867,120.10231008724487,114.3302160496416,107.7790847107544,117.61064016086934,97.88857408331224,115.12260460319456,104.56781238242718,107.0953254535051,124.02450952855924,107.72143325465596,108.20677762473927,107.97338809877364
99.9246377021113,98.33928662142732,107.1050914720875,98.69491050271542,101.520708921133,103.64152055153086,91.2830857586286,98.21386345757746,100.58651337091896,99.26672543169882,96.168990738259,105.95049432211437,109.36732791140312,127.30000656911824,113.28305439267092,112.95112469583292,110.72704624114684,119.48567237989958,105.48517825144552,109.43093845102224,116.00066435576755,110.93911101572915,105.47221508213194,124.5897345628247,112.3968069538134,101.82959845023896,111.05284549499474,107.28771147797502,113.57472537416233,98.88644669539408,96.3478764181207,112.751162077298,104.63308804764402,109.2653652865724,113.0313649955259,109.45607061856258,117.8182375137899,67.72853032118037,65.8232700273272,69.22569483034412,76.25526163250706,62.547619836235505,68.24021737618278,72.15353765564011,55.11271854494633,64.32950875853534,63.72753704396777,66.37334985480521,81.32569212971005,65.06951649195666
83.67081574008705,88.00349349606122,90.62225621608135,94.29889699742012,86.01969213057028,84.40415341723775,90.83623425261258,84.78754379957061,89.91459561099694,97.49403859062502,89.67470206733465,90.3984650725682,116.11859348745044,123.36851045890312,111.6621444545082,101.59798138247632,119.24397730637774,104.11524518141988,110.63039171449164,112.72378180644384,126.48766120389968,108.5284670336748,104.6276822713788,97.66547177784328,115.46366517262084,85.4329070855671,81.31791228928394,60.02687058486396,75.3145545459617,74.82314296212307,82.23915765575985,69.0051296166557,82.06583367329192,65.88208549386998,68.53161889777141,80.51354636117176,87.93702126759649,101.85940073149604,105.95757126688348,91.7435221412277,101.17050474106124,100.97847378745728,98.41172968553688,100.1231337642085,86.85974237379179,91.82168148850076,92.71619931350182,95.84160050019676,103.94087264560864,90.09873310215954
117.83876110957029,130.55741092188424,124.60410219675278,116.5643266876486,118.08726885893368,125.40435903585416,112.52144592776328,127.13037356025764,119.55999838907124,125.00117325412003,127.16450237165247,117.71645693806674,82.06362307115393,84.87780037963965,82.63713303872119,90.38277030396246,83.12801063027149,100.09103260224909,84.89127224031957,80.03740721544665,100.63793599385036,94.1480971210542,91.38935994949064,100.43229188628295,92.77588950569135,103.92382127553492,92.49234335269333,84.82901542870287,92.61824976759758,97.630830352977,89.57732597641689,90.08584051060912,82.44378678398748,80.79876809991012,92.25047694524464,85.73591668250153,105.05747490836748,116.24210560336384,121.83562594872868,119.05191555149248,98.83098137272692,130.25202540881645,127.70000709233618,122.62986146982,108.28397174759694,123.91839341409164,117.60566810692764,116.24824235744956,127.09673331148792,114.54175549623116
106.6781491908401,118.11411509606548,113.434401846852,112.14967658900976,108.4710532478642,117.75942085557102,108.22593856118569,116.47053609429732,107.83882550097762,101.70523735529122,108.94099724322184,109.9907787429416,91.52990979295367,113.21084325163478,101.4625564609104,96.34503835391448,85.85651529397461,105.94081442983982,93.4471312669754,97.46327085660744,95.07197417528776,86.08244961021109,91.19042293442617,91.1776915804032,97.65430468391754,87.1915593508597,100.17781929133024,117.22359972640008,113.97826696975218,102.94994916889888,110.66297944166612,114.20520357014,119.12384057971911,114.14053435094172,108.79836709847557,101.25644847015012,113.1526129697502,90.78352591435475,88.84002971289847,100.03062703475904,90.50992547768104,85.87505275220474,88.92771414549641,100.41667434310614,97.46729497934776,89.79426579987518,87.41061927188576,91.9558617349027,106.64156695851928,97.85423161960782
93.42974031935076,94.74882556828514,84.30870138885786,83.04649303344411,85.7300703858169,88.51881279732447,74.05224858582217,80.41544892638878,87.99836058243064,83.79857621884337,90.2045482014116,89.42763552339751,107.40654169666266,114.15143093779491,115.8191448109112,120.87321669806911,121.47808997824876,95.54871509447712,99.63647926040233,114.13748823846888,107.7315969021186,110.9528953709114,118.88956356508449,110.9106027507318,100.10086306384162,99.72390681491402,118.62139566301607,125.69006240823332,118.15350010574956,112.0219424335084,116.7829887046476,100.4580244967596,98.41679834097826,114.96693721884267,108.95452099553448,109.87172912927583,120.0235516960404,125.8519670889506,124.75434135483964,106.1476708651518,108.7840933233748,119.22264651248106,108.05436930117348,121.10141207064092,120.39683347114516,115.3637222560201,117.81943520932954,120.38249806067157,121.901777971548,117.78382795185586
100.34913413508092,103.1867509817116,92.73554657260728,95.74611898626672,90.93611695133777,96.90447729209204,95.54343080606267,102.52916055203428,112.7094708339651,93.8865442179638,91.05790086126112,103.05437004154037,109.08561391403782,85.40816804362782,101.76124566661368,104.7967414853266,97.90650798654252,86.44663028407892,92.78680401170384,101.52326934403952,86.77849925280019,98.7932765116962,98.05601622019432,87.87025737364483,102.37918076704456,117.39177761253129,107.33869523657803,97.88826935099316,91.38868319946948,101.4214763831056,115.51765796377232,102.4450360327263,102.0691688962782,96.11944439978694,94.43643082699874,88.96768964419788,98.00015499409,102.37467471760044,96.67717984383955,87.9006517295886,90.60443537351031,100.3871571476046,96.41530815629524,96.66360467757671,102.64988195048574,101.20989616982196,97.20220578459865,101.14172623938836,90.77749894299497,90.74687867877527
84.00983125031465,91.98603882828594,86.05039137950982,90.8175856794872,88.53660828545311,85.94997384396216,95.08261697825132,76.01733911060012,90.905907146239,75.89381385012851,89.2054783098879,86.53348132268135,77.73288100012029,113.146704929435,85.68439965392628,94.44350308644164,100.45053338840954,103.88952510371573,109.90182972490904,106.25252055443868,97.99489473986536,99.1178335370542,98.44651256409524,112.26650536390456,100.89285773479703,108.6979051343085,94.02276456602738,113.89468875926026,109.41074090640804,108.22675660198128,110.37663302775267,105.02048385118724,91.37081020242498,114.37220247317022,105.67550740527275,111.9053519248424,119.9991532697294,103.87459531394364,108.39488500619385,101.5654096898595,101.75545761811824,102.05295311203646,104.90491633726214,103.85778000720777,96.28402272339632,106.3660112726866,103.8288910437161,93.00630853248352,97.29647390147905,103.34106279345887
82.12091794231574,82.22063878154087,75.5334908115027,80.95826050837941,78.48170879141121,77.4746383646356,81.06124349271393,73.2870570300735,75.01767604538242,87.2553587361039,73.40660050355108,77.46760680463836,104.54449869512716,122.60367714795976,114.49482208510057,112.39091057827768,119.30259552672246,111.13656409467768,107.0653874449063,103.70309201319274,102.5091896317834,98.41094588438985,96.71975307484206,96.13362849193012,104.360230363795,108.36821632903502,100.0693282946016,100.04962686023144,107.25918211690951,111.85852599163934,104.55652729716488,105.96401106530855,111.9213390104036,100.74333010254854,100.6997123726723,117.3040367558411,85.40798191417919,69.52676869468847,76.53667058728934,85.068717187047,85.07093066553804,90.37633887914664,83.50963728632618,86.17601548499526,87.41940834248577,83.04014704943071,82.87205150092197,81.12743309604151,88.73605616653818,79.30375936164921
