Age,Attrition,BusinessTravel,DailyRate,Department,DistanceFromHome,Education,EducationField,EmployeeCount,EmployeeNumber,EnvironmentSatisfaction,Gender,HourlyRate,JobInvolvement,JobLevel,JobRole,JobSatisfaction,MaritalStatus,MonthlyIncome,MonthlyRate,NumCompaniesWorked,Over18,OverTime,PercentSalaryHike,PerformanceRating,RelationshipSatisfaction,StandardHours,StockOptionLevel,TotalWorkingYears,TrainingTimesLastYear,WorkLifeBalance,YearsAtCompany,YearsInCurrentRole,YearsSinceLastPromotion,YearsWithCurrManager
56,No,Non-Travel,1115,Research & Development,4,2,Other,1,1,4,Male,32,2,4,Research Director,1,Single,14575,5379,6,Y,No,23,3,1,80,0,36,2,3,8,3,5,4
46,No,Travel_Rarely,1484,Sales,26,3,Marketing,1,2,2,Female,98,1,2,Sales Executive,1,Single,9270,19982,5,Y,No,17,3,4,80,0,28,2,3,5,4,0,4
32,No,Non-Travel,1497,Research & Development,12,1,Marketing,1,3,1,Female,37,2,2,Human Resources,1,Single,6893,18119,2,Y,Yes,13,3,4,80,1,13,1,2,4,1,3,4
25,No,Travel_Frequently,653,Research & Development,6,2,Technical Degree,1,4,3,Male,43,3,4,Research Scientist,1,Married,11006,26017,3,Y,No,14,3,1,80,0,4,6,2,4,4,1,2
38,No,Travel_Rarely,402,Sales,11,3,Life Sciences,1,5,4,Female,32,3,3,Human Resources,1,Married,11139,18012,9,Y,Yes,16,3,3,80,3,23,1,3,8,3,1,8
56,No,Travel_Rarely,520,Research & Development,12,3,Life Sciences,1,6,2,Male,53,3,2,Sales Representative,1,Married,8325,21562,5,Y,No,11,3,4,80,2,38,3,3,8,3,0,4
36,Yes,Travel_Frequently,1369,Sales,10,4,Medical,1,7,4,Female,42,3,1,Human Resources,4,Divorced,6467,26428,8,Y,Yes,21,3,2,80,1,20,5,2,5,1,2,5
40,No,Travel_Rarely,1360,Research & Development,18,3,Medical,1,8,2,Male,72,4,2,Laboratory Technician,4,Married,8135,23497,1,Y,No,17,3,4,80,2,21,4,3,6,6,0,1
28,No,Non-Travel,284,Research & Development,7,2,Marketing,1,9,1,Male,58,2,2,Sales Executive,4,Married,6061,5372,3,Y,No,23,4,4,80,1,12,5,4,4,3,4,4
28,No,Non-Travel,567,Sales,7,3,Medical,1,10,3,Female,80,2,2,Sales Executive,4,Married,6915,25147,8,Y,No,21,4,3,80,2,9,5,4,5,4,1,1
41,No,Travel_Rarely,853,Human Resources,11,2,Medical,1,11,1,Male,71,3,1,Manager,2,Divorced,6143,19453,2,Y,Yes,11,3,4,80,0,22,4,3,10,8,2,2
53,Yes,Travel_Rarely,462,Sales,4,3,Medical,1,12,3,Female,60,3,1,Sales Representative,2,Single,6373,16412,9,Y,No,21,4,1,80,1,36,0,2,11,6,4,8
57,No,Non-Travel,1406,Sales,20,3,Life Sciences,1,13,3,Female,92,3,2,Human Resources,3,Single,9636,21160,0,Y,No,23,4,3,80,0,39,2,2,6,3,2,4
41,No,Travel_Rarely,435,Sales,1,2,Medical,1,14,4,Male,55,3,1,Manager,2,Married,6432,3192,8,Y,No,22,3,4,80,0,20,3,2,10,3,1,7
20,No,Travel_Rarely,261,Research & Development,13,3,Marketing,1,15,2,Male,47,4,1,Healthcare Representative,4,Married,3998,19197,3,Y,No,23,3,1,80,0,2,4,2,2,2,2,2
39,No,Travel_Rarely,1283,Research & Development,18,4,Life Sciences,1,16,1,Female,86,3,2,Research Scientist,4,Married,7430,3152,0,Y,No,22,3,1,80,1,23,1,3,10,4,0,7
19,No,Travel_Rarely,1445,Research & Development,9,5,Medical,1,17,1,Female,36,2,3,Research Scientist,1,Single,8840,24216,8,Y,Yes,23,4,4,80,1,0,3,3,0,0,0,0
41,No,Non-Travel,111,Sales,26,3,Medical,1,18,1,Male,77,3,2,Research Director,1,Married,9471,3883,1,Y,No,20,3,2,80,1,25,0,2,5,5,3,4
47,Yes,Travel_Frequently,1196,Sales,24,3,Life Sciences,1,19,4,Male,89,1,1,Sales Executive,3,Married,7668,18651,0,Y,No,21,3,2,80,1,28,3,4,7,3,1,5
55,No,Travel_Rarely,687,Research & Development,24,2,Life Sciences,1,20,4,Female,62,3,1,Research Director,2,Married,5344,22055,1,Y,No,21,3,4,80,0,35,4,3,3,2,1,3
19,No,Travel_Rarely,300,Research & Development,9,2,Other,1,21,4,Male,32,2,2,Sales Representative,4,Single,7452,4812,5,Y,Yes,19,3,4,80,0,1,6,3,1,1,1,1
38,No,Travel_Rarely,621,Research & Development,23,3,Life Sciences,1,22,3,Male,33,3,3,Sales Representative,2,Married,10800,14872,9,Y,No,20,3,1,80,0,17,0,4,8,2,1,8
50,Yes,Travel_Frequently,604,Sales,29,3,Life Sciences,1,23,1,Male,33,3,2,Healthcare Representative,3,Married,9799,8562,1,Y,Yes,19,3,4,80,0,30,5,3,15,10,2,4
29,No,Travel_Rarely,887,Research & Development,9,4,Life Sciences,1,24,3,Female,71,4,1,Laboratory Technician,1,Married,4439,9013,3,Y,No,21,4,4,80,1,9,1,4,6,4,0,3
39,No,Travel_Rarely,1162,Research & Development,10,3,Medical,1,25,1,Female,38,3,2,Sales Representative,4,Divorced,6765,7177,1,Y,Yes,19,3,1,80,1,24,1,3,11,7,2,7
42,No,Travel_Rarely,159,Research & Development,28,3,Medical,1,26,1,Female,80,3,3,Sales Representative,1,Married,11387,22469,6,Y,No,14,3,4,80,0,25,4,2,7,6,3,7
44,No,Travel_Rarely,677,Research & Development,2,3,Medical,1,27,2,Female,46,3,1,Sales Representative,4,Single,5327,18767,1,Y,Yes,12,3,4,80,2,26,0,3,5,4,2,5
59,Yes,Non-Travel,420,Sales,6,4,Life Sciences,1,28,1,Female,46,4,2,Research Scientist,1,Married,8669,21234,1,Y,No,17,3,4,80,2,39,1,3,8,5,1,1
45,No,Travel_Rarely,1022,Human Resources,15,3,Technical Degree,1,29,4,Male,49,3,1,Laboratory Technician,1,Divorced,5105,25105,1,Y,No,23,3,1,80,0,27,0,2,12,5,4,7
33,No,Travel_Rarely,668,Research & Development,3,3,Life Sciences,1,30,4,Female,43,3,1,Laboratory Technician,3,Divorced,5680,25467,4,Y,No,14,4,4,80,1,12,3,3,6,2,1,3
32,Yes,Travel_Rarely,1201,Human Resources,11,3,Life Sciences,1,31,4,Male,51,4,1,Manufacturing Director,2,Married,5231,19433,8,Y,No,24,3,2,80,0,12,6,1,8,3,1,4
20,No,Non-Travel,1317,Research & Development,6,4,Medical,1,32,2,Female,81,3,2,Human Resources,1,Single,7285,20217,3,Y,No,15,3,4,80,1,0,2,3,0,0,0,0
54,Yes,Travel_Rarely,1408,Research & Development,3,1,Life Sciences,1,33,2,Male,56,3,1,Sales Executive,4,Married,7415,10989,0,Y,Yes,11,4,2,80,0,38,2,3,11,6,1,3
24,No,Travel_Rarely,626,Human Resources,24,4,Technical Degree,1,34,3,Male,72,3,1,Sales Representative,2,Married,4143,6467,4,Y,Yes,21,4,4,80,1,4,2,3,4,1,1,4
38,Yes,Travel_Rarely,623,Sales,11,3,Technical Degree,1,35,1,Female,32,1,1,Sales Representative,2,Divorced,5543,21359,6,Y,No,22,3,1,80,0,23,1,3,7,7,1,5
26,No,Travel_Frequently,712,Research & Development,15,3,Life Sciences,1,36,1,Female,37,4,1,Manufacturing Director,1,Married,4230,7155,1,Y,No,20,3,2,80,3,7,4,4,7,3,0,7
56,Yes,Travel_Rarely,1279,Research & Development,13,3,Technical Degree,1,37,4,Male,39,3,2,Sales Executive,1,Married,9371,26082,0,Y,No,23,3,4,80,1,39,2,3,7,2,3,3
35,No,Travel_Rarely,1463,Research & Development,20,3,Marketing,1,38,4,Female,58,2,1,Laboratory Technician,1,Married,4586,26384,1,Y,Yes,16,3,4,80,0,18,5,4,3,3,0,3
21,No,Travel_Rarely,224,Research & Development,28,1,Human Resources,1,39,4,Male,69,4,1,Healthcare Representative,2,Married,4552,16136,6,Y,No,22,3,4,80,1,4,6,2,3,2,3,2
42,No,Travel_Frequently,970,Sales,10,4,Life Sciences,1,40,4,Male,94,3,3,Research Scientist,3,Divorced,11780,19674,4,Y,No,17,3,4,80,2,21,4,3,9,4,1,2
31,No,Travel_Rarely,379,Research & Development,6,3,Medical,1,41,4,Female,50,2,2,Sales Representative,1,Married,6886,9961,4,Y,No,13,3,1,80,1,13,6,3,8,5,4,4
26,No,Travel_Frequently,1016,Research & Development,15,3,Life Sciences,1,42,4,Male,53,2,2,Sales Representative,2,Divorced,8165,25983,1,Y,No,20,4,3,80,3,11,2,3,6,4,2,4
43,No,Travel_Rarely,721,Sales,25,2,Marketing,1,43,1,Female,89,3,1,Healthcare Representative,2,Married,6090,9186,2,Y,No,12,3,2,80,2,26,3,3,6,3,0,3
19,No,Travel_Rarely,945,Research & Development,18,3,Life Sciences,1,44,2,Male,55,2,2,Manager,4,Single,6772,9506,9,Y,No,23,3,4,80,1,3,6,3,3,3,0,3
37,No,Travel_Rarely,773,Sales,18,3,Medical,1,45,4,Female,38,4,1,Sales Executive,1,Married,4160,20571,1,Y,Yes,22,3,1,80,0,17,2,2,7,7,0,7
45,No,Travel_Frequently,1251,Research & Development,7,3,Life Sciences,1,46,1,Female,49,3,1,Manufacturing Director,3,Single,4714,10258,8,Y,No,22,3,3,80,0,25,4,3,8,1,2,5
24,No,Travel_Rarely,413,Human Resources,15,3,Life Sciences,1,47,4,Male,85,3,2,Manufacturing Director,4,Single,7095,15302,4,Y,No,20,3,1,80,3,5,1,2,5,5,2,4
25,No,Travel_Frequently,431,Research & Development,18,3,Medical,1,48,3,Male,65,3,4,Research Director,1,Married,12691,18183,1,Y,Yes,17,3,4,80,3,4,6,1,4,3,0,4
52,No,Travel_Frequently,1273,Research & Development,18,5,Technical Degree,1,49,3,Female,65,3,2,Research Scientist,4,Married,8682,9791,3,Y,Yes,11,3,3,80,0,32,5,2,6,4,0,3
31,No,Travel_Rarely,135,Human Resources,20,3,Medical,1,50,1,Female,51,3,1,Sales Executive,1,Married,6376,8770,9,Y,Yes,12,3,2,80,1,11,3,3,8,6,3,4
34,Yes,Travel_Frequently,1145,Research & Development,9,4,Technical Degree,1,51,2,Male,30,3,4,Sales Representative,4,Single,13367,11893,2,Y,No,13,3,2,80,1,19,4,3,6,4,3,2
53,Yes,Travel_Frequently,305,Research & Development,24,2,Life Sciences,1,52,3,Male,98,4,1,Manager,3,Married,6073,26318,7,Y,Yes,14,3,1,80,1,34,0,2,8,4,2,2
57,No,Travel_Rarely,738,Research & Development,2,3,Medical,1,53,3,Male,66,3,3,Healthcare Representative,4,Married,12144,19989,1,Y,No,15,3,2,80,2,38,2,2,6,4,3,3
21,No,Travel_Rarely,947,Research & Development,8,3,Medical,1,54,2,Male,42,3,2,Research Director,4,Divorced,8721,9987,4,Y,No,14,3,2,80,0,3,3,3,3,3,1,2
19,No,Non-Travel,1479,Sales,20,3,Life Sciences,1,55,3,Male,72,2,2,Research Scientist,4,Married,5585,9165,7,Y,No,20,4,3,80,2,1,1,4,1,1,1,1
23,No,Travel_Rarely,539,Human Resources,2,4,Medical,1,56,4,Male,66,3,2,Research Scientist,1,Married,7322,15514,8,Y,No,13,3,2,80,0,5,6,3,5,1,3,5
59,No,Travel_Frequently,828,Sales,11,1,Medical,1,57,2,Female,54,3,5,Human Resources,1,Single,17021,24438,3,Y,No,11,3,3,80,1,39,0,3,6,5,1,6
21,No,Non-Travel,1219,Research & Development,26,1,Medical,1,58,3,Female,50,3,4,Sales Executive,3,Married,12305,6505,5,Y,Yes,17,3,3,80,0,2,6,3,2,2,2,2
46,No,Travel_Rarely,1040,Research & Development,7,4,Marketing,1,59,2,Female,70,1,2,Manager,4,Married,9753,25631,0,Y,No,22,3,3,80,1,30,2,3,10,2,0,5
35,Yes,Travel_Rarely,263,Research & Development,6,2,Medical,1,60,4,Female,71,4,2,Laboratory Technician,2,Divorced,7551,7807,1,Y,No,20,3,2,80,1,14,3,4,7,7,3,2
43,No,Travel_Rarely,247,Research & Development,10,3,Life Sciences,1,61,3,Female,71,3,2,Healthcare Representative,4,Single,9395,8256,1,Y,No,16,4,1,80,1,25,5,3,5,5,1,4
51,No,Travel_Rarely,393,Research & Development,5,3,Life Sciences,1,62,1,Male,31,3,2,Research Director,2,Married,10916,17156,0,Y,No,12,3,1,80,1,35,4,3,4,3,2,3
27,No,Travel_Rarely,294,Research & Development,11,4,Medical,1,63,3,Female,97,3,3,Sales Representative,2,Married,9773,13908,1,Y,Yes,12,3,2,80,1,10,6,4,10,0,2,9
53,No,Travel_Rarely,762,Sales,1,2,Life Sciences,1,64,3,Female,37,3,1,Manufacturing Director,4,Single,7427,26435,2,Y,No,13,3,3,80,0,33,2,4,7,2,3,2
31,Yes,Travel_Rarely,579,Sales,2,2,Life Sciences,1,65,4,Female,90,3,1,Research Director,2,Married,4567,6284,9,Y,Yes,18,3,2,80,3,10,3,2,8,3,2,3
48,Yes,Travel_Frequently,222,Sales,24,3,Medical,1,66,1,Male,43,3,5,Research Scientist,2,Divorced,16415,16438,5,Y,Yes,18,3,4,80,0,28,2,3,3,3,2,3
32,No,Travel_Frequently,798,Research & Development,1,5,Medical,1,67,1,Female,50,1,4,Sales Representative,4,Married,12478,4154,2,Y,No,20,3,1,80,1,16,5,3,8,1,3,7
25,No,Travel_Rarely,1064,Sales,19,3,Life Sciences,1,68,1,Female,53,3,1,Healthcare Representative,1,Divorced,5197,9742,9,Y,No,20,3,3,80,0,7,3,3,7,2,1,6
31,Yes,Travel_Rarely,760,Research & Development,2,3,Medical,1,69,4,Female,79,2,1,Manager,4,Single,6003,16227,1,Y,No,20,4,2,80,0,15,4,3,3,3,2,3
40,No,Travel_Rarely,1227,Research & Development,21,3,Medical,1,70,4,Male,74,3,5,Laboratory Technician,3,Married,15672,16265,3,Y,No,22,3,3,80,0,24,2,3,2,2,2,1
57,No,Travel_Rarely,809,Sales,20,4,Life Sciences,1,71,4,Female,93,2,2,Sales Representative,2,Married,10846,21188,5,Y,No,20,3,4,80,3,40,6,2,6,3,0,4
38,No,Non-Travel,495,Research & Development,29,4,Marketing,1,72,4,Female,93,4,2,Sales Representative,3,Married,9324,20604,0,Y,No,21,3,3,80,0,18,3,3,6,4,3,2
33,No,Travel_Frequently,1011,Research & Development,23,5,Medical,1,73,4,Male,55,3,1,Research Scientist,2,Divorced,5877,11190,6,Y,No,24,3,4,80,0,15,6,4,6,6,1,4
35,No,Travel_Rarely,1460,Sales,21,1,Medical,1,74,1,Female,61,3,4,Sales Executive,1,Single,12447,19105,0,Y,No,22,4,1,80,2,15,0,3,2,2,1,2
41,No,Non-Travel,1104,Research & Development,24,2,Medical,1,75,2,Male,86,3,1,Research Scientist,2,Divorced,5350,25358,1,Y,Yes,18,3,3,80,0,23,1,4,5,3,1,2
43,No,Travel_Rarely,1265,Research & Development,4,3,Life Sciences,1,76,4,Female,82,4,1,Research Director,4,Married,5350,24187,1,Y,Yes,17,3,2,80,2,28,5,3,7,4,2,5
42,Yes,Travel_Frequently,416,Research & Development,12,4,Medical,1,77,2,Female,62,2,1,Laboratory Technician,2,Single,6679,21778,8,Y,No,24,3,3,80,2,23,3,3,8,2,4,4
58,No,Travel_Rarely,780,Research & Development,22,2,Life Sciences,1,78,3,Male,81,3,4,Manufacturing Director,3,Divorced,13730,6025,5,Y,No,12,3,3,80,1,39,6,4,3,3,3,1
46,No,Non-Travel,1433,Research & Development,20,2,Human Resources,1,79,3,Male,47,3,2,Research Director,4,Married,9281,26512,5,Y,No,11,3,4,80,0,31,3,3,9,4,1,2
32,Yes,Travel_Rarely,594,Research & Development,18,4,Marketing,1,80,4,Female,64,1,3,Laboratory Technician,3,Divorced,9255,17907,4,Y,No,16,3,4,80,0,17,3,3,10,1,1,4
18,No,Travel_Frequently,655,Sales,1,1,Medical,1,81,3,Male,41,2,2,Manager,1,Married,7158,16469,1,Y,Yes,21,3,2,80,0,3,2,3,3,3,1,2
42,No,Travel_Frequently,709,Research & Development,1,3,Life Sciences,1,82,2,Male,80,3,4,Research Scientist,3,Divorced,13433,7156,4,Y,Yes,18,3,1,80,0,27,5,3,6,2,3,2
24,No,Travel_Rarely,208,Research & Development,24,3,Life Sciences,1,83,3,Female,39,2,3,Laboratory Technician,3,Married,10546,16428,2,Y,Yes,11,3,1,80,0,5,1,2,5,4,4,5
26,No,Travel_Rarely,471,Sales,14,3,Life Sciences,1,84,3,Male,81,3,3,Sales Executive,3,Single,10553,16410,1,Y,No,13,4,4,80,2,7,5,2,4,1,2,1
41,No,Travel_Frequently,954,Research & Development,4,4,Medical,1,85,2,Male,63,1,5,Human Resources,4,Married,16988,12995,5,Y,No,11,3,2,80,1,26,2,3,7,5,1,2
18,No,Travel_Rarely,715,Human Resources,5,3,Life Sciences,1,86,3,Female,96,3,2,Manufacturing Director,1,Single,7668,6812,1,Y,No,20,3,3,80,0,0,6,3,0,0,0,0
25,No,Travel_Rarely,867,Research & Development,11,3,Medical,1,87,4,Male,68,2,2,Manager,1,Married,7174,10650,1,Y,No,19,4,2,80,0,8,3,4,8,3,1,4
41,No,Travel_Rarely,305,Research & Development,24,3,Life Sciences,1,88,2,Male,37,3,4,Sales Representative,1,Single,12412,18058,7,Y,No,17,4,2,80,1,21,5,4,10,5,1,5
28,No,Travel_Rarely,946,Research & Development,28,3,Other,1,89,2,Female,58,4,3,Research Scientist,3,Single,8957,4456,5,Y,No,24,3,2,80,0,12,3,2,8,3,3,8
34,No,Travel_Frequently,142,Research & Development,23,3,Life Sciences,1,90,1,Female,51,3,2,Research Director,4,Single,6110,18590,5,Y,No,18,3,1,80,2,19,1,3,5,5,1,1
25,No,Travel_Rarely,964,Research & Development,13,2,Human Resources,1,91,1,Female,99,3,1,Human Resources,4,Married,3693,19740,2,Y,No,19,4,3,80,0,6,0,1,6,4,4,1
52,No,Travel_Rarely,1368,Research & Development,16,1,Technical Degree,1,92,2,Female,90,3,2,Research Scientist,4,Married,9275,14960,2,Y,No,13,4,2,80,2,35,2,3,5,3,0,5
52,No,Travel_Rarely,1410,Research & Development,24,2,Medical,1,93,2,Female,72,2,2,Healthcare Representative,3,Married,8772,13788,5,Y,No,20,3,1,80,1,37,0,4,5,3,3,5
50,No,Travel_Rarely,1478,Research & Development,13,2,Medical,1,94,1,Male,78,2,1,Research Scientist,1,Single,6415,25845,6,Y,No,21,4,1,80,3,33,5,4,11,1,3,5
22,No,Travel_Rarely,884,Research & Development,24,3,Medical,1,95,4,Male,58,1,4,Healthcare Representative,3,Married,12214,9156,3,Y,No,12,3,4,80,0,2,3,2,2,2,0,2
59,No,Travel_Rarely,575,Research & Development,22,4,Medical,1,96,3,Male,60,4,1,Sales Representative,4,Married,7036,16265,9,Y,No,16,3,3,80,0,39,6,2,6,6,4,6
56,Yes,Travel_Rarely,182,Human Resources,26,4,Life Sciences,1,97,3,Male,82,3,2,Manager,3,Married,8642,10151,9,Y,No,15,3,2,80,1,38,6,2,4,3,2,4
58,No,Travel_Rarely,1233,Research & Development,2,4,Life Sciences,1,98,3,Female,63,3,2,Manufacturing Director,2,Divorced,9657,12987,2,Y,No,14,3,3,80,3,40,3,3,12,3,4,5
45,Yes,Travel_Frequently,289,Sales,16,3,Medical,1,99,2,Female,67,4,2,Research Scientist,1,Married,7941,14560,7,Y,Yes,16,3,4,80,1,26,4,3,9,8,4,4
24,Yes,Travel_Rarely,899,Research & Development,6,3,Medical,1,100,4,Male,86,4,1,Sales Representative,1,Married,4263,24906,4,Y,No,16,3,4,80,1,3,4,3,3,3,0,3
26,No,Travel_Rarely,1035,Research & Development,14,3,Medical,1,101,1,Female,33,3,2,Human Resources,4,Single,8214,4673,3,Y,No,22,3,2,80,0,8,0,3,4,3,3,2
25,No,Travel_Rarely,350,Sales,1,2,Life Sciences,1,102,4,Male,31,3,1,Sales Executive,3,Single,4343,16999,0,Y,Yes,13,3,1,80,0,4,4,3,4,4,1,4
29,Yes,Travel_Rarely,390,Research & Development,17,1,Life Sciences,1,103,4,Male,41,3,1,Laboratory Technician,4,Divorced,6296,19433,4,Y,No,24,4,4,80,0,13,6,2,6,6,3,4
51,No,Travel_Rarely,1324,Research & Development,11,3,Life Sciences,1,104,3,Female,64,2,1,Sales Representative,3,Divorced,7785,8823,8,Y,No,12,3,1,80,1,33,5,2,9,4,4,4
50,No,Travel_Rarely,425,Research & Development,19,5,Life Sciences,1,105,1,Male,99,3,1,Human Resources,2,Single,6096,20975,6,Y,No,19,3,4,80,0,34,1,1,3,3,0,2
40,No,Travel_Frequently,936,Sales,3,2,Life Sciences,1,106,4,Male,50,3,1,Healthcare Representative,1,Married,4871,8876,6,Y,No,18,3,3,80,0,23,5,3,6,2,2,2
41,No,Travel_Rarely,607,Research & Development,11,1,Life Sciences,1,107,1,Male,90,4,2,Sales Representative,1,Married,8297,22388,1,Y,No,24,3,2,80,1,24,0,4,1,0,1,1
54,No,Travel_Rarely,830,Research & Development,29,4,Life Sciences,1,108,2,Male,64,3,4,Sales Representative,3,Married,15302,7973,2,Y,No,14,4,4,80,3,38,5,3,6,2,1,3
52,No,Travel_Frequently,171,Sales,5,2,Marketing,1,109,3,Female,77,3,2,Manufacturing Director,1,Divorced,8827,10282,1,Y,Yes,16,3,3,80,1,35,4,2,5,5,0,2
57,Yes,Travel_Rarely,1370,Human Resources,17,4,Life Sciences,1,110,1,Female,44,3,2,Healthcare Representative,3,Single,10346,10667,1,Y,No,13,3,4,80,1,40,4,3,3,3,3,3
39,No,Travel_Rarely,740,Research & Development,26,4,Medical,1,111,2,Male,44,2,1,Research Scientist,4,Married,6646,10056,4,Y,No,21,3,2,80,3,18,1,1,7,1,1,4
44,No,Travel_Rarely,1039,Sales,22,5,Life Sciences,1,112,2,Male,35,3,3,Research Director,2,Single,10460,4046,2,Y,No,18,3,3,80,0,25,5,2,5,5,3,3
52,No,Travel_Rarely,707,Research & Development,7,3,Technical Degree,1,113,2,Female,97,3,2,Sales Executive,3,Married,8679,23691,4,Y,Yes,13,3,1,80,0,36,1,3,5,5,3,4
18,No,Travel_Frequently,665,Research & Development,10,3,Medical,1,114,4,Female,51,3,2,Research Scientist,2,Single,7070,9736,2,Y,No,12,3,4,80,1,0,6,3,0,0,0,0
52,No,Travel_Frequently,1467,Research & Development,28,3,Life Sciences,1,115,4,Male,61,3,1,Laboratory Technician,4,Divorced,6841,5690,1,Y,No,17,4,4,80,0,34,0,3,9,3,0,5
54,No,Non-Travel,153,Sales,29,3,Medical,1,116,3,Male,51,2,1,Sales Representative,4,Married,6331,21650,0,Y,No,24,3,3,80,0,33,2,3,5,1,2,4
31,No,Travel_Rarely,627,Sales,11,3,Life Sciences,1,117,3,Female,56,3,2,Manager,4,Divorced,7258,23013,8,Y,No,13,3,2,80,0,15,5,2,4,4,4,3
20,No,Travel_Rarely,710,Sales,3,2,Medical,1,118,2,Female,44,3,2,Sales Representative,3,Single,6603,4745,0,Y,No,23,3,4,80,1,3,6,2,3,3,2,3
18,No,Travel_Rarely,292,Research & Development,20,3,Life Sciences,1,119,3,Male,73,3,4,Healthcare Representative,2,Single,10248,25407,0,Y,Yes,19,3,3,80,0,0,6,3,0,0,0,0
22,No,Travel_Rarely,157,Research & Development,10,3,Other,1,120,4,Female,38,3,1,Manufacturing Director,2,Single,4932,26660,7,Y,No,13,3,2,80,0,4,5,2,4,3,1,4
43,No,Travel_Rarely,1234,Sales,27,4,Medical,1,121,3,Male,63,2,1,Sales Representative,1,Married,5617,4639,9,Y,No,18,3,4,80,0,24,1,3,3,3,1,3
31,Yes,Non-Travel,228,Sales,10,4,Life Sciences,1,122,1,Male,44,2,2,Laboratory Technician,3,Divorced,5313,23320,6,Y,Yes,12,3,3,80,0,12,4,3,5,4,1,1
56,No,Travel_Rarely,805,Research & Development,14,3,Medical,1,123,4,Male,91,3,4,Sales Representative,1,Married,14520,2076,0,Y,No,19,3,2,80,3,36,0,2,8,3,1,4
44,No,Travel_Rarely,951,Human Resources,12,2,Life Sciences,1,124,2,Female,74,3,2,Research Scientist,1,Single,7986,8473,1,Y,No,11,3,4,80,3,25,2,4,3,3,1,3
26,No,Travel_Rarely,1449,Research & Development,15,4,Marketing,1,125,2,Male,87,3,2,Research Director,3,Single,8491,12622,9,Y,No,22,3,4,80,2,10,5,3,6,6,2,6
32,No,Travel_Rarely,107,Human Resources,10,3,Medical,1,126,3,Male,48,4,1,Manager,1,Single,4651,21888,7,Y,No,13,3,2,80,3,17,0,3,2,2,2,2
32,No,Travel_Rarely,128,Research & Development,10,4,Medical,1,127,4,Male,45,2,2,Laboratory Technician,1,Married,6741,20808,4,Y,Yes,21,3,2,80,0,12,4,3,9,3,4,6
43,No,Travel_Frequently,1235,Sales,26,4,Life Sciences,1,128,2,Female,37,1,3,Laboratory Technician,1,Married,11406,24868,1,Y,No,24,3,3,80,2,28,2,3,8,2,3,3
59,No,Travel_Rarely,1046,Research & Development,19,1,Technical Degree,1,129,2,Male,62,3,3,Healthcare Representative,4,Married,11751,7296,0,Y,No,12,3,4,80,0,38,2,3,7,7,2,3
30,No,Travel_Frequently,230,Research & Development,1,4,Marketing,1,130,4,Male,47,3,1,Laboratory Technician,3,Married,4336,24951,0,Y,No,23,3,4,80,1,13,6,1,11,6,4,2
49,No,Travel_Rarely,287,Research & Development,24,1,Life Sciences,1,131,4,Male,64,3,1,Manager,4,Single,6887,24470,4,Y,No,24,3,3,80,0,29,1,4,12,8,0,3
56,No,Travel_Frequently,808,Human Resources,29,3,Life Sciences,1,132,2,Female,72,4,2,Research Scientist,1,Single,8707,20605,0,Y,Yes,23,3,4,80,2,40,3,2,7,1,1,6
49,No,Travel_Frequently,1487,Sales,26,3,Life Sciences,1,133,3,Male,79,3,1,Research Director,1,Married,5314,2405,9,Y,Yes,22,3,4,80,0,30,4,4,9,6,2,7
21,Yes,Travel_Rarely,1327,Sales,10,2,Other,1,134,3,Male,32,2,2,Human Resources,4,Married,8120,20513,1,Y,No,17,3,4,80,0,4,3,1,4,4,3,4
47,Yes,Travel_Rarely,311,Research & Development,2,4,Life Sciences,1,135,3,Male,88,4,2,Sales Representative,1,Married,9283,14308,6,Y,No,15,3,1,80,2,28,4,3,3,2,3,3
54,No,Non-Travel,375,Sales,17,1,Medical,1,136,1,Female,57,2,1,Laboratory Technician,3,Single,6668,25218,1,Y,Yes,18,3,2,80,1,35,0,3,11,3,1,5
40,Yes,Travel_Rarely,1196,Sales,24,2,Life Sciences,1,137,4,Male,75,3,3,Manufacturing Director,2,Single,10757,17345,4,Y,No,12,3,1,80,1,20,3,3,5,4,2,3
56,No,Non-Travel,342,Sales,7,3,Life Sciences,1,138,2,Female,93,3,1,Research Scientist,4,Single,7444,2397,0,Y,No,18,3,1,80,1,35,6,2,11,1,2,8
32,No,Travel_Rarely,1225,Sales,7,4,Medical,1,139,1,Female,99,3,5,Human Resources,2,Single,15898,16665,6,Y,Yes,17,3,2,80,0,17,5,2,11,2,3,6
46,No,Travel_Rarely,1086,Research & Development,20,4,Human Resources,1,140,3,Female,76,3,3,Healthcare Representative,2,Single,10635,16560,4,Y,Yes,22,3,1,80,1,27,6,3,8,8,0,3
53,No,Travel_Frequently,784,Sales,27,4,Medical,1,141,1,Male,43,3,2,Research Scientist,2,Married,9592,21857,0,Y,No,21,3,3,80,0,37,6,4,14,3,0,1
30,No,Non-Travel,270,Research & Development,9,3,Marketing,1,142,2,Female,36,3,1,Manager,4,Single,4554,12000,7,Y,No,15,3,1,80,2,10,5,3,7,2,3,2
49,Yes,Travel_Rarely,752,Research & Development,22,3,Medical,1,143,2,Male,60,2,4,Sales Representative,1,Single,13828,6989,4,Y,No,12,3,3,80,1,33,5,3,6,5,3,4
24,No,Travel_Frequently,287,Research & Development,2,1,Life Sciences,1,144,4,Male,80,1,3,Research Scientist,3,Divorced,9608,22310,8,Y,No,20,3,2,80,3,8,2,2,8,5,3,3
39,No,Travel_Rarely,1209,Sales,14,2,Life Sciences,1,145,3,Female,58,3,1,Sales Executive,1,Married,5674,20328,8,Y,No,21,3,4,80,1,24,1,3,6,2,2,4
45,Yes,Travel_Rarely,151,Research & Development,17,3,Medical,1,146,3,Male,44,3,2,Sales Representative,3,Divorced,9248,10629,8,Y,No,17,3,2,80,0,26,6,2,6,5,3,6
19,No,Travel_Rarely,210,Sales,1,3,Human Resources,1,147,1,Male,54,3,1,Sales Executive,1,Married,4469,7391,0,Y,Yes,20,3,2,80,1,4,4,2,4,4,2,4
59,No,Travel_Rarely,976,Research & Development,9,3,Technical Degree,1,148,3,Male,90,2,5,Laboratory Technician,2,Married,16073,23783,1,Y,No,14,3,1,80,0,40,1,3,9,5,1,5
23,No,Non-Travel,1166,Research & Development,20,4,Life Sciences,1,149,1,Female,70,4,3,Manufacturing Director,2,Single,8313,2222,9,Y,Yes,14,3,2,80,0,8,4,3,6,6,2,6
45,No,Travel_Rarely,310,Research & Development,21,3,Life Sciences,1,150,2,Male,98,2,4,Research Scientist,3,Married,13364,19994,3,Y,No,18,3,2,80,2,28,5,1,7,5,1,3
45,No,Travel_Rarely,1323,Research & Development,19,1,Life Sciences,1,151,2,Female,33,4,3,Sales Representative,4,Single,12622,9830,1,Y,No,16,3,3,80,0,24,2,2,8,2,1,4
37,No,Travel_Rarely,957,Research & Development,4,2,Technical Degree,1,152,2,Female,86,3,2,Healthcare Representative,1,Single,7338,18230,6,Y,Yes,19,3,4,80,1,18,2,3,8,5,5,6
47,No,Travel_Rarely,726,Research & Development,28,4,Technical Degree,1,153,2,Female,60,3,1,Sales Executive,2,Divorced,6153,22988,1,Y,No,21,3,1,80,0,31,2,2,3,3,0,3
28,Yes,Travel_Rarely,1149,Research & Development,8,4,Marketing,1,154,2,Male,32,4,1,Research Director,3,Married,4370,6000,6,Y,No,12,3,4,80,0,7,2,4,7,2,2,4
45,No,Travel_Frequently,398,Research & Development,13,4,Life Sciences,1,155,1,Female,96,3,1,Sales Representative,1,Divorced,5716,21048,7,Y,No,15,3,4,80,1,30,6,3,7,3,2,1
42,No,Travel_Rarely,1200,Research & Development,4,2,Medical,1,156,2,Male,79,2,2,Manufacturing Director,3,Married,8562,19449,6,Y,Yes,16,3,4,80,2,21,2,2,10,5,0,4
56,Yes,Non-Travel,1023,Research & Development,9,5,Medical,1,157,1,Male,46,3,4,Research Scientist,4,Married,15660,15487,1,Y,No,18,3,1,80,1,39,5,3,5,3,1,3
50,No,Non-Travel,236,Research & Development,9,2,Life Sciences,1,158,2,Male,89,3,5,Sales Representative,4,Married,16924,23748,2,Y,No,14,3,2,80,0,33,1,3,9,3,3,3
18,No,Travel_Rarely,1143,Human Resources,22,1,Medical,1,159,1,Male,95,3,1,Research Scientist,1,Married,3357,7393,2,Y,No,21,4,4,80,0,0,0,3,0,0,0,0
44,No,Non-Travel,539,Research & Development,18,5,Life Sciences,1,160,1,Male,53,3,2,Manager,4,Married,10782,25486,3,Y,Yes,17,3,1,80,2,23,3,3,9,4,2,4
30,No,Travel_Frequently,310,Research & Development,12,2,Life Sciences,1,161,1,Male,61,4,2,Sales Executive,1,Divorced,7522,25885,1,Y,No,21,3,2,80,1,11,1,1,5,5,0,3
58,No,Travel_Rarely,851,Sales,10,3,Technical Degree,1,162,3,Male,48,3,2,Sales Representative,1,Single,9238,2603,3,Y,No,17,3,4,80,3,40,5,3,6,4,2,2
20,No,Travel_Rarely,534,Human Resources,11,2,Marketing,1,163,1,Male,95,1,2,Sales Representative,4,Married,7789,23514,3,Y,No,14,3,3,80,0,1,3,3,1,1,1,1
56,No,Travel_Rarely,879,Sales,7,3,Medical,1,164,1,Female,89,3,2,Manufacturing Director,3,Married,9164,8295,3,Y,Yes,11,3,1,80,3,35,0,3,5,5,0,5
23,No,Travel_Rarely,1330,Research & Development,9,4,Medical,1,165,2,Female,95,3,4,Manufacturing Director,3,Single,13230,10380,7,Y,No,13,3,4,80,2,6,4,3,3,3,2,3
25,No,Travel_Frequently,538,Sales,6,3,Life Sciences,1,166,1,Female,44,3,2,Healthcare Representative,1,Married,6363,9103,3,Y,Yes,12,3,1,80,2,7,6,3,7,6,1,3
44,No,Travel_Rarely,765,Sales,19,3,Marketing,1,167,1,Male,64,3,3,Research Scientist,2,Married,12224,19021,1,Y,No,23,3,3,80,0,23,0,3,13,8,3,3
26,No,Travel_Frequently,1165,Research & Development,16,2,Marketing,1,168,4,Male,98,3,1,Human Resources,1,Single,4800,16546,5,Y,No,23,3,1,80,1,7,0,3,3,3,2,3
54,No,Travel_Rarely,510,Human Resources,15,3,Marketing,1,169,3,Female,56,3,1,Manufacturing Director,3,Single,7912,17456,6,Y,Yes,22,3,2,80,1,36,5,3,8,5,0,4
50,No,Travel_Rarely,905,Sales,7,3,Medical,1,170,4,Male,36,3,2,Human Resources,1,Married,10581,20228,1,Y,No,13,3,4,80,1,29,6,3,9,5,2,1
59,No,Non-Travel,709,Research & Development,16,2,Life Sciences,1,171,2,Female,35,2,3,Laboratory Technician,3,Married,11373,16674,5,Y,Yes,15,3,1,80,1,40,4,2,4,4,1,4
41,No,Travel_Rarely,526,Sales,5,3,Life Sciences,1,172,3,Male,62,4,4,Human Resources,4,Single,14360,2046,1,Y,No,21,3,1,80,1,25,3,3,8,3,4,2
32,No,Travel_Rarely,1398,Sales,16,2,Medical,1,173,3,Female,87,3,2,Sales Executive,1,Single,6492,2819,2,Y,Yes,22,3,4,80,3,11,6,3,7,4,2,7
49,Yes,Travel_Rarely,1001,Research & Development,1,4,Life Sciences,1,174,4,Male,78,3,3,Sales Representative,1,Single,10642,5807,8,Y,Yes,11,3,3,80,1,29,2,2,13,6,2,7
49,No,Travel_Rarely,1041,Research & Development,19,3,Marketing,1,175,3,Male,46,3,2,Manufacturing Director,4,Divorced,8337,21406,8,Y,No,15,3,3,80,1,30,4,4,6,6,3,3
41,No,Travel_Rarely,841,Sales,5,2,Life Sciences,1,176,4,Female,71,3,1,Sales Representative,4,Divorced,6242,3080,4,Y,No,12,3,4,80,1,24,4,3,6,1,5,5
58,No,Travel_Rarely,1492,Research & Development,7,3,Life Sciences,1,177,1,Male,69,2,3,Manager,2,Married,12226,5146,5,Y,Yes,24,3,4,80,1,40,0,3,9,1,0,4
29,No,Travel_Rarely,1343,Sales,19,3,Life Sciences,1,178,4,Male,75,2,3,Manufacturing Director,4,Divorced,9746,19661,7,Y,Yes,14,3,2,80,0,9,4,1,2,2,2,2
56,No,Non-Travel,1355,Research & Development,22,4,Other,1,179,3,Male,99,1,1,Manufacturing Director,2,Married,7156,13926,9,Y,Yes,16,3,1,80,0,40,6,3,7,2,2,6
19,No,Travel_Rarely,427,Human Resources,5,5,Life Sciences,1,180,3,Female,97,3,1,Research Director,4,Single,4553,17930,3,Y,No,19,3,1,80,2,1,1,3,1,1,1,1
20,No,Travel_Rarely,151,Human Resources,29,3,Medical,1,181,2,Male,30,3,2,Sales Representative,3,Single,7194,17172,4,Y,No,20,4,3,80,0,3,6,2,3,1,0,3
54,No,Travel_Rarely,475,Research & Development,17,4,Medical,1,182,2,Male,81,3,1,Manufacturing Director,1,Divorced,7755,17287,2,Y,No,16,3,2,80,2,39,2,3,4,4,4,4
34,No,Non-Travel,362,Research & Development,26,3,Life Sciences,1,183,2,Male,64,2,4,Manager,4,Married,14236,8741,0,Y,No,20,3,1,80,2,16,6,4,7,4,1,1
19,No,Travel_Rarely,366,Research & Development,22,2,Medical,1,184,2,Male,98,3,2,Manager,3,Divorced,6562,4217,2,Y,Yes,23,3,2,80,1,1,0,3,1,1,1,1
19,No,Travel_Rarely,458,Sales,8,4,Medical,1,185,3,Female,34,3,1,Sales Executive,4,Divorced,3663,23649,6,Y,No,21,3,4,80,3,1,3,3,1,1,1,1
45,No,Travel_Rarely,1440,Research & Development,29,3,Medical,1,186,2,Male,46,3,1,Research Scientist,1,Married,6650,4886,7,Y,Yes,22,3,1,80,1,29,3,3,6,6,0,6
40,Yes,Travel_Rarely,1447,Human Resources,29,3,Technical Degree,1,187,4,Male,82,4,5,Manufacturing Director,4,Single,14844,15344,8,Y,No,12,3,4,80,0,19,3,1,5,3,0,2
54,No,Travel_Frequently,751,Sales,1,4,Life Sciences,1,188,1,Male,81,3,3,Manager,4,Single,11337,24018,0,Y,No,18,3,3,80,0,34,3,4,1,1,0,1
49,Yes,Travel_Frequently,145,Sales,2,3,Life Sciences,1,189,3,Male,43,3,3,Manager,1,Single,12279,10987,3,Y,No,15,3,3,80,3,30,3,4,6,6,3,6
50,No,Travel_Rarely,699,Human Resources,15,4,Human Resources,1,190,2,Male,58,3,1,Sales Executive,4,Single,6460,21712,1,Y,Yes,19,3,4,80,3,30,0,3,6,2,2,4
18,No,Travel_Rarely,819,Research & Development,20,4,Life Sciences,1,191,3,Male,37,3,4,Research Director,1,Married,10533,9293,1,Y,Yes,20,3,3,80,0,1,1,2,1,1,1,1
36,No,Travel_Rarely,1392,Sales,28,3,Medical,1,192,2,Male,30,2,2,Research Scientist,2,Single,6748,5006,8,Y,No,19,3,4,80,0,16,1,2,3,3,0,3
19,No,Non-Travel,700,Sales,18,3,Marketing,1,193,3,Female,58,3,2,Healthcare Representative,4,Single,6618,8958,3,Y,No,14,3,4,80,0,0,3,2,0,0,0,0
43,Yes,Non-Travel,480,Research & Development,11,3,Life Sciences,1,194,2,Male,65,3,5,Manufacturing Director,3,Married,16913,26356,6,Y,Yes,23,3,4,80,1,22,1,3,9,7,0,8
49,No,Travel_Rarely,217,Research & Development,25,5,Medical,1,195,1,Female,80,1,1,Healthcare Representative,4,Married,7382,12581,0,Y,Yes,11,3,3,80,1,32,2,2,7,4,4,3
23,No,Travel_Frequently,215,Research & Development,10,3,Life Sciences,1,196,2,Male,66,3,2,Healthcare Representative,1,Married,6988,6143,2,Y,No,21,4,3,80,1,2,1,3,2,2,1,2
49,No,Travel_Frequently,359,Human Resources,24,1,Life Sciences,1,197,4,Male,98,3,1,Research Director,1,Married,8087,16699,5,Y,No,24,3,3,80,2,32,6,3,6,2,1,4
21,No,Travel_Rarely,1198,Sales,24,3,Life Sciences,1,198,3,Male,82,2,2,Sales Representative,3,Married,6656,23901,1,Y,No,19,3,4,80,1,2,4,1,2,2,2,2
28,No,Travel_Rarely,404,Research & Development,4,3,Marketing,1,199,3,Male,81,3,1,Human Resources,3,Divorced,4689,19602,2,Y,Yes,19,3,2,80,0,7,3,3,6,1,4,4
34,No,Travel_Rarely,106,Research & Development,5,1,Life Sciences,1,200,4,Female,41,3,4,Sales Executive,1,Single,10726,10018,0,Y,No,18,3,3,80,0,15,6,2,8,8,2,7
55,No,Travel_Frequently,465,Research & Development,4,1,Medical,1,201,4,Female,81,3,2,Manager,2,Single,9102,11952,5,Y,Yes,15,3,2,80,2,36,4,3,6,2,2,6
41,No,Non-Travel,622,Sales,13,3,Human Resources,1,202,1,Female,30,2,2,Manager,2,Divorced,9021,10916,9,Y,No,15,3,3,80,1,25,4,3,8,5,5,6
22,No,Travel_Frequently,1471,Human Resources,25,3,Medical,1,203,3,Female,36,4,3,Research Scientist,1,Married,10571,19728,7,Y,Yes,20,3,1,80,0,2,3,3,2,1,2,2
51,No,Travel_Frequently,1338,Research & Development,13,3,Medical,1,204,1,Male,46,1,5,Research Director,2,Married,15975,2137,9,Y,Yes,16,3,1,80,0,34,5,1,13,4,1,4
23,No,Travel_Rarely,528,Research & Development,18,2,Medical,1,205,3,Male,72,3,2,Manager,3,Single,7269,22834,7,Y,Yes,11,3,1,80,2,5,0,4,5,2,2,5
39,No,Travel_Frequently,890,Research & Development,29,2,Life Sciences,1,206,3,Female,46,2,2,Human Resources,2,Divorced,9017,16156,7,Y,No,19,3,2,80,0,21,5,3,11,5,5,7
28,No,Travel_Frequently,846,Sales,27,4,Medical,1,207,1,Female,88,3,1,Healthcare Representative,3,Divorced,4808,15381,4,Y,No,15,4,3,80,1,7,1,3,6,6,3,5
33,No,Travel_Rarely,466,Research & Development,24,3,Medical,1,208,3,Male,32,2,1,Sales Representative,4,Married,3373,23290,3,Y,No,17,3,4,80,1,14,5,2,5,5,0,1
50,No,Travel_Rarely,412,Research & Development,2,2,Other,1,209,3,Male,58,2,2,Manager,3,Single,9257,15893,2,Y,No,21,4,2,80,0,30,2,3,7,4,1,2
26,No,Travel_Frequently,637,Research & Development,16,3,Human Resources,1,210,1,Male,51,2,1,Healthcare Representative,4,Divorced,5249,18360,7,Y,No,18,3,3,80,1,9,5,3,7,6,3,7
23,Yes,Travel_Rarely,1020,Human Resources,1,3,Technical Degree,1,211,2,Female,67,3,2,Manager,3,Divorced,6142,21143,1,Y,No,15,3,1,80,0,2,5,4,2,2,2,2
33,No,Travel_Frequently,1177,Research & Development,26,1,Technical Degree,1,212,1,Male,83,3,1,Manufacturing Director,3,Married,4996,2058,0,Y,No,13,3,2,80,0,14,0,4,2,2,2,2
46,No,Travel_Rarely,964,Research & Development,19,2,Medical,1,213,3,Male,79,2,2,Laboratory Technician,2,Single,7815,19154,9,Y,No,16,3,3,80,0,30,2,3,12,0,0,1
20,No,Travel_Rarely,1287,Research & Development,9,1,Medical,1,214,4,Male,98,4,2,Sales Executive,3,Divorced,4603,2388,0,Y,Yes,17,4,4,80,1,2,5,4,2,1,1,2
37,No,Travel_Frequently,881,Sales,28,4,Technical Degree,1,215,2,Female,59,3,1,Sales Executive,1,Single,6341,14116,9,Y,No,23,3,2,80,2,19,3,2,4,4,4,3
53,No,Travel_Rarely,433,Research & Development,3,4,Life Sciences,1,216,4,Male,52,3,1,Manager,4,Single,6797,21806,6,Y,Yes,24,3,4,80,0,36,1,2,5,1,2,5
36,No,Travel_Rarely,897,Research & Development,25,4,Human Resources,1,217,2,Female,76,2,2,Human Resources,4,Married,9218,9012,2,Y,No,14,4,2,80,2,19,5,2,9,5,2,4
43,No,Travel_Rarely,447,Research & Development,7,4,Medical,1,218,4,Male,50,3,2,Research Director,3,Single,9185,14626,5,Y,No,19,4,1,80,0,26,0,2,5,5,0,3
20,No,Travel_Frequently,372,Research & Development,29,3,Medical,1,219,2,Female,49,3,2,Research Scientist,1,Married,6376,6852,7,Y,No,24,3,1,80,1,0,3,4,0,0,0,0
36,No,Travel_Rarely,1062,Research & Development,10,3,Medical,1,220,1,Female,52,3,3,Human Resources,3,Married,10373,18979,1,Y,No,21,3,1,80,1,19,0,2,5,3,2,4
37,No,Non-Travel,819,Research & Development,1,3,Human Resources,1,221,2,Male,97,3,1,Research Director,3,Single,5972,10627,6,Y,Yes,14,3,4,80,1,16,4,4,8,4,1,2
49,No,Travel_Rarely,599,Research & Development,10,1,Life Sciences,1,222,2,Male,50,3,1,Human Resources,2,Married,7253,3982,7,Y,No,21,3,1,80,0,29,5,3,9,5,1,3
24,No,Non-Travel,1216,Research & Development,21,3,Marketing,1,223,2,Male,50,3,1,Manufacturing Director,3,Divorced,4738,16816,1,Y,No,20,4,4,80,0,5,1,3,5,4,5,1
58,No,Non-Travel,784,Research & Development,9,4,Medical,1,224,3,Male,30,2,2,Human Resources,3,Single,10584,13060,0,Y,Yes,12,3,4,80,1,40,1,1,9,3,1,0
50,No,Travel_Rarely,178,Sales,28,3,Life Sciences,1,225,4,Female,44,3,2,Research Scientist,2,Married,8822,14401,1,Y,No,19,3,4,80,0,35,3,1,6,1,1,2
57,No,Travel_Rarely,721,Sales,15,3,Marketing,1,226,1,Male,46,2,1,Sales Executive,2,Married,6322,12411,1,Y,Yes,14,4,1,80,2,40,3,2,3,3,0,2
56,No,Travel_Rarely,1340,Research & Development,15,2,Medical,1,227,4,Male,80,3,2,Human Resources,1,Married,9488,10209,0,Y,No,14,3,3,80,0,35,3,3,2,2,0,2
35,No,Travel_Rarely,1046,Sales,3,3,Medical,1,228,4,Male,92,2,2,Research Director,2,Single,8024,22714,6,Y,No,20,4,4,80,0,16,1,3,6,2,3,4
57,No,Travel_Rarely,457,Sales,25,4,Life Sciences,1,229,1,Male,43,4,5,Sales Representative,4,Married,16158,7429,2,Y,No,11,3,3,80,0,40,5,3,5,5,0,3
18,No,Travel_Rarely,717,Research & Development,5,4,Medical,1,230,3,Female,88,3,2,Research Director,4,Single,5430,14158,8,Y,Yes,24,3,4,80,1,1,4,3,1,1,1,1
28,Yes,Travel_Rarely,606,Research & Development,9,3,Medical,1,231,2,Male,79,3,2,Sales Executive,1,Divorced,7657,20076,1,Y,Yes,12,3,1,80,2,10,1,3,9,1,2,3
45,No,Travel_Rarely,1304,Research & Development,26,4,Life Sciences,1,232,3,Female,63,2,2,Human Resources,3,Married,8334,21154,3,Y,Yes,22,3,1,80,1,29,3,2,6,1,1,1
42,Yes,Travel_Rarely,675,Human Resources,22,3,Life Sciences,1,233,3,Female,35,3,5,Human Resources,1,Married,15787,6376,5,Y,Yes,13,3,1,80,0,21,2,3,9,3,0,1
40,No,Travel_Rarely,1369,Research & Development,9,4,Human Resources,1,234,2,Male,78,3,5,Human Resources,2,Married,15472,23310,8,Y,No,17,3,2,80,2,23,5,3,2,0,2,2
48,No,Non-Travel,343,Research & Development,23,3,Medical,1,235,4,Male,35,3,2,Manager,3,Married,10116,21651,3,Y,No,22,3,1,80,0,29,4,3,8,6,1,4
47,No,Travel_Rarely,605,Sales,7,3,Marketing,1,236,2,Female,98,2,2,Manufacturing Director,1,Married,9829,25948,2,Y,No,19,3,3,80,1,27,1,3,7,4,1,4
59,No,Travel_Rarely,521,Research & Development,24,3,Medical,1,237,1,Male,36,4,2,Research Scientist,1,Married,8790,20079,7,Y,No,22,3,4,80,2,40,2,4,8,8,3,4
52,Yes,Travel_Rarely,1443,Research & Development,23,4,Life Sciences,1,238,2,Male,80,3,2,Manufacturing Director,4,Married,8793,15978,1,Y,Yes,15,3,3,80,0,31,5,4,5,1,2,5
24,No,Travel_Frequently,1210,Research & Development,12,5,Life Sciences,1,239,4,Male,30,4,2,Sales Representative,1,Single,7660,19970,0,Y,No,14,3,2,80,0,4,6,2,4,2,1,4
33,No,Non-Travel,316,Research & Development,25,1,Life Sciences,1,240,3,Male,42,1,1,Sales Executive,3,Single,5681,14705,3,Y,Yes,23,3,3,80,0,13,6,3,8,2,1,5
43,No,Travel_Frequently,1401,Research & Development,27,1,Medical,1,241,3,Female,72,3,4,Human Resources,1,Married,13466,23064,6,Y,No,12,3,4,80,2,26,4,2,4,4,1,2
19,No,Non-Travel,1108,Sales,9,4,Medical,1,242,2,Male,56,2,2,Laboratory Technician,1,Divorced,5669,23831,0,Y,Yes,24,3,4,80,1,0,6,4,0,0,0,0
18,Yes,Travel_Rarely,1292,Research & Development,6,3,Medical,1,243,1,Male,32,3,3,Manufacturing Director,2,Single,8453,23844,4,Y,No,23,3,1,80,0,0,1,2,0,0,0,0
29,No,Travel_Frequently,429,Research & Development,23,3,Life Sciences,1,244,4,Female,87,3,2,Healthcare Representative,1,Single,6966,12861,4,Y,Yes,22,3,2,80,0,13,6,2,10,3,1,2
22,No,Travel_Frequently,749,Research & Development,2,3,Medical,1,245,3,Female,46,4,2,Laboratory Technician,3,Single,7041,9965,8,Y,No,24,3,2,80,1,6,5,4,6,2,2,6
54,No,Travel_Rarely,490,Sales,9,1,Life Sciences,1,246,2,Male,74,4,1,Manufacturing Director,4,Divorced,8242,20652,1,Y,No,17,3,3,80,0,34,5,4,5,5,1,4
49,No,Non-Travel,480,Human Resources,28,4,Life Sciences,1,247,1,Female,87,3,2,Healthcare Representative,4,Divorced,8430,12248,1,Y,No,16,3,1,80,0,32,3,3,6,3,3,4
26,No,Travel_Rarely,1429,Human Resources,29,4,Human Resources,1,248,1,Male,85,3,2,Sales Executive,4,Married,6319,16220,3,Y,No,22,3,1,80,1,10,1,2,4,1,2,4
58,No,Travel_Rarely,841,Sales,17,3,Medical,1,249,3,Female,83,3,2,Human Resources,4,Divorced,9613,25633,2,Y,No,22,3,1,80,1,38,5,3,8,7,3,3
52,No,Travel_Rarely,919,Research & Development,1,3,Medical,1,250,3,Male,58,3,4,Manufacturing Director,2,Married,15045,9461,6,Y,No,17,3,4,80,0,37,4,3,8,3,1,6
36,No,Travel_Rarely,772,Research & Development,19,4,Life Sciences,1,251,4,Male,83,3,1,Human Resources,3,Divorced,4282,14821,5,Y,No,18,3,2,80,0,17,3,3,4,4,1,4
33,No,Travel_Frequently,612,Human Resources,28,1,Technical Degree,1,252,1,Female,56,3,2,Manufacturing Director,2,Single,8862,21870,6,Y,Yes,19,3,3,80,2,17,5,2,9,2,2,7
20,No,Travel_Rarely,1048,Research & Development,6,4,Medical,1,253,4,Male,74,4,1,Sales Executive,4,Single,4022,15410,7,Y,No,20,3,3,80,0,2,0,2,2,2,1,2
37,Yes,Travel_Rarely,1311,Research & Development,5,2,Marketing,1,254,1,Female,60,3,3,Healthcare Representative,2,Married,9932,24185,8,Y,No,15,3,3,80,1,22,2,4,2,2,0,2
41,No,Travel_Rarely,1029,Research & Development,2,3,Life Sciences,1,255,1,Male,65,4,1,Human Resources,1,Married,4559,21133,2,Y,No,21,3,1,80,1,20,5,3,7,1,2,2
50,No,Travel_Frequently,1012,Research & Development,9,4,Human Resources,1,256,2,Female,90,1,2,Laboratory Technician,3,Married,9625,26169,9,Y,No,15,3,2,80,0,35,6,3,5,1,2,3
41,No,Travel_Rarely,743,Sales,29,3,Marketing,1,257,3,Female,66,3,1,Healthcare Representative,1,Single,5703,25359,1,Y,No,14,4,2,80,1,23,3,3,16,4,1,6
28,No,Travel_Rarely,526,Research & Development,26,3,Technical Degree,1,258,1,Male,96,2,2,Laboratory Technician,2,Married,7436,3405,6,Y,Yes,21,3,4,80,1,9,3,3,5,5,2,5
25,No,Non-Travel,601,Sales,14,4,Life Sciences,1,259,4,Female,65,2,4,Laboratory Technician,1,Single,11339,13179,3,Y,Yes,13,4,4,80,1,7,4,4,7,2,3,1
53,No,Travel_Frequently,829,Sales,4,3,Life Sciences,1,260,3,Male,34,3,1,Sales Executive,2,Single,6544,5575,7,Y,No,23,3,4,80,1,34,5,3,12,5,5,6
55,No,Travel_Rarely,1383,Research & Development,4,2,Life Sciences,1,261,4,Female,75,4,2,Research Scientist,2,Divorced,9070,4727,3,Y,No,17,3,3,80,2,36,5,3,4,4,1,4
57,No,Travel_Frequently,170,Research & Development,21,5,Life Sciences,1,262,3,Male,81,3,1,Research Scientist,3,Divorced,7039,8487,6,Y,Yes,23,3,3,80,1,40,4,2,5,2,3,5
37,No,Travel_Frequently,577,Research & Development,15,4,Technical Degree,1,263,3,Female,78,4,2,Human Resources,3,Divorced,7484,16760,8,Y,Yes,23,3,2,80,0,22,2,2,3,3,3,2
52,No,Travel_Frequently,1301,Research & Development,8,3,Life Sciences,1,264,1,Male,35,2,2,Sales Representative,3,Married,7992,8291,6,Y,No,15,3,4,80,0,34,4,3,2,2,0,2
42,No,Travel_Rarely,556,Research & Development,26,3,Life Sciences,1,265,2,Male,39,2,2,Research Director,4,Married,10602,4501,6,Y,Yes,17,3,3,80,0,22,3,4,9,4,1,6
52,No,Travel_Rarely,288,Sales,4,1,Life Sciences,1,266,1,Male,52,3,2,Research Scientist,3,Married,8129,19321,0,Y,No,12,3,4,80,3,33,2,3,4,4,1,4
42,No,Travel_Rarely,390,Research & Development,16,1,Life Sciences,1,267,3,Male,46,3,2,Human Resources,1,Single,8565,12272,1,Y,Yes,19,4,4,80,3,27,6,2,4,2,4,4
46,No,Travel_Rarely,1019,Human Resources,21,3,Life Sciences,1,268,1,Female,73,1,1,Laboratory Technician,3,Single,4822,3755,9,Y,Yes,19,3,2,80,0,28,2,2,5,5,2,3
35,No,Travel_Rarely,391,Research & Development,28,4,Marketing,1,269,1,Female,70,4,2,Research Scientist,3,Single,6262,5390,5,Y,No,23,3,2,80,1,15,1,4,8,5,1,4
35,Yes,Travel_Rarely,855,Research & Development,4,3,Medical,1,270,3,Female,44,3,1,Sales Executive,3,Divorced,5438,7816,4,Y,No,19,4,3,80,0,14,3,3,5,2,1,5
19,No,Travel_Rarely,1406,Research & Development,16,4,Life Sciences,1,271,3,Male,73,4,3,Human Resources,2,Single,9219,19600,2,Y,No,23,4,2,80,3,0,3,3,0,0,0,0
52,Yes,Travel_Rarely,476,Human Resources,22,1,Medical,1,272,1,Male,87,3,3,Research Director,2,Divorced,12729,19587,0,Y,No,23,3,4,80,0,34,4,3,2,2,2,2
33,No,Travel_Rarely,1279,Sales,12,3,Life Sciences,1,273,1,Male,79,3,1,Manufacturing Director,3,Married,5519,3890,2,Y,No,15,4,2,80,1,15,3,4,7,5,1,4
58,Yes,Travel_Frequently,607,Research & Development,16,2,Life Sciences,1,274,1,Female,81,3,1,Sales Representative,2,Married,7080,13223,3,Y,No,24,3,4,80,0,38,5,4,5,5,2,5
53,No,Travel_Rarely,627,Research & Development,19,3,Medical,1,275,4,Female,99,3,1,Laboratory Technician,2,Single,6040,15829,1,Y,No,20,3,4,80,0,33,4,1,6,5,5,4
50,No,Travel_Rarely,1478,Research & Development,8,1,Medical,1,276,1,Male,97,3,5,Laboratory Technician,4,Single,17759,26966,1,Y,No,22,3,3,80,0,34,6,3,16,7,1,4
21,No,Travel_Frequently,658,Sales,6,5,Medical,1,277,4,Male,92,4,3,Manufacturing Director,1,Divorced,9983,9688,3,Y,No,19,3,3,80,1,2,3,2,2,2,2,2
50,Yes,Travel_Rarely,1310,Research & Development,10,2,Medical,1,278,2,Male,87,4,2,Research Scientist,2,Single,8062,8500,4,Y,No,11,3,3,80,0,32,5,2,5,2,1,2
31,Yes,Travel_Frequently,1154,Sales,5,4,Life Sciences,1,279,4,Female,52,1,2,Manufacturing Director,1,Single,7570,8716,1,Y,No,12,3,4,80,0,12,1,3,12,3,1,11
38,No,Travel_Frequently,359,Research & Development,29,3,Human Resources,1,280,1,Female,73,2,1,Laboratory Technician,2,Single,5715,5746,4,Y,No,20,3,2,80,0,19,3,3,7,4,3,2
37,No,Travel_Rarely,520,Research & Development,18,5,Marketing,1,281,2,Female,73,3,2,Research Director,3,Single,7743,26674,8,Y,No,15,3,3,80,1,22,1,3,4,4,1,4
25,No,Travel_Frequently,403,Sales,10,3,Technical Degree,1,282,4,Male,81,3,2,Research Scientist,2,Single,7677,20579,3,Y,No,15,3,3,80,2,4,6,3,4,4,1,4
24,No,Travel_Rarely,1041,Research & Development,10,4,Life Sciences,1,283,4,Female,96,3,2,Human Resources,2,Married,7645,23049,7,Y,Yes,16,3,2,80,1,9,3,2,4,3,1,4
20,No,Travel_Rarely,1162,Sales,7,1,Human Resources,1,284,3,Female,57,2,4,Laboratory Technician,1,Married,11507,15014,8,Y,No,24,3,2,80,1,2,3,1,2,2,2,2
34,Yes,Travel_Rarely,641,Research & Development,18,4,Marketing,1,285,2,Male,96,3,2,Manufacturing Director,3,Married,7555,17675,0,Y,Yes,18,3,3,80,0,15,0,3,6,4,1,5
50,No,Travel_Rarely,1401,Research & Development,1,4,Marketing,1,286,3,Male,47,3,1,Laboratory Technician,4,Single,7759,11193,0,Y,Yes,22,3,4,80,1,29,6,3,7,4,2,3
29,No,Non-Travel,1326,Sales,7,2,Life Sciences,1,287,2,Male,56,3,2,Laboratory Technician,1,Divorced,8126,25733,3,Y,No,11,3,4,80,1,13,5,3,6,4,3,6
39,No,Travel_Rarely,1189,Sales,21,1,Marketing,1,288,4,Male,80,3,2,Research Director,3,Divorced,8237,22782,4,Y,No,20,4,3,80,0,20,3,3,3,1,1,2
39,No,Travel_Rarely,207,Human Resources,1,3,Human Resources,1,289,3,Female,89,2,4,Research Director,3,Single,11876,5629,2,Y,No,22,3,2,80,0,20,1,4,5,4,1,4
47,No,Travel_Rarely,367,Sales,15,4,Medical,1,290,1,Male,78,2,2,Manager,1,Married,9095,9766,2,Y,No,19,3,4,80,0,31,2,3,10,6,3,7
55,No,Travel_Rarely,321,Sales,4,3,Medical,1,291,4,Female,44,3,2,Manufacturing Director,2,Single,10018,8147,5,Y,No,14,4,2,80,0,37,1,1,8,3,1,6
55,No,Travel_Rarely,1213,Research & Development,28,3,Human Resources,1,292,2,Male,97,4,2,Sales Executive,3,Divorced,7256,17113,0,Y,Yes,18,3,1,80,0,40,5,3,11,5,2,2
25,Yes,Travel_Rarely,792,Research & Development,29,2,Medical,1,293,2,Male,44,3,2,Manufacturing Director,4,Married,7261,16442,9,Y,Yes,22,3,2,80,0,5,3,3,5,4,3,5
44,Yes,Travel_Frequently,354,Research & Development,20,1,Medical,1,294,3,Male,80,3,2,Research Director,2,Divorced,8246,16410,1,Y,No,23,3,2,80,0,28,4,3,8,4,2,4
44,Yes,Travel_Rarely,352,Sales,10,4,Medical,1,295,3,Male,77,3,5,Manager,1,Single,15903,3063,8,Y,No,22,3,1,80,1,24,0,3,8,3,6,7
51,No,Travel_Rarely,356,Sales,23,1,Human Resources,1,296,2,Male,30,3,1,Research Scientist,1,Married,5914,10830,1,Y,No,15,3,4,80,1,33,4,3,10,0,1,6
38,No,Travel_Rarely,482,Sales,9,3,Life Sciences,1,297,4,Male,36,3,1,Laboratory Technician,1,Single,5481,12934,1,Y,Yes,11,3,4,80,2,23,0,2,5,2,2,5
47,No,Travel_Rarely,541,Sales,2,4,Medical,1,298,3,Male,82,3,3,Sales Representative,1,Married,12433,11334,1,Y,Yes,24,3,4,80,0,27,0,3,9,5,1,4
50,No,Travel_Frequently,698,Research & Development,28,2,Medical,1,299,1,Male,60,1,1,Manufacturing Director,4,Married,6202,12312,9,Y,Yes,19,3,3,80,0,35,4,2,15,1,2,4
45,No,Travel_Rarely,1213,Research & Development,14,3,Marketing,1,300,2,Male,47,4,1,Manufacturing Director,4,Single,6932,5275,0,Y,No,18,3,1,80,3,28,5,3,4,3,2,4
50,Yes,Travel_Rarely,489,Sales,16,1,Medical,1,301,1,Male,41,1,2,Healthcare Representative,3,Married,8414,2976,5,Y,Yes,15,3,2,80,0,30,3,3,8,4,4,8
22,No,Travel_Rarely,681,Research & Development,1,3,Technical Degree,1,302,2,Male,77,4,1,Research Director,4,Married,4927,14383,7,Y,No,24,3,1,80,2,7,1,3,7,3,2,0
36,No,Travel_Frequently,1167,Research & Development,2,2,Human Resources,1,303,1,Female,59,4,5,Sales Representative,1,Divorced,15441,13406,5,Y,No,21,3,1,80,1,20,4,3,10,4,0,2
21,No,Travel_Rarely,697,Human Resources,7,4,Life Sciences,1,304,4,Male,36,3,2,Human Resources,4,Single,7021,13739,2,Y,No,24,3,1,80,1,2,2,1,2,2,2,2
52,No,Travel_Rarely,118,Human Resources,29,3,Life Sciences,1,305,2,Female,32,2,2,Healthcare Representative,2,Divorced,9225,6069,9,Y,Yes,14,3,1,80,0,33,0,4,10,6,3,1
34,No,Travel_Frequently,1224,Research & Development,10,3,Life Sciences,1,306,4,Male,92,3,1,Sales Executive,2,Divorced,5793,17604,8,Y,Yes,18,3,1,80,2,13,1,3,13,4,3,1
45,No,Travel_Rarely,706,Sales,22,3,Life Sciences,1,307,3,Female,35,3,1,Manufacturing Director,3,Divorced,4105,16612,2,Y,No,19,3,1,80,0,29,6,3,9,5,4,3
47,Yes,Travel_Frequently,1480,Sales,20,2,Medical,1,308,2,Male,44,4,2,Manager,1,Married,7684,18334,4,Y,No,17,3,3,80,0,32,6,2,8,3,1,4
46,No,Travel_Frequently,132,Research & Development,1,4,Technical Degree,1,309,4,Female,72,3,2,Manager,4,Divorced,9073,8402,9,Y,No,14,3,1,80,1,28,2,2,1,0,1,1
23,No,Travel_Rarely,1352,Sales,13,3,Technical Degree,1,310,1,Male,47,3,3,Human Resources,3,Married,7765,14333,9,Y,No,17,4,1,80,1,2,1,3,2,2,2,2
52,No,Travel_Rarely,961,Research & Development,1,3,Life Sciences,1,311,4,Female,51,4,1,Healthcare Representative,3,Single,6295,2345,3,Y,No,16,4,4,80,2,33,3,3,7,7,1,3
58,No,Travel_Rarely,254,Research & Development,5,2,Life Sciences,1,312,2,Male,90,4,2,Healthcare Representative,4,Married,9656,6942,7,Y,Yes,21,3,1,80,0,39,2,2,7,3,2,5
54,Yes,Travel_Rarely,1004,Research & Development,16,4,Medical,1,313,4,Male,90,3,1,Manager,3,Married,6217,21326,1,Y,Yes,22,4,1,80,1,33,5,3,7,4,3,5
41,No,Non-Travel,1369,Research & Development,15,2,Medical,1,314,1,Female,82,4,2,Manager,1,Divorced,7786,25788,2,Y,No,13,3,4,80,1,25,5,3,8,4,1,5
46,No,Travel_Rarely,504,Research & Development,17,3,Life Sciences,1,315,1,Male,55,3,2,Laboratory Technician,4,Married,8957,19460,1,Y,No,20,4,4,80,0,29,4,3,8,2,3,5
48,No,Travel_Rarely,943,Research & Development,28,2,Technical Degree,1,316,1,Male,69,3,1,Manager,2,Single,7207,11363,1,Y,No,13,3,4,80,1,28,1,3,4,3,4,4
52,No,Travel_Frequently,1284,Research & Development,23,4,Technical Degree,1,317,3,Male,37,3,2,Research Director,2,Married,8453,5770,5,Y,No,11,3,2,80,0,37,6,4,4,2,0,3
50,No,Travel_Rarely,846,Sales,16,2,Life Sciences,1,318,2,Female,50,3,1,Manager,4,Divorced,6099,24036,3,Y,No,24,3,1,80,1,35,5,2,6,1,2,5
38,No,Travel_Rarely,1240,Research & Development,13,4,Technical Degree,1,319,1,Female,72,3,2,Healthcare Representative,3,Single,7514,13353,1,Y,No,23,4,1,80,3,21,5,3,9,5,2,3
49,No,Travel_Rarely,370,Sales,11,4,Life Sciences,1,320,3,Male,50,3,2,Laboratory Technician,3,Married,7042,10424,2,Y,Yes,15,3,1,80,1,32,4,2,7,2,1,3
40,No,Travel_Rarely,869,Research & Development,17,2,Marketing,1,321,1,Female,32,3,1,Sales Executive,2,Married,5873,13990,2,Y,Yes,18,3,4,80,2,23,4,3,8,4,3,3
50,Yes,Travel_Frequently,271,Research & Development,17,3,Medical,1,322,4,Male,60,3,4,Healthcare Representative,2,Single,14807,10048,9,Y,No,22,4,3,80,2,35,5,3,5,2,1,3
20,No,Travel_Rarely,373,Research & Development,2,1,Life Sciences,1,323,2,Male,56,3,2,Manager,1,Single,7473,14099,7,Y,No,16,3,1,80,1,4,1,2,4,4,1,4
35,No,Travel_Rarely,358,Research & Development,13,3,Technical Degree,1,324,4,Female,56,3,4,Manager,3,Married,12163,13891,2,Y,No,18,3,4,80,2,18,1,3,9,4,0,5
42,No,Travel_Rarely,1258,Research & Development,14,4,Medical,1,325,3,Female,86,3,1,Manager,1,Divorced,4918,17573,8,Y,No,17,3,4,80,0,22,0,3,2,2,1,2
59,No,Travel_Rarely,521,Research & Development,11,3,Marketing,1,326,4,Female,62,2,4,Laboratory Technician,2,Single,14797,18834,2,Y,No,12,4,4,80,2,40,0,2,7,3,1,3
48,No,Travel_Rarely,1309,Sales,28,3,Life Sciences,1,327,4,Male,73,4,1,Manufacturing Director,2,Married,7063,11554,5,Y,No,18,4,2,80,0,27,2,3,5,5,2,3
20,Yes,Travel_Rarely,463,Research & Development,10,2,Life Sciences,1,328,1,Male,72,4,2,Laboratory Technician,2,Married,6783,2350,9,Y,Yes,14,4,4,80,2,3,6,4,3,2,2,3
57,No,Travel_Rarely,477,Research & Development,3,3,Life Sciences,1,329,4,Male,60,3,4,Research Scientist,2,Divorced,14851,11500,2,Y,No,21,3,3,80,1,40,2,3,10,3,2,5
41,Yes,Non-Travel,679,Research & Development,29,2,Medical,1,330,1,Male,94,2,1,Research Director,1,Divorced,6753,6004,5,Y,No,15,3,2,80,2,20,2,3,2,2,2,2
49,No,Travel_Rarely,990,Human Resources,27,4,Medical,1,331,1,Male,46,4,1,Sales Representative,2,Married,5888,13117,1,Y,No,21,3,4,80,2,34,0,3,2,2,1,2
39,No,Travel_Rarely,821,Sales,17,3,Life Sciences,1,332,2,Female,44,4,3,Research Director,4,Divorced,10504,23062,1,Y,No,23,3,3,80,1,24,4,2,9,5,1,4
40,No,Travel_Rarely,1319,Research & Development,15,4,Medical,1,333,3,Female,63,3,2,Manager,3,Single,9567,18628,4,Y,No,18,3,3,80,1,19,5,2,8,5,4,2
19,No,Travel_Frequently,980,Research & Development,9,2,Medical,1,334,3,Male,33,2,2,Sales Representative,2,Married,6422,23029,9,Y,No,15,3,1,80,2,4,3,3,4,4,4,4
44,No,Travel_Rarely,1221,Research & Development,10,3,Medical,1,335,3,Male,57,3,1,Sales Executive,3,Married,5066,15015,3,Y,Yes,15,3,4,80,0,29,3,3,9,4,3,5
59,No,Travel_Rarely,704,Sales,8,3,Medical,1,336,1,Female,31,3,2,Healthcare Representative,2,Single,9244,6734,8,Y,Yes,16,4,4,80,0,40,6,2,8,2,3,2
19,No,Non-Travel,121,Research & Development,21,1,Technical Degree,1,337,3,Male,46,2,1,Manufacturing Director,1,Married,3329,14871,8,Y,Yes,17,3,1,80,0,0,5,3,0,0,0,0
43,No,Travel_Rarely,1295,Research & Development,13,3,Medical,1,338,1,Female,87,3,4,Laboratory Technician,3,Single,13785,17162,1,Y,Yes,19,3,3,80,1,25,1,3,8,0,1,6
34,No,Travel_Rarely,482,Sales,27,4,Medical,1,339,2,Male,38,3,2,Research Scientist,1,Divorced,7063,18824,2,Y,No,24,3,4,80,0,15,0,3,7,3,3,2
57,No,Travel_Rarely,233,Research & Development,18,4,Life Sciences,1,340,3,Male,60,4,2,Human Resources,2,Married,9836,13737,5,Y,No,21,3,1,80,0,40,1,3,7,7,1,4
50,No,Travel_Rarely,1148,Research & Development,5,3,Life Sciences,1,341,1,Female,95,3,1,Research Director,4,Married,5971,11659,3,Y,No,17,3,1,80,0,30,3,4,6,4,1,3
26,No,Travel_Frequently,602,Research & Development,6,3,Life Sciences,1,342,3,Male,91,3,4,Research Scientist,4,Single,10441,24299,0,Y,No,16,3,3,80,0,11,1,4,5,5,1,3
56,No,Travel_Rarely,1308,Research & Development,17,1,Medical,1,343,3,Male,48,4,2,Manager,4,Single,9785,18795,9,Y,No,22,4,3,80,0,38,0,3,6,1,1,4
46,No,Travel_Rarely,1208,Research & Development,11,4,Life Sciences,1,344,2,Male,84,3,3,Laboratory Technician,4,Divorced,11358,2813,6,Y,No,20,3,4,80,0,26,0,3,4,3,2,3
59,No,Travel_Frequently,243,Research & Development,20,1,Life Sciences,1,345,4,Female,57,3,1,Laboratory Technician,4,Married,7694,23062,2,Y,Yes,14,3,4,80,0,38,0,3,9,5,4,5
43,No,Travel_Rarely,323,Research & Development,16,5,Marketing,1,346,3,Female,79,3,3,Healthcare Representative,1,Divorced,10461,20114,4,Y,No,24,3,2,80,1,25,3,2,7,2,2,4
52,No,Travel_Rarely,319,Sales,9,3,Life Sciences,1,347,2,Male,94,3,2,Sales Representative,4,Single,8596,8643,0,Y,Yes,21,3,3,80,0,36,0,3,3,3,1,3
42,No,Travel_Rarely,278,Sales,2,3,Life Sciences,1,348,3,Male,32,4,1,Sales Representative,2,Single,6241,15269,3,Y,No,20,3,2,80,3,21,2,3,10,7,1,10
41,No,Travel_Rarely,532,Research & Development,5,4,Life Sciences,1,349,3,Female,81,2,2,Sales Executive,1,Married,9555,20358,8,Y,No,22,4,2,80,1,25,2,3,9,5,3,2
30,No,Travel_Rarely,364,Research & Development,1,1,Marketing,1,350,3,Male,39,2,1,Sales Representative,1,Married,4968,2549,8,Y,No,12,3,1,80,0,14,6,3,7,5,2,4
24,Yes,Travel_Rarely,1053,Sales,4,3,Life Sciences,1,351,3,Female,50,4,1,Sales Representative,4,Single,4819,16452,2,Y,Yes,21,4,1,80,0,7,5,3,7,1,2,4
53,No,Travel_Rarely,528,Research & Development,4,3,Medical,1,352,4,Male,66,3,2,Manager,3,Married,9042,20321,3,Y,Yes,23,3,4,80,1,32,6,3,6,6,4,3
37,No,Travel_Rarely,515,Research & Development,22,2,Medical,1,353,4,Male,44,3,2,Manager,2,Married,6785,2203,5,Y,No,21,3,3,80,0,22,0,3,12,6,2,6
18,No,Travel_Frequently,826,Sales,26,3,Medical,1,354,3,Female,38,2,2,Research Scientist,1,Single,7273,17718,2,Y,No,19,3,3,80,3,2,2,2,2,2,2,2
25,No,Travel_Rarely,296,Research & Development,25,3,Medical,1,355,3,Male,73,2,2,Laboratory Technician,2,Married,7786,5588,0,Y,Yes,20,3,2,80,0,8,0,3,8,5,2,2
33,No,Travel_Rarely,1176,Sales,3,4,Marketing,1,356,2,Female,68,4,1,Laboratory Technician,3,Married,5768,25467,3,Y,No,21,3,2,80,1,14,3,4,3,3,1,3
31,No,Travel_Rarely,579,Research & Development,9,1,Life Sciences,1,357,2,Male,34,3,3,Laboratory Technician,1,Married,9894,4536,4,Y,Yes,15,3,4,80,3,14,2,3,7,6,1,7
29,No,Travel_Rarely,1453,Research & Development,22,4,Life Sciences,1,358,1,Male,54,3,4,Research Scientist,2,Married,12857,24172,0,Y,No,15,3,1,80,1,14,3,2,4,4,1,4
40,No,Travel_Rarely,1374,Research & Development,23,2,Life Sciences,1,359,4,Female,85,1,1,Human Resources,4,Married,6475,10298,0,Y,No,21,3,3,80,3,21,2,3,8,2,3,2
32,No,Travel_Rarely,989,Sales,12,2,Life Sciences,1,360,3,Male,93,3,1,Manager,1,Single,6416,22195,1,Y,No,22,4,3,80,3,15,4,4,6,5,1,4
45,No,Travel_Rarely,1024,Research & Development,10,2,Life Sciences,1,361,4,Female,81,3,2,Research Scientist,1,Divorced,9450,4701,2,Y,No,13,4,3,80,3,28,4,2,7,7,3,6
51,Yes,Non-Travel,222,Research & Development,2,1,Life Sciences,1,362,2,Male,38,3,2,Laboratory Technician,1,Divorced,9191,14089,4,Y,Yes,23,3,3,80,2,31,5,2,6,6,0,5
19,Yes,Travel_Rarely,1462,Research & Development,11,2,Medical,1,363,4,Female,39,3,2,Manager,1,Married,5533,12411,1,Y,Yes,13,3,1,80,0,0,5,2,0,0,0,0
49,No,Travel_Frequently,877,Sales,10,5,Medical,1,364,4,Female,39,3,2,Manufacturing Director,4,Single,9104,9825,1,Y,No,11,4,4,80,0,34,5,3,4,3,2,4
40,No,Travel_Rarely,447,Research & Development,22,3,Life Sciences,1,365,3,Male,91,3,1,Sales Representative,3,Married,5965,7974,7,Y,Yes,22,3,4,80,0,19,6,3,5,3,1,2
39,No,Travel_Frequently,128,Research & Development,6,2,Medical,1,366,3,Female,89,3,3,Manager,3,Married,11247,22320,1,Y,No,21,3,1,80,3,23,3,2,6,4,3,5
42,No,Travel_Rarely,1074,Research & Development,18,2,Life Sciences,1,367,2,Female,48,3,2,Manager,2,Divorced,9503,6090,3,Y,No,15,3,4,80,0,27,2,3,9,2,3,4
39,No,Travel_Frequently,134,Research & Development,2,4,Life Sciences,1,368,3,Male,67,3,1,Laboratory Technician,4,Divorced,5603,25340,9,Y,No,13,3,4,80,0,19,4,2,7,7,0,3
39,No,Travel_Rarely,722,Research & Development,2,4,Medical,1,369,2,Male,35,3,1,Research Director,4,Divorced,7360,12559,4,Y,No,21,3,2,80,2,20,0,3,7,4,1,7
59,No,Travel_Rarely,1417,Research & Development,10,2,Life Sciences,1,370,2,Male,44,4,2,Human Resources,2,Single,8372,11252,6,Y,No,12,3,1,80,0,39,1,3,5,2,2,3
23,No,Travel_Rarely,688,Sales,16,1,Life Sciences,1,371,1,Male,76,1,2,Manager,4,Divorced,7235,4546,2,Y,No,21,4,4,80,1,2,4,3,2,2,2,2
32,No,Travel_Rarely,1472,Research & Development,12,2,Medical,1,372,1,Male,74,2,2,Research Scientist,4,Married,6981,5736,0,Y,No,19,3,2,80,3,14,6,2,4,3,2,4
54,No,Travel_Rarely,1270,Sales,1,1,Human Resources,1,373,1,Male,34,3,5,Sales Executive,1,Divorced,15354,16600,5,Y,No,23,4,1,80,1,35,4,3,4,1,2,4
50,No,Travel_Rarely,1190,Research & Development,21,2,Medical,1,374,4,Male,82,3,1,Laboratory Technician,1,Married,6398,3672,5,Y,No,24,3,1,80,1,32,0,3,6,6,4,6
25,Yes,Travel_Rarely,1003,Sales,8,3,Life Sciences,1,375,1,Female,95,3,5,Laboratory Technician,1,Single,13394,2401,1,Y,No,20,3,3,80,1,6,4,3,6,3,3,6
22,No,Travel_Rarely,619,Research & Development,16,2,Technical Degree,1,376,3,Male,91,3,2,Research Director,4,Married,6690,17322,3,Y,No,16,3,2,80,1,6,4,3,4,3,4,4
56,No,Travel_Rarely,221,Sales,18,3,Marketing,1,377,3,Female,52,4,2,Healthcare Representative,4,Single,9567,13191,8,Y,No,13,4,2,80,0,40,4,3,5,5,4,4
21,No,Travel_Rarely,439,Research & Development,13,2,Medical,1,378,1,Male,73,3,4,Sales Executive,3,Married,12634,6313,1,Y,No,17,3,2,80,1,5,5,1,4,2,2,3
23,No,Non-Travel,274,Research & Development,15,5,Marketing,1,379,4,Male,81,4,2,Manufacturing Director,1,Divorced,5693,16665,3,Y,No,22,3,1,80,0,2,5,2,2,2,0,2
49,No,Travel_Frequently,696,Sales,21,4,Life Sciences,1,380,2,Female,75,1,1,Sales Representative,2,Single,7206,13644,3,Y,No,19,3,3,80,1,29,2,2,7,6,0,5
47,No,Non-Travel,550,Sales,12,3,Life Sciences,1,381,4,Male,48,3,4,Healthcare Representative,4,Single,13898,24736,7,Y,No,19,3,1,80,1,29,5,3,6,6,3,1
52,No,Travel_Rarely,656,Sales,8,3,Medical,1,382,4,Male,76,3,2,Manager,1,Single,10043,13826,7,Y,No,11,3,4,80,0,34,4,3,5,5,1,4
57,No,Travel_Frequently,1259,Research & Development,10,3,Medical,1,383,2,Male,81,2,2,Manufacturing Director,3,Married,9274,26863,6,Y,No,12,3,4,80,1,37,1,3,7,3,3,2
33,No,Travel_Frequently,1139,Research & Development,14,3,Medical,1,384,2,Male,53,2,4,Research Scientist,1,Divorced,11634,18471,2,Y,No,18,4,4,80,1,12,6,3,11,5,2,5
30,No,Travel_Rarely,1456,Research & Development,5,4,Medical,1,385,2,Male,46,2,2,Human Resources,3,Single,6486,25530,0,Y,Yes,21,3,3,80,0,10,5,4,8,4,1,5
59,No,Travel_Rarely,1318,Sales,18,3,Human Resources,1,386,3,Female,75,3,2,Research Scientist,3,Single,8746,18303,2,Y,No,11,3,1,80,0,40,2,3,6,3,3,3
47,No,Travel_Rarely,108,Research & Development,19,4,Technical Degree,1,387,2,Male,93,3,3,Research Scientist,4,Divorced,11702,8279,5,Y,Yes,21,4,2,80,2,30,6,3,4,3,3,4
36,No,Travel_Frequently,433,Research & Development,15,5,Technical Degree,1,388,2,Female,57,3,2,Research Scientist,3,Divorced,9121,20589,5,Y,No,22,3,4,80,2,20,2,4,8,5,4,3
34,Yes,Travel_Rarely,1456,Research & Development,6,3,Marketing,1,389,4,Female,79,1,1,Sales Executive,3,Single,4828,4967,9,Y,No,21,4,4,80,1,17,3,2,5,4,1,2
36,No,Travel_Rarely,1116,Research & Development,27,3,Human Resources,1,390,4,Male,93,3,3,Laboratory Technician,2,Married,10943,6250,3,Y,No,24,3,1,80,1,18,4,3,10,3,3,1
45,No,Travel_Rarely,426,Sales,11,1,Life Sciences,1,391,1,Male,57,2,1,Manager,3,Married,4941,21918,5,Y,No,13,4,2,80,1,29,6,2,9,3,2,4
43,No,Non-Travel,114,Sales,21,2,Life Sciences,1,392,4,Female,85,3,2,Sales Representative,2,Married,8644,26795,3,Y,Yes,21,3,3,80,2,25,1,4,11,2,2,5
54,No,Travel_Frequently,938,Sales,11,3,Medical,1,393,2,Female,88,3,4,Sales Executive,2,Married,14914,5238,1,Y,No,17,3,4,80,0,33,1,3,4,3,2,1
43,No,Non-Travel,325,Sales,20,2,Technical Degree,1,394,3,Male,34,3,1,Healthcare Representative,1,Divorced,4841,10513,3,Y,No,18,3,4,80,3,24,3,2,10,2,4,4
40,Yes,Travel_Rarely,212,Sales,20,4,Medical,1,395,4,Male,83,4,1,Healthcare Representative,1,Single,5596,4738,4,Y,Yes,15,3,4,80,1,20,1,3,10,2,2,4
26,No,Travel_Rarely,100,Sales,21,2,Marketing,1,396,4,Male,73,3,1,Sales Executive,4,Single,5212,6936,9,Y,No,24,3,2,80,1,11,6,2,3,2,2,3
29,No,Travel_Rarely,365,Research & Development,18,3,Life Sciences,1,397,2,Male,71,3,2,Manufacturing Director,4,Married,5032,3836,2,Y,No,12,3,4,80,1,14,2,4,8,4,4,1
18,No,Travel_Rarely,1331,Human Resources,25,3,Life Sciences,1,398,4,Male,86,4,4,Sales Executive,4,Married,12568,20943,9,Y,Yes,13,3,2,80,0,3,0,3,3,1,3,3
18,No,Travel_Rarely,1051,Research & Development,18,4,Marketing,1,399,4,Female,76,3,2,Sales Executive,3,Divorced,6782,3568,4,Y,No,19,4,4,80,1,0,2,3,0,0,0,0
51,No,Travel_Rarely,1492,Research & Development,10,3,Life Sciences,1,400,2,Male,54,3,1,Sales Representative,1,Married,7213,12514,1,Y,No,23,3,4,80,0,33,5,3,9,6,1,4
49,No,Travel_Rarely,405,Research & Development,2,4,Life Sciences,1,401,4,Female,73,3,2,Sales Representative,3,Single,8649,16047,1,Y,Yes,21,3,2,80,0,29,0,3,8,8,1,5
42,No,Travel_Rarely,111,Sales,26,3,Life Sciences,1,402,3,Female,44,3,3,Laboratory Technician,1,Married,9541,6720,1,Y,No,23,3,2,80,1,24,1,4,4,3,4,4
57,No,Non-Travel,1468,Research & Development,9,3,Life Sciences,1,403,1,Male,80,3,2,Sales Representative,3,Married,10047,9957,3,Y,No,20,3,3,80,0,36,4,3,6,5,2,5
18,Yes,Travel_Rarely,1491,Sales,14,1,Medical,1,404,4,Male,82,1,3,Laboratory Technician,4,Divorced,8933,13155,0,Y,No,17,3,1,80,0,2,6,4,2,2,2,2
33,No,Travel_Frequently,1036,Research & Development,19,3,Life Sciences,1,405,3,Female,63,3,1,Research Scientist,1,Married,5225,10544,3,Y,No,23,3,4,80,2,13,0,2,8,5,1,4
56,No,Travel_Rarely,519,Research & Development,10,4,Medical,1,406,4,Female,37,4,3,Manufacturing Director,1,Married,12910,8525,9,Y,Yes,11,3,4,80,3,38,2,4,8,4,3,3
22,No,Travel_Rarely,988,Human Resources,23,3,Life Sciences,1,407,1,Female,99,3,1,Laboratory Technician,2,Married,4929,18083,5,Y,No,13,3,1,80,1,5,2,3,5,5,3,3
39,Yes,Travel_Rarely,270,Sales,4,4,Marketing,1,408,2,Male,50,1,1,Sales Representative,1,Married,7216,9935,6,Y,Yes,19,3,1,80,2,24,5,4,8,5,8,6
46,Yes,Travel_Rarely,233,Sales,29,3,Life Sciences,1,409,1,Male,36,3,4,Sales Executive,1,Married,13863,26605,1,Y,No,17,3,1,80,3,29,2,3,4,4,4,4
20,No,Travel_Rarely,1064,Human Resources,29,2,Medical,1,410,4,Male,85,3,2,Manager,3,Single,6107,25898,3,Y,No,22,3,4,80,1,2,6,2,2,2,2,2
29,No,Travel_Rarely,1148,Sales,6,1,Medical,1,411,1,Male,78,4,1,Research Scientist,4,Divorced,4729,25449,1,Y,No,23,3,4,80,3,10,6,3,2,2,2,1
43,No,Travel_Rarely,1313,Research & Development,14,3,Life Sciences,1,412,1,Female,71,3,4,Research Director,2,Married,13832,8737,8,Y,No,23,3,4,80,0,27,5,2,9,4,3,7
33,No,Travel_Rarely,1264,Research & Development,4,4,Technical Degree,1,413,2,Male,52,4,2,Healthcare Representative,3,Married,8512,4540,1,Y,No,23,3,2,80,1,12,2,3,7,4,3,0
54,No,Travel_Rarely,757,Research & Development,26,4,Medical,1,414,4,Female,81,4,1,Laboratory Technician,1,Divorced,5706,22203,3,Y,No,24,3,3,80,0,33,3,3,2,1,2,2
39,No,Non-Travel,1438,Human Resources,15,3,Medical,1,415,1,Male,82,2,2,Sales Representative,3,Divorced,8186,26407,4,Y,No,12,3,3,80,2,24,1,2,10,0,5,2
46,No,Travel_Frequently,1442,Human Resources,16,3,Life Sciences,1,416,1,Female,45,4,4,Research Scientist,4,Divorced,15027,19218,3,Y,No,16,3,1,80,2,28,4,4,3,3,0,3
31,No,Travel_Frequently,1215,Sales,7,3,Human Resources,1,417,2,Female,66,3,2,Healthcare Representative,2,Divorced,7347,21708,7,Y,No,19,3,1,80,0,10,5,4,6,5,2,2
45,No,Travel_Rarely,278,Research & Development,17,3,Marketing,1,418,3,Male,47,3,1,Research Director,3,Single,6904,19013,1,Y,No,14,3,4,80,1,25,3,4,5,5,1,1
22,No,Travel_Frequently,1179,Research & Development,19,2,Life Sciences,1,419,4,Female,49,3,2,Sales Executive,1,Married,7214,4986,2,Y,No,20,3,3,80,2,1,1,3,1,1,1,1
47,No,Travel_Frequently,1278,Research & Development,29,2,Life Sciences,1,420,3,Male,75,3,2,Sales Executive,3,Married,9584,26605,6,Y,No,12,3,3,80,2,30,6,3,6,1,4,6
22,No,Travel_Rarely,210,Sales,19,2,Marketing,1,421,3,Male,31,3,3,Laboratory Technician,1,Married,8672,16958,3,Y,Yes,13,3,2,80,0,4,5,3,4,4,2,1
29,No,Non-Travel,236,Research & Development,17,1,Medical,1,422,2,Female,92,3,1,Laboratory Technician,2,Divorced,4235,26463,2,Y,No,17,3,4,80,2,9,0,2,6,3,2,2
33,No,Travel_Rarely,331,Human Resources,6,2,Marketing,1,423,2,Female,32,4,2,Sales Representative,2,Married,7716,26317,0,Y,No,14,3,4,80,0,18,3,4,3,0,2,3
43,No,Non-Travel,1091,Research & Development,29,1,Medical,1,424,4,Male,75,3,1,Manager,3,Married,4774,22166,6,Y,No,17,3,3,80,1,22,5,4,5,5,3,5
43,No,Non-Travel,567,Research & Development,11,3,Medical,1,425,3,Male,78,3,2,Sales Representative,2,Divorced,8284,8485,9,Y,No,15,3,3,80,0,28,6,3,8,2,2,2
38,No,Travel_Rarely,831,Sales,16,3,Life Sciences,1,426,1,Female,30,3,5,Manufacturing Director,4,Single,15802,23790,4,Y,Yes,24,3,2,80,0,21,3,4,6,4,3,4
56,Yes,Travel_Rarely,580,Research & Development,25,5,Life Sciences,1,427,3,Female,51,1,1,Research Scientist,3,Married,8467,21852,7,Y,Yes,18,3,2,80,0,40,3,3,6,2,3,4
53,No,Non-Travel,1191,Research & Development,8,2,Medical,1,428,2,Male,43,3,1,Research Scientist,1,Married,7122,25528,3,Y,No,18,3,4,80,0,34,3,3,5,5,1,3
50,Yes,Travel_Rarely,913,Research & Development,11,3,Other,1,429,1,Female,74,4,2,Sales Executive,3,Single,9560,13772,1,Y,No,15,4,2,80,1,29,0,4,6,4,0,3
47,No,Travel_Rarely,1372,Research & Development,7,3,Life Sciences,1,430,1,Male,35,2,3,Human Resources,1,Single,12251,12152,0,Y,No,17,3,3,80,0,32,2,3,10,3,0,2
54,No,Non-Travel,1093,Sales,26,1,Medical,1,431,2,Male,94,4,1,Sales Representative,2,Divorced,6108,14531,5,Y,No,21,3,4,80,2,37,6,3,6,3,1,4
40,No,Travel_Rarely,422,Research & Development,24,4,Medical,1,432,1,Male,50,3,2,Laboratory Technician,1,Married,8127,26796,3,Y,Yes,16,4,3,80,3,24,3,3,13,2,2,3
27,No,Travel_Rarely,1021,Research & Development,22,1,Medical,1,433,3,Male,33,3,4,Research Scientist,1,Divorced,14160,23659,6,Y,No,23,3,4,80,2,11,1,3,9,1,1,1
22,No,Travel_Rarely,1003,Research & Development,25,5,Technical Degree,1,434,2,Female,32,3,3,Laboratory Technician,1,Married,9256,7867,5,Y,No,18,3,4,80,1,5,2,3,5,5,2,2
53,No,Travel_Rarely,705,Research & Development,19,4,Marketing,1,435,4,Male,59,3,2,Sales Representative,1,Single,10193,24900,9,Y,No,19,3,3,80,1,36,0,3,7,4,1,1
51,No,Travel_Rarely,528,Research & Development,26,3,Life Sciences,1,436,2,Female,60,3,2,Healthcare Representative,4,Married,9910,6626,3,Y,Yes,15,3,4,80,0,36,4,3,3,3,0,3
48,No,Travel_Rarely,1392,Research & Development,10,3,Other,1,437,4,Male,63,3,4,Laboratory Technician,1,Married,12717,4262,2,Y,Yes,17,4,4,80,0,31,0,3,7,6,2,6
27,No,Travel_Rarely,247,Sales,9,3,Marketing,1,438,4,Female,49,4,1,Human Resources,3,Divorced,4968,4414,1,Y,Yes,24,4,2,80,2,8,4,3,8,7,1,3
36,No,Travel_Rarely,1241,Human Resources,4,3,Technical Degree,1,439,2,Female,83,3,1,Research Scientist,4,Single,5557,12353,3,Y,No,11,4,3,80,0,18,1,4,8,7,2,5
49,No,Travel_Frequently,949,Research & Development,23,3,Medical,1,440,2,Female,54,3,2,Sales Representative,1,Divorced,9243,17559,8,Y,Yes,21,4,3,80,3,32,4,1,7,2,1,2
18,Yes,Travel_Rarely,466,Research & Development,15,1,Technical Degree,1,441,4,Female,44,3,2,Manager,1,Divorced,5896,14312,0,Y,Yes,18,3,2,80,0,0,5,2,0,0,0,0
22,Yes,Travel_Rarely,949,Research & Development,13,1,Life Sciences,1,442,4,Male,67,2,3,Manager,1,Divorced,8426,7240,9,Y,No,13,3,4,80,0,6,3,2,6,6,1,3
21,No,Travel_Rarely,1189,Research & Development,25,3,Life Sciences,1,443,1,Female,52,2,1,Sales Representative,4,Married,3859,16053,9,Y,No,11,3,1,80,0,2,2,4,2,1,2,2
33,No,Travel_Rarely,912,Research & Development,2,3,Technical Degree,1,444,2,Female,81,3,3,Manager,1,Divorced,10121,11049,4,Y,No,16,3,1,80,2,18,6,3,2,2,2,2
41,No,Travel_Rarely,1493,Research & Development,2,4,Life Sciences,1,445,2,Male,95,3,3,Research Scientist,1,Married,11787,7122,2,Y,No,24,3,3,80,1,25,5,4,15,3,0,3
33,No,Travel_Rarely,274,Sales,16,2,Life Sciences,1,446,1,Female,86,3,2,Healthcare Representative,1,Single,9153,6993,1,Y,No,23,3,2,80,0,14,2,3,6,6,1,6
19,No,Non-Travel,687,Research & Development,9,4,Marketing,1,447,2,Male,86,3,3,Laboratory Technician,2,Single,10197,20876,1,Y,No,18,4,4,80,1,3,3,3,3,3,3,3
45,No,Travel_Rarely,594,Sales,28,2,Marketing,1,448,1,Male,81,1,1,Human Resources,3,Divorced,6848,17613,0,Y,No,21,3,2,80,3,25,2,3,3,3,2,2
49,Yes,Travel_Rarely,1072,Research & Development,13,3,Life Sciences,1,449,1,Female,64,1,1,Research Director,1,Single,5676,10211,3,Y,Yes,13,3,4,80,1,29,0,2,8,8,2,5
44,No,Travel_Rarely,1237,Sales,3,3,Technical Degree,1,450,2,Male,43,3,3,Research Scientist,3,Married,10752,15515,0,Y,No,11,3,3,80,0,27,3,3,5,5,4,4
37,No,Travel_Rarely,1234,Research & Development,9,3,Medical,1,451,3,Female,43,3,2,Sales Executive,2,Single,8187,10997,6,Y,No,13,3,3,80,0,19,3,3,5,5,0,5
41,No,Travel_Rarely,1270,Research & Development,13,2,Medical,1,452,4,Male,62,3,1,Manufacturing Director,2,Single,5334,18335,2,Y,No,15,3,1,80,2,25,2,3,6,3,3,6
29,No,Travel_Rarely,134,Research & Development,21,3,Marketing,1,453,2,Male,81,4,2,Manufacturing Director,1,Single,7841,4175,1,Y,No,21,3,2,80,1,10,6,3,9,3,1,4
52,No,Travel_Rarely,1098,Research & Development,22,4,Medical,1,454,3,Male,30,2,4,Research Scientist,3,Divorced,14796,4405,4,Y,No,18,3,3,80,3,31,5,2,5,5,2,5
50,No,Travel_Rarely,1432,Research & Development,2,3,Life Sciences,1,455,1,Male,63,3,2,Sales Representative,4,Married,9489,21747,9,Y,Yes,19,3,2,80,1,30,4,2,3,0,3,2
50,No,Travel_Rarely,637,Sales,8,3,Life Sciences,1,456,3,Female,48,3,1,Laboratory Technician,1,Divorced,7380,9341,5,Y,No,23,3,3,80,0,30,6,3,6,4,2,5
54,No,Travel_Rarely,849,Research & Development,27,4,Medical,1,457,2,Male,53,3,2,Sales Representative,4,Married,8656,26284,3,Y,No,22,3,4,80,0,38,6,3,6,3,3,5
29,No,Travel_Rarely,1137,Research & Development,9,4,Medical,1,458,2,Male,33,3,3,Sales Representative,2,Divorced,10626,13156,6,Y,No,19,3,4,80,1,14,1,2,8,7,3,3
20,No,Travel_Rarely,473,Sales,16,3,Marketing,1,459,3,Male,65,4,1,Sales Executive,2,Married,3603,17963,6,Y,Yes,14,3,1,80,0,0,6,3,0,0,0,0
18,No,Travel_Rarely,656,Research & Development,2,2,Marketing,1,460,2,Male,87,4,1,Manager,3,Married,3247,19989,8,Y,No,18,4,3,80,3,0,4,2,0,0,0,0
50,No,Travel_Rarely,332,Research & Development,6,4,Medical,1,461,4,Female,61,1,2,Manufacturing Director,4,Married,9485,20941,1,Y,Yes,21,4,1,80,0,32,0,3,11,4,2,8
57,No,Travel_Rarely,804,Research & Development,22,3,Marketing,1,462,3,Male,38,2,2,Research Director,4,Married,10592,17779,7,Y,No,15,3,1,80,1,39,3,3,6,6,1,5
27,No,Travel_Rarely,662,Sales,8,2,Life Sciences,1,463,1,Female,96,3,1,Research Director,1,Divorced,5110,20426,1,Y,Yes,13,4,3,80,0,10,3,4,8,4,4,4
46,No,Travel_Rarely,1038,Research & Development,26,2,Life Sciences,1,464,3,Female,49,3,1,Laboratory Technician,3,Married,6256,2778,9,Y,Yes,15,3,3,80,0,29,0,3,4,3,4,3
30,No,Travel_Rarely,986,Sales,28,4,Technical Degree,1,465,3,Female,91,2,1,Manufacturing Director,3,Divorced,5208,5159,1,Y,No,12,4,4,80,1,15,1,3,9,3,1,4
29,Yes,Travel_Rarely,825,Sales,5,1,Life Sciences,1,466,3,Female,87,3,1,Sales Executive,4,Divorced,4989,8395,8,Y,No,21,3,1,80,1,13,3,2,7,4,2,4
48,No,Travel_Rarely,1398,Research & Development,9,5,Life Sciences,1,467,3,Male,51,3,1,Research Scientist,2,Single,5499,3746,9,Y,No,21,3,4,80,0,27,4,2,3,3,1,3
19,No,Travel_Rarely,175,Research & Development,1,2,Medical,1,468,1,Male,96,3,2,Sales Representative,3,Married,5585,7974,1,Y,No,21,3,2,80,0,3,0,4,3,3,0,1
52,No,Non-Travel,538,Research & Development,9,4,Life Sciences,1,469,1,Female,77,2,2,Sales Representative,2,Single,9156,7150,9,Y,No,16,3,2,80,1,33,3,3,6,5,1,3
40,No,Travel_Rarely,798,Sales,10,3,Technical Degree,1,470,1,Female,37,3,2,Human Resources,1,Married,8323,14132,0,Y,No,11,3,1,80,2,19,4,1,9,5,1,4
34,No,Travel_Frequently,1412,Research & Development,23,3,Life Sciences,1,471,3,Female,44,3,2,Human Resources,3,Married,7789,18804,1,Y,No,16,3,1,80,0,15,0,2,5,5,2,4
43,No,Travel_Rarely,1014,Research & Development,4,4,Life Sciences,1,472,4,Female,61,2,1,Human Resources,3,Divorced,6540,12043,3,Y,No,23,3,3,80,1,22,0,3,16,7,3,5
25,No,Travel_Rarely,990,Research & Development,3,3,Life Sciences,1,473,4,Male,82,3,2,Manager,1,Single,6887,20492,9,Y,No,15,3,3,80,0,8,0,2,7,2,3,2
46,Yes,Travel_Rarely,791,Research & Development,10,3,Medical,1,474,1,Male,96,3,1,Research Director,3,Single,6690,6674,3,Y,No,23,3,1,80,1,28,1,3,11,5,0,2
43,No,Travel_Rarely,352,Sales,15,1,Life Sciences,1,475,4,Female,33,4,1,Human Resources,4,Single,5884,23729,4,Y,No,19,3,1,80,1,23,0,3,6,2,1,4
27,No,Travel_Rarely,1249,Research & Development,11,1,Medical,1,476,4,Female,59,4,1,Sales Representative,4,Married,6178,5996,5,Y,No,23,3,2,80,0,12,6,3,8,5,1,2
43,No,Non-Travel,1300,Research & Development,14,2,Technical Degree,1,477,4,Male,42,3,5,Manufacturing Director,1,Divorced,16064,24466,9,Y,No,24,3,4,80,1,22,5,3,10,2,3,7
51,No,Travel_Rarely,1160,Sales,6,4,Technical Degree,1,478,4,Female,50,3,1,Manufacturing Director,2,Divorced,8512,11550,6,Y,No,17,3,2,80,0,30,2,2,4,4,2,3
58,No,Non-Travel,509,Sales,12,2,Life Sciences,1,479,4,Male,70,3,4,Manager,2,Married,14981,22294,1,Y,No,16,3,2,80,0,40,2,3,7,2,0,1
24,No,Travel_Rarely,226,Sales,13,2,Medical,1,480,2,Male,48,3,2,Manufacturing Director,3,Divorced,6809,4626,1,Y,No,21,3,4,80,1,4,0,3,4,2,0,2
21,Yes,Travel_Frequently,1291,Sales,17,3,Medical,1,481,1,Female,77,3,2,Sales Representative,2,Married,6020,2490,0,Y,No,22,3,1,80,1,6,3,3,5,4,2,5
28,No,Travel_Rarely,691,Research & Development,16,3,Human Resources,1,482,3,Female,92,1,3,Research Director,2,Single,8645,11487,5,Y,No,17,3,1,80,2,7,6,3,4,4,2,3
46,No,Travel_Frequently,393,Research & Development,3,4,Other,1,483,4,Male,49,3,1,Research Director,1,Single,5446,24316,1,Y,No,20,3,2,80,0,31,6,4,10,9,1,0
53,No,Travel_Rarely,1466,Sales,2,2,Life Sciences,1,484,2,Male,93,2,1,Research Director,2,Divorced,6096,12273,1,Y,Yes,15,3,2,80,2,35,2,2,7,4,2,5
42,No,Travel_Rarely,1119,Sales,11,1,Medical,1,485,3,Male,66,2,5,Research Scientist,2,Married,16235,21755,8,Y,Yes,11,3,4,80,0,26,4,3,8,4,1,1
38,No,Travel_Rarely,409,Research & Development,29,5,Life Sciences,1,486,2,Female,60,3,2,Research Scientist,2,Married,7679,15684,2,Y,No,19,3,3,80,0,18,4,3,10,0,0,7
53,No,Travel_Frequently,761,Research & Development,9,2,Life Sciences,1,487,4,Male,47,4,1,Research Scientist,4,Married,6949,13366,4,Y,No,15,3,3,80,1,33,3,3,7,2,1,4
27,No,Travel_Rarely,627,Research & Development,3,4,Life Sciences,1,488,4,Female,49,3,1,Research Scientist,4,Married,5745,22448,2,Y,Yes,14,3,1,80,1,9,4,1,9,4,1,5
54,Yes,Travel_Frequently,639,Research & Development,29,4,Medical,1,489,4,Female,40,3,4,Manufacturing Director,1,Divorced,14309,24221,0,Y,No,16,3,3,80,3,36,5,3,4,4,1,4
26,No,Travel_Rarely,518,Research & Development,18,4,Medical,1,490,4,Female,73,3,4,Healthcare Representative,3,Single,13803,17906,2,Y,No,15,3,1,80,1,6,3,2,5,5,3,3
41,No,Travel_Frequently,543,Sales,20,2,Life Sciences,1,491,3,Male,93,4,2,Manufacturing Director,1,Married,7399,6989,2,Y,No,11,3,1,80,0,23,4,2,9,4,5,3
52,No,Travel_Frequently,784,Sales,15,4,Medical,1,492,3,Female,63,3,1,Healthcare Representative,3,Single,6599,14021,8,Y,No,12,3,1,80,3,36,0,3,9,2,0,2
52,No,Travel_Frequently,939,Research & Development,14,4,Life Sciences,1,493,2,Male,94,2,3,Manufacturing Director,3,Single,11288,24355,2,Y,No,14,3,4,80,0,34,6,3,6,2,0,1
53,Yes,Travel_Rarely,335,Research & Development,2,3,Medical,1,494,1,Male,84,3,1,Sales Representative,2,Married,7549,5380,2,Y,No,18,4,2,80,0,37,4,4,6,5,2,3
35,No,Travel_Rarely,313,Research & Development,17,3,Life Sciences,1,495,4,Male,30,3,2,Sales Executive,2,Married,6068,7689,6,Y,Yes,15,3,3,80,1,17,6,3,6,6,2,2
56,Yes,Non-Travel,184,Research & Development,22,2,Life Sciences,1,496,2,Male,67,2,2,Sales Executive,1,Married,8385,10603,6,Y,No,17,3,4,80,3,36,0,3,4,2,3,3
49,No,Travel_Rarely,893,Research & Development,26,2,Life Sciences,1,497,2,Female,38,2,1,Research Scientist,1,Married,6394,9473,6,Y,Yes,12,3,3,80,1,28,4,3,9,3,1,1
41,No,Travel_Rarely,184,Sales,8,3,Life Sciences,1,498,2,Male,46,3,2,Sales Executive,1,Married,9581,3676,9,Y,No,18,3,4,80,1,22,4,3,4,3,4,4
40,No,Travel_Rarely,164,Research & Development,10,3,Medical,1,499,4,Male,81,3,4,Laboratory Technician,4,Married,13440,9790,6,Y,No,15,3,3,80,1,20,4,1,10,6,2,1
49,No,Travel_Rarely,762,Sales,26,3,Life Sciences,1,500,4,Female,47,3,3,Manager,4,Married,10398,7282,2,Y,No,14,3,3,80,1,34,0,2,6,6,0,2
54,Yes,Travel_Rarely,726,Sales,18,3,Medical,1,501,2,Male,92,2,2,Manager,4,Single,8422,21095,7,Y,No,19,3,2,80,2,35,4,2,3,3,3,3
29,No,Travel_Rarely,163,Research & Development,25,3,Life Sciences,1,502,4,Female,62,3,1,Sales Executive,4,Married,6218,15376,3,Y,No,16,3,3,80,0,11,4,3,9,7,3,3
30,No,Travel_Frequently,1466,Research & Development,29,3,Medical,1,503,2,Male,33,3,1,Manager,4,Married,4463,11431,1,Y,Yes,24,3,4,80,0,12,6,4,2,2,2,2
40,No,Travel_Rarely,1038,Human Resources,19,4,Marketing,1,504,3,Male,81,2,1,Healthcare Representative,2,Single,5005,2602,1,Y,Yes,14,3,3,80,0,19,5,3,7,3,0,6
42,No,Non-Travel,1018,Research & Development,8,2,Life Sciences,1,505,4,Female,38,3,2,Sales Representative,3,Divorced,9601,3937,1,Y,No,18,3,2,80,2,24,1,4,6,4,4,5
52,No,Travel_Rarely,1475,Sales,28,3,Medical,1,506,3,Male,93,2,2,Manager,4,Married,10028,26505,1,Y,Yes,13,3,3,80,1,37,0,4,7,5,5,2
58,Yes,Travel_Rarely,1281,Sales,8,2,Life Sciences,1,507,1,Male,59,3,1,Sales Representative,1,Divorced,8219,26601,1,Y,Yes,24,3,4,80,1,39,5,3,3,2,2,1
47,Yes,Travel_Rarely,590,Research & Development,3,3,Medical,1,508,4,Male,37,3,1,Research Scientist,3,Divorced,5559,8812,0,Y,No,23,3,3,80,0,27,2,2,11,5,1,5
34,Yes,Travel_Rarely,1348,Research & Development,3,4,Life Sciences,1,509,1,Male,34,3,1,Sales Executive,4,Married,4059,3067,8,Y,No,20,3,2,80,0,14,6,3,4,4,3,4
37,No,Non-Travel,412,Research & Development,12,4,Medical,1,510,2,Male,92,2,2,Sales Representative,4,Married,8126,15401,8,Y,No,12,3,2,80,2,22,3,4,10,2,3,5
42,No,Travel_Rarely,714,Research & Development,22,2,Medical,1,511,4,Male,30,3,2,Human Resources,2,Married,8688,7252,4,Y,No,17,3,2,80,0,26,6,3,5,5,4,5
39,No,Travel_Rarely,1018,Research & Development,17,5,Technical Degree,1,512,4,Male,44,3,2,Research Scientist,2,Married,8471,15472,7,Y,No,24,3,2,80,1,18,1,3,4,4,2,4
30,No,Travel_Rarely,912,Research & Development,4,1,Medical,1,513,4,Female,67,3,3,Sales Representative,2,Divorced,11142,24247,1,Y,No,22,3,1,80,0,15,5,2,3,3,2,3
36,No,Travel_Rarely,1039,Sales,17,3,Medical,1,514,1,Male,71,2,3,Laboratory Technician,4,Divorced,9052,2379,8,Y,No,14,4,2,80,1,17,5,3,4,2,2,3
53,No,Travel_Rarely,1211,Research & Development,14,1,Life Sciences,1,515,1,Male,75,1,2,Manager,2,Single,9987,23886,3,Y,No,14,4,3,80,1,35,4,3,7,5,0,3
29,No,Travel_Rarely,1426,Research & Development,19,4,Human Resources,1,516,2,Male,82,3,1,Laboratory Technician,4,Married,4002,21566,0,Y,No,20,3,3,80,2,12,2,3,5,3,3,3
58,No,Travel_Rarely,779,Sales,9,3,Marketing,1,517,3,Female,55,3,2,Healthcare Representative,3,Divorced,10384,22131,1,Y,No,19,3,3,80,0,37,2,4,6,3,5,4
36,No,Travel_Frequently,534,Research & Development,21,3,Life Sciences,1,518,3,Female,90,2,2,Research Scientist,3,Married,7560,7196,1,Y,No,12,3,3,80,1,15,4,2,4,3,2,4
29,No,Travel_Rarely,781,Research & Development,12,4,Technical Degree,1,519,1,Female,96,3,1,Research Director,4,Divorced,4228,23516,0,Y,No,11,3,1,80,1,12,5,4,5,4,4,4
26,No,Travel_Rarely,1258,Human Resources,5,2,Medical,1,520,4,Female,83,3,5,Research Director,1,Married,14152,24424,1,Y,No,17,3,1,80,3,11,6,1,10,0,1,4
24,No,Travel_Rarely,1173,Sales,11,1,Marketing,1,521,3,Male,51,3,2,Sales Representative,4,Married,5823,15881,0,Y,No,22,3,1,80,1,4,5,4,2,1,1,2
45,No,Travel_Frequently,439,Research & Development,20,4,Marketing,1,522,3,Male,55,3,2,Manager,3,Married,8692,14119,1,Y,No,18,3,3,80,0,29,4,3,8,3,2,4
31,No,Travel_Rarely,446,Sales,3,3,Life Sciences,1,523,1,Female,89,3,2,Sales Executive,3,Married,6921,22504,1,Y,Yes,13,3,4,80,1,11,1,3,2,1,2,2
48,No,Travel_Rarely,745,Research & Development,21,2,Medical,1,524,2,Female,68,1,1,Research Director,4,Married,7029,10737,9,Y,Yes,12,3,4,80,1,28,0,2,4,2,1,4
36,No,Travel_Rarely,1470,Sales,15,3,Life Sciences,1,525,1,Male,65,2,1,Sales Executive,4,Married,5952,7259,1,Y,No,14,3,3,80,2,19,1,3,11,5,4,3
33,No,Non-Travel,748,Sales,14,3,Life Sciences,1,526,1,Male,50,3,2,Research Director,4,Married,9050,26850,1,Y,No,12,3,2,80,0,15,0,4,12,1,3,4
22,No,Travel_Rarely,344,Research & Development,11,1,Life Sciences,1,527,4,Female,70,3,1,Research Scientist,3,Married,4613,13633,5,Y,No,22,3,2,80,0,4,2,2,3,3,0,3
52,No,Travel_Frequently,208,Research & Development,20,2,Medical,1,528,1,Female,77,3,1,Research Director,1,Single,7136,12461,7,Y,No,12,3,3,80,3,36,3,2,4,4,2,2
29,No,Travel_Rarely,632,Sales,8,1,Life Sciences,1,529,4,Male,55,3,5,Manufacturing Director,4,Single,16000,4922,2,Y,No,15,3,2,80,3,13,4,3,9,2,1,2
42,No,Travel_Rarely,1213,Sales,4,3,Life Sciences,1,530,2,Female,92,4,2,Sales Representative,3,Single,7917,5387,8,Y,Yes,20,3,2,80,0,23,1,2,9,3,4,5
38,No,Travel_Frequently,395,Research & Development,27,4,Medical,1,531,4,Male,65,3,1,Healthcare Representative,4,Married,4409,23826,2,Y,No,15,3,4,80,0,19,2,2,5,1,1,5
53,Yes,Travel_Rarely,211,Research & Development,12,5,Life Sciences,1,532,2,Male,53,4,1,Research Director,3,Married,6960,23936,1,Y,No,18,3,3,80,0,33,1,3,7,4,2,3
40,No,Travel_Frequently,1300,Research & Development,8,3,Life Sciences,1,533,2,Male,50,3,2,Manager,4,Married,7121,16553,2,Y,No,19,3,1,80,0,23,5,2,6,4,2,6
33,No,Non-Travel,442,Sales,6,2,Life Sciences,1,534,2,Male,47,3,1,Healthcare Representative,3,Single,7163,12062,4,Y,Yes,12,3,4,80,0,17,0,3,7,3,3,6
56,No,Travel_Frequently,200,Research & Development,15,4,Life Sciences,1,535,1,Male,44,4,1,Sales Executive,4,Married,8204,22397,2,Y,No,11,4,3,80,0,35,4,4,11,7,5,4
59,Yes,Travel_Rarely,728,Sales,12,3,Medical,1,536,4,Female,35,3,2,Laboratory Technician,2,Married,11511,23751,5,Y,Yes,13,3,3,80,2,40,5,3,3,3,3,3
56,Yes,Travel_Frequently,127,Sales,16,2,Life Sciences,1,537,3,Male,72,4,1,Human Resources,4,Married,7089,26686,1,Y,Yes,16,3,4,80,0,40,0,2,7,1,1,2
31,No,Travel_Rarely,1036,Research & Development,16,4,Other,1,538,1,Male,60,2,2,Human Resources,3,Married,7980,8959,5,Y,No,24,3,2,80,1,14,5,3,7,7,3,3
48,No,Travel_Frequently,157,Research & Development,27,4,Medical,1,539,2,Male,57,2,2,Healthcare Representative,4,Single,8532,11947,2,Y,No,15,4,2,80,1,32,0,3,5,4,1,5
22,No,Travel_Rarely,396,Research & Development,21,4,Life Sciences,1,540,3,Male,37,3,1,Laboratory Technician,1,Divorced,5026,24674,3,Y,Yes,18,3,4,80,1,3,0,3,3,3,1,2
52,No,Travel_Frequently,233,Research & Development,20,4,Life Sciences,1,541,1,Female,58,3,1,Manager,4,Single,5747,11559,4,Y,Yes,18,3,3,80,1,36,5,3,8,4,3,6
40,No,Travel_Rarely,1454,Research & Development,20,2,Medical,1,542,3,Female,50,2,2,Healthcare Representative,4,Married,6225,2551,5,Y,No,12,3,1,80,1,22,2,4,6,3,1,4
46,No,Travel_Rarely,348,Research & Development,28,2,Medical,1,543,2,Female,87,4,2,Sales Executive,4,Divorced,8107,2133,1,Y,No,24,3,3,80,2,30,4,3,9,2,3,5
28,No,Travel_Rarely,1120,Human Resources,4,4,Life Sciences,1,544,3,Female,89,3,1,Research Scientist,1,Married,3635,8607,7,Y,No,19,3,1,80,2,10,3,2,5,4,0,3
35,No,Travel_Frequently,649,Sales,11,2,Life Sciences,1,545,3,Male,79,3,1,Healthcare Representative,1,Divorced,6542,13103,6,Y,No,24,3,1,80,0,18,1,3,7,3,1,7
29,Yes,Travel_Rarely,1001,Sales,13,3,Technical Degree,1,546,2,Male,60,3,5,Human Resources,1,Single,16332,12205,1,Y,Yes,24,3,3,80,0,13,6,3,7,3,3,3
26,No,Travel_Rarely,1198,Research & Development,29,4,Life Sciences,1,547,3,Female,76,3,1,Manufacturing Director,2,Married,3517,8599,9,Y,No,14,3,3,80,2,10,0,4,8,4,0,2
27,No,Travel_Frequently,933,Research & Development,9,4,Life Sciences,1,548,1,Female,63,1,5,Human Resources,1,Married,15753,15372,5,Y,No,24,3,3,80,1,8,4,4,4,0,4,2
34,No,Travel_Rarely,1291,Sales,4,3,Technical Degree,1,549,3,Female,31,4,1,Laboratory Technician,2,Single,6041,7124,3,Y,No,11,3,1,80,3,17,1,3,9,3,1,4
55,No,Travel_Rarely,870,Research & Development,12,4,Medical,1,550,4,Female,96,3,1,Sales Executive,4,Married,5704,3060,1,Y,Yes,24,3,2,80,0,34,4,3,3,2,3,3
24,No,Travel_Rarely,1478,Sales,9,4,Life Sciences,1,551,1,Female,81,2,2,Manager,2,Married,6667,25768,3,Y,No,12,3,1,80,0,6,5,3,6,5,0,1
30,No,Travel_Rarely,1348,Research & Development,13,3,Medical,1,552,3,Male,36,4,1,Sales Representative,4,Married,4495,16048,1,Y,No,24,3,1,80,1,15,1,3,6,1,1,4
57,Yes,Travel_Rarely,245,Sales,16,2,Life Sciences,1,553,4,Male,48,4,1,Manufacturing Director,2,Divorced,7718,20570,2,Y,No,21,3,1,80,0,40,4,2,8,5,1,3
59,No,Travel_Rarely,1364,Research & Development,26,2,Marketing,1,554,4,Female,44,3,1,Healthcare Representative,1,Single,6296,21049,2,Y,Yes,16,3,4,80,1,40,3,3,9,5,0,4
26,No,Travel_Rarely,992,Research & Development,6,3,Medical,1,555,4,Female,77,4,5,Manufacturing Director,1,Married,14560,5170,6,Y,No,15,4,2,80,2,11,6,3,9,4,5,5
44,No,Travel_Rarely,443,Sales,10,2,Marketing,1,556,3,Male,43,3,2,Laboratory Technician,2,Married,8031,12919,1,Y,No,22,3,1,80,1,27,4,3,11,2,3,8
19,Yes,Travel_Frequently,1158,Human Resources,13,2,Human Resources,1,557,2,Male,32,4,2,Sales Executive,2,Married,6958,21030,7,Y,Yes,17,3,1,80,0,4,6,3,4,3,3,1
22,No,Travel_Rarely,801,Research & Development,7,2,Technical Degree,1,558,4,Male,79,1,2,Manager,1,Married,6646,18979,2,Y,No,19,3,4,80,1,1,4,3,1,1,1,1
46,Yes,Travel_Rarely,100,Human Resources,28,3,Technical Degree,1,559,2,Male,83,3,3,Healthcare Representative,4,Married,10811,17583,3,Y,Yes,16,4,1,80,1,29,6,3,5,3,1,3
54,No,Non-Travel,252,Research & Development,26,4,Medical,1,560,1,Female,35,3,2,Sales Executive,4,Single,9209,6106,6,Y,Yes,16,3,2,80,1,36,0,3,16,3,1,1
55,No,Travel_Rarely,528,Research & Development,19,2,Life Sciences,1,561,2,Male,78,1,1,Healthcare Representative,4,Married,8588,24201,4,Y,No,12,3,1,80,1,40,6,3,8,4,4,5
36,No,Travel_Rarely,607,Sales,24,4,Medical,1,562,2,Male,52,3,1,Manager,4,Divorced,5106,5421,1,Y,No,17,3,2,80,1,16,6,3,7,2,2,5
25,No,Travel_Frequently,1249,Research & Development,19,4,Medical,1,563,2,Male,49,3,1,Healthcare Representative,3,Married,3727,18303,2,Y,No,12,3,2,80,1,5,0,2,4,4,1,3
18,No,Non-Travel,590,Sales,17,1,Technical Degree,1,564,2,Female,89,3,1,Sales Executive,4,Married,4466,4278,1,Y,No,23,4,3,80,1,0,0,2,0,0,0,0
39,Yes,Travel_Frequently,444,Sales,13,4,Life Sciences,1,565,2,Male,74,2,1,Healthcare Representative,3,Single,5565,19548,4,Y,No,17,4,4,80,1,18,5,2,11,2,1,7
34,Yes,Travel_Frequently,320,Sales,13,3,Technical Degree,1,566,1,Male,90,3,1,Sales Executive,3,Single,4147,19001,2,Y,No,18,3,4,80,0,15,6,2,8,5,2,7
24,No,Travel_Frequently,822,Research & Development,26,3,Marketing,1,567,1,Male,85,2,4,Laboratory Technician,1,Single,13765,15052,6,Y,No,22,3,4,80,1,4,4,3,3,2,2,3
42,No,Travel_Rarely,1148,Research & Development,28,4,Other,1,568,2,Male,31,3,4,Research Scientist,1,Married,13138,2450,4,Y,No,11,3,3,80,1,21,3,3,4,3,1,4
21,No,Travel_Frequently,627,Sales,21,2,Technical Degree,1,569,2,Male,74,4,1,Sales Executive,2,Divorced,3937,11990,1,Y,No,19,3,3,80,0,4,1,2,4,4,2,4
53,No,Travel_Rarely,1305,Sales,2,4,Life Sciences,1,570,4,Male,69,3,1,Manufacturing Director,4,Married,6927,14778,1,Y,Yes,18,3,2,80,2,36,0,3,8,5,1,4
23,No,Non-Travel,940,Research & Development,10,1,Life Sciences,1,571,1,Female,53,3,1,Research Scientist,4,Single,5784,9372,1,Y,No,19,4,4,80,0,5,2,3,5,3,2,5
48,No,Travel_Rarely,1165,Sales,22,4,Life Sciences,1,572,3,Male,58,1,1,Healthcare Representative,1,Single,5056,3892,2,Y,No,15,3,3,80,0,32,4,3,6,4,5,5
36,No,Travel_Rarely,580,Sales,13,3,Life Sciences,1,573,1,Male,96,3,1,Sales Executive,1,Married,5660,23912,3,Y,No,23,3,3,80,1,16,3,2,4,1,1,3
56,No,Travel_Rarely,1029,Sales,26,3,Medical,1,574,3,Female,97,4,4,Sales Executive,1,Married,16209,20838,3,Y,No,24,3,3,80,0,39,3,2,6,5,1,2
44,No,Travel_Frequently,971,Research & Development,9,2,Marketing,1,575,4,Male,95,4,1,Manufacturing Director,2,Married,6182,15362,6,Y,Yes,14,4,2,80,1,23,0,3,6,3,3,5
27,No,Travel_Rarely,444,Research & Development,1,3,Technical Degree,1,576,2,Female,83,3,1,Sales Representative,4,Married,3731,5808,1,Y,Yes,11,3,1,80,1,11,5,4,8,0,4,3
43,No,Travel_Frequently,144,Research & Development,14,4,Medical,1,577,4,Male,82,2,1,Research Scientist,2,Married,5505,11476,9,Y,Yes,19,3,3,80,0,27,0,2,3,2,2,3
36,No,Travel_Frequently,120,Research & Development,29,3,Life Sciences,1,578,2,Male,78,3,5,Research Scientist,3,Single,15605,20141,2,Y,No,24,3,3,80,3,19,5,3,3,3,1,3
56,Yes,Travel_Rarely,1193,Research & Development,16,3,Life Sciences,1,579,1,Female,61,2,4,Sales Executive,3,Single,15604,18606,1,Y,No,14,3,3,80,0,37,2,4,5,3,3,3
20,No,Travel_Frequently,972,Research & Development,20,3,Life Sciences,1,580,2,Female,90,3,2,Healthcare Representative,4,Single,6388,25337,5,Y,No,14,3,4,80,1,1,2,3,1,1,0,1
30,No,Travel_Frequently,147,Research & Development,15,4,Life Sciences,1,581,3,Male,71,3,2,Manager,1,Single,8121,25420,7,Y,No,14,4,4,80,2,11,0,3,5,3,3,5
45,No,Travel_Rarely,650,Research & Development,1,3,Medical,1,582,3,Male,30,3,1,Manager,1,Single,5011,20749,2,Y,Yes,12,3,3,80,1,29,1,3,6,6,4,4
37,No,Travel_Rarely,386,Sales,17,4,Life Sciences,1,583,4,Male,92,3,1,Research Scientist,2,Married,4365,3609,6,Y,Yes,22,3,2,80,3,18,6,3,11,3,1,4
45,No,Travel_Rarely,1101,Sales,24,4,Life Sciences,1,584,1,Female,64,3,2,Sales Representative,3,Married,8273,25605,8,Y,No,21,3,1,80,2,26,0,3,5,5,3,2
25,No,Travel_Rarely,1133,Research & Development,13,3,Life Sciences,1,585,3,Female,80,3,3,Manager,3,Married,10710,3223,6,Y,No,23,3,4,80,3,9,0,4,6,2,4,4
58,No,Travel_Rarely,641,Research & Development,27,2,Medical,1,586,4,Male,74,4,1,Research Director,4,Married,7255,3907,0,Y,Yes,14,3,1,80,0,40,3,3,10,4,3,4
56,No,Non-Travel,855,Research & Development,15,3,Medical,1,587,1,Male,94,3,1,Manager,3,Divorced,7271,16978,7,Y,Yes,12,3,3,80,1,37,0,4,11,2,2,1
18,No,Travel_Rarely,373,Research & Development,16,4,Medical,1,588,1,Male,43,3,2,Human Resources,1,Single,6722,12943,6,Y,No,18,4,4,80,2,0,0,4,0,0,0,0
20,No,Travel_Frequently,1055,Human Resources,16,2,Medical,1,589,4,Male,32,3,1,Research Scientist,1,Divorced,5047,7810,5,Y,Yes,17,3,1,80,3,2,0,3,2,2,0,2
30,No,Travel_Rarely,699,Sales,2,3,Human Resources,1,590,3,Male,53,3,2,Sales Representative,1,Married,6971,14161,6,Y,No,21,3,3,80,3,13,1,3,11,11,2,4
45,No,Travel_Rarely,480,Research & Development,17,4,Life Sciences,1,591,3,Male,94,1,2,Healthcare Representative,4,Married,9210,24832,9,Y,No,20,3,4,80,2,29,3,3,7,4,2,3
42,No,Travel_Frequently,1452,Research & Development,11,3,Medical,1,592,4,Female,77,2,1,Sales Executive,2,Married,5255,26350,2,Y,No,12,3,3,80,1,21,4,3,5,4,2,5
50,No,Travel_Frequently,578,Human Resources,8,3,Marketing,1,593,3,Female,39,3,2,Laboratory Technician,3,Single,10646,16063,0,Y,No,24,3,4,80,0,31,4,3,8,4,3,1
55,No,Travel_Rarely,114,Human Resources,20,2,Medical,1,594,4,Female,42,3,4,Manufacturing Director,4,Divorced,13819,6937,3,Y,No,12,3,1,80,0,34,4,1,6,4,2,6
23,No,Travel_Rarely,615,Research & Development,3,2,Technical Degree,1,595,3,Male,43,4,1,Research Scientist,2,Single,3694,24132,0,Y,Yes,12,3,1,80,0,3,4,3,3,2,3,3
49,No,Travel_Rarely,290,Sales,29,4,Life Sciences,1,596,3,Male,39,4,1,Sales Representative,4,Married,6919,19615,1,Y,No,11,3,4,80,0,31,3,3,7,4,5,7
38,No,Travel_Rarely,1291,Research & Development,12,1,Medical,1,597,4,Female,69,1,1,Sales Executive,3,Single,5663,14260,4,Y,Yes,23,4,2,80,0,23,0,3,2,2,1,2
33,No,Travel_Rarely,720,Sales,20,2,Life Sciences,1,598,4,Male,52,4,2,Laboratory Technician,1,Single,7961,11939,1,Y,No,16,4,3,80,0,13,4,3,8,6,3,2
38,No,Travel_Rarely,1260,Research & Development,16,4,Medical,1,599,3,Female,84,3,3,Human Resources,2,Single,10781,12750,5,Y,No,16,3,1,80,0,20,0,1,3,3,1,3
28,No,Travel_Rarely,253,Research & Development,14,3,Life Sciences,1,600,4,Male,92,4,1,Research Scientist,2,Single,3927,2737,7,Y,No,11,3,2,80,3,9,6,3,4,2,2,3
54,No,Travel_Frequently,1332,Research & Development,16,5,Life Sciences,1,601,3,Male,71,2,1,Healthcare Representative,4,Single,8170,22820,2,Y,No,21,3,4,80,0,34,6,3,8,6,3,7
53,No,Travel_Rarely,371,Research & Development,27,5,Medical,1,602,2,Male,95,2,5,Manufacturing Director,4,Divorced,17514,21363,8,Y,No,11,4,1,80,0,37,4,4,5,2,1,2
52,Yes,Travel_Rarely,242,Research & Development,21,2,Medical,1,603,1,Male,76,3,3,Laboratory Technician,1,Married,12807,17935,0,Y,Yes,16,3,1,80,1,35,1,2,2,2,2,2
36,No,Travel_Rarely,1192,Research & Development,17,1,Life Sciences,1,604,1,Female,81,4,2,Healthcare Representative,4,Single,7517,12143,7,Y,No,21,3,3,80,2,16,0,3,3,3,0,3
37,No,Travel_Frequently,346,Research & Development,11,4,Medical,1,605,3,Male,47,2,1,Manager,3,Married,5853,18913,7,Y,No,16,3,2,80,0,19,3,3,12,7,2,4
35,No,Travel_Frequently,1384,Research & Development,17,3,Medical,1,606,1,Male,47,2,1,Sales Executive,3,Divorced,5517,14321,2,Y,No,14,3,3,80,0,19,5,3,3,3,2,3
58,No,Travel_Rarely,887,Human Resources,19,2,Life Sciences,1,607,3,Male,53,4,2,Research Scientist,3,Single,10602,25525,1,Y,Yes,13,3,4,80,0,40,1,3,8,3,1,1
31,No,Travel_Frequently,178,Human Resources,22,4,Medical,1,608,4,Female,52,4,2,Sales Executive,3,Single,8468,6418,1,Y,Yes,24,3,1,80,0,10,5,1,5,2,1,0
32,No,Travel_Rarely,722,Sales,1,1,Medical,1,609,2,Male,41,1,2,Laboratory Technician,1,Divorced,7774,11396,7,Y,Yes,19,3,2,80,0,17,1,3,4,4,3,4
48,No,Travel_Rarely,624,Research & Development,27,4,Medical,1,610,1,Male,52,3,1,Research Director,1,Single,5185,3986,7,Y,Yes,16,3,3,80,1,33,3,3,5,1,1,4
18,No,Travel_Rarely,871,Research & Development,12,2,Life Sciences,1,611,1,Male,50,3,2,Research Director,1,Married,7923,2346,2,Y,No,11,3,2,80,2,0,1,3,0,0,0,0
20,No,Travel_Rarely,1037,Sales,15,2,Life Sciences,1,612,4,Male,93,3,3,Manufacturing Director,4,Single,9604,7825,4,Y,Yes,13,3,4,80,1,3,6,3,3,2,2,3
33,No,Travel_Frequently,1453,Sales,18,2,Medical,1,613,2,Male,63,3,4,Manager,1,Divorced,12213,3215,1,Y,Yes,11,3,1,80,0,14,0,3,6,2,2,1
40,Yes,Travel_Frequently,1312,Sales,28,5,Human Resources,1,614,2,Female,31,3,1,Human Resources,2,Divorced,6085,15890,3,Y,No,13,3,2,80,0,19,2,4,7,5,1,6
28,Yes,Travel_Rarely,1218,Research & Development,23,4,Medical,1,615,2,Male,98,3,2,Sales Representative,2,Divorced,6091,12960,9,Y,No,12,3,4,80,0,8,2,3,8,1,2,4
29,No,Travel_Rarely,716,Research & Development,14,4,Life Sciences,1,616,4,Male,60,3,2,Research Scientist,2,Single,8224,26429,1,Y,No,15,4,4,80,0,8,4,3,8,5,0,3
27,No,Travel_Rarely,1131,Research & Development,1,3,Medical,1,617,1,Female,97,3,4,Research Scientist,4,Married,11043,24182,9,Y,No,13,3,1,80,1,7,6,4,7,5,1,6
49,No,Travel_Rarely,166,Sales,13,3,Technical Degree,1,618,1,Male,99,3,3,Laboratory Technician,4,Single,11303,2244,7,Y,Yes,17,3,3,80,3,34,4,4,8,3,0,4
33,No,Travel_Rarely,290,Research & Development,15,2,Life Sciences,1,619,2,Male,48,3,5,Research Director,1,Divorced,15395,16119,9,Y,Yes,18,3,1,80,0,14,0,3,7,1,0,5
25,No,Travel_Rarely,1489,Sales,7,3,Other,1,620,4,Male,42,3,5,Human Resources,3,Divorced,15391,25442,1,Y,Yes,17,3,1,80,3,6,3,3,4,4,1,4
55,Yes,Travel_Rarely,867,Research & Development,15,3,Human Resources,1,621,4,Male,94,2,1,Laboratory Technician,2,Married,7045,13243,1,Y,No,12,3,2,80,3,40,0,3,9,5,2,5
29,Yes,Travel_Rarely,620,Research & Development,20,3,Life Sciences,1,622,4,Female,35,3,3,Human Resources,4,Married,10387,2132,0,Y,Yes,20,4,2,80,0,12,4,3,6,3,0,2
41,No,Travel_Rarely,1089,Sales,10,2,Human Resources,1,623,2,Female,56,3,2,Research Director,2,Single,8317,17556,6,Y,No,20,3,3,80,0,20,1,2,13,4,3,5
45,No,Travel_Rarely,1240,Research & Development,14,5,Life Sciences,1,624,4,Female,81,3,1,Healthcare Representative,1,Married,6134,19754,5,Y,Yes,17,3,4,80,0,28,5,3,7,4,2,2
25,No,Travel_Frequently,366,Sales,6,2,Technical Degree,1,625,2,Female,77,3,1,Laboratory Technician,4,Married,4628,3087,1,Y,No,20,3,2,80,1,5,6,3,5,4,3,5
45,No,Travel_Rarely,584,Research & Development,14,5,Medical,1,626,2,Male,97,2,1,Sales Representative,3,Married,6008,11839,6,Y,No,13,3,3,80,0,26,0,2,8,8,0,2
53,No,Non-Travel,1421,Research & Development,24,1,Medical,1,627,2,Male,73,3,3,Human Resources,3,Married,10450,12083,1,Y,No,17,4,1,80,0,34,0,4,8,4,2,3
43,No,Travel_Rarely,1287,Research & Development,25,3,Medical,1,628,3,Male,46,3,1,Manager,4,Single,5385,15415,1,Y,No,11,3,4,80,3,25,3,3,14,4,1,2
25,No,Travel_Frequently,475,Sales,22,3,Marketing,1,629,2,Male,67,4,3,Laboratory Technician,3,Divorced,9755,22386,2,Y,No,12,3,1,80,0,7,4,3,7,7,3,2
45,No,Travel_Frequently,752,Sales,12,3,Life Sciences,1,630,4,Female,39,3,2,Healthcare Representative,1,Divorced,8460,12452,0,Y,No,22,3,4,80,0,30,0,3,2,2,1,2
45,Yes,Travel_Rarely,1391,Research & Development,11,3,Medical,1,631,3,Female,83,3,2,Sales Representative,3,Divorced,8535,15828,1,Y,No,20,3,2,80,2,28,1,2,8,4,2,2
54,Yes,Travel_Rarely,648,Sales,29,3,Life Sciences,1,632,1,Male,35,3,1,Research Director,2,Married,6621,10310,2,Y,No,11,3,1,80,2,33,5,4,10,5,3,6
58,No,Travel_Frequently,1197,Research & Development,25,3,Life Sciences,1,633,1,Male,35,4,2,Manufacturing Director,2,Married,9009,4903,7,Y,No,19,3,1,80,0,40,1,3,3,3,3,3
53,No,Travel_Rarely,172,Human Resources,20,4,Life Sciences,1,634,4,Male,81,3,2,Research Scientist,2,Single,8905,25206,6,Y,No,23,3,4,80,0,33,2,3,9,3,1,5
44,No,Travel_Rarely,407,Sales,22,4,Medical,1,635,4,Male,44,3,1,Research Scientist,4,Divorced,5834,2894,3,Y,No,23,3,3,80,1,27,4,3,3,2,0,3
34,Yes,Travel_Rarely,298,Sales,24,4,Life Sciences,1,636,4,Male,97,3,3,Laboratory Technician,4,Married,10284,3265,6,Y,Yes,12,3,4,80,2,15,1,3,9,7,2,0
26,No,Travel_Rarely,1253,Research & Development,25,2,Life Sciences,1,637,4,Male,86,3,2,Research Director,4,Married,7454,24807,4,Y,No,12,3,2,80,3,7,3,3,3,3,2,3
50,No,Travel_Rarely,671,Human Resources,19,3,Life Sciences,1,638,3,Female,85,2,1,Sales Executive,4,Married,6415,18746,2,Y,No,16,3,3,80,0,31,5,2,4,2,1,4
37,No,Non-Travel,890,Research & Development,2,3,Life Sciences,1,639,4,Female,36,3,3,Sales Representative,4,Divorced,9696,25548,6,Y,Yes,17,3,1,80,1,17,4,3,3,3,0,3
30,No,Travel_Rarely,1274,Research & Development,22,3,Medical,1,640,2,Male,80,4,1,Manager,1,Single,3841,11965,5,Y,Yes,24,3,1,80,0,15,1,3,8,6,5,8
45,No,Travel_Rarely,1329,Research & Development,20,3,Human Resources,1,641,1,Male,87,4,2,Research Scientist,4,Single,10737,10505,4,Y,No,23,3,1,80,3,28,0,3,10,6,3,6
46,No,Non-Travel,278,Sales,1,3,Life Sciences,1,642,4,Male,93,3,2,Human Resources,3,Married,7836,24016,4,Y,No,12,3,2,80,0,26,4,3,9,4,0,3
30,No,Travel_Rarely,296,Human Resources,8,2,Human Resources,1,643,2,Female,55,4,1,Healthcare Representative,1,Divorced,4545,20090,5,Y,No,24,4,1,80,0,14,1,2,7,4,5,6
52,No,Non-Travel,834,Human Resources,25,2,Marketing,1,644,4,Female,87,3,2,Research Scientist,4,Married,9633,9334,2,Y,No,14,4,1,80,0,33,6,2,6,4,3,3
23,No,Travel_Rarely,188,Sales,14,2,Medical,1,645,2,Female,60,3,2,Laboratory Technician,3,Married,7188,25297,7,Y,No,13,3,3,80,0,5,0,3,5,1,1,3
35,No,Travel_Rarely,898,Sales,9,4,Medical,1,646,3,Male,95,3,2,Sales Representative,1,Married,8276,15374,1,Y,No,23,3,2,80,0,18,2,3,6,6,1,2
22,No,Travel_Frequently,887,Sales,2,3,Marketing,1,647,1,Female,42,2,1,Sales Representative,2,Married,3965,15348,8,Y,Yes,15,3,1,80,0,4,5,2,4,4,2,4
42,No,Travel_Rarely,847,Sales,25,5,Life Sciences,1,648,1,Male,47,3,1,Sales Executive,1,Married,6110,17375,2,Y,Yes,19,4,3,80,0,25,4,3,12,7,4,8
19,Yes,Travel_Frequently,1306,Research & Development,23,4,Medical,1,649,3,Male,42,3,1,Manufacturing Director,4,Married,4129,4393,1,Y,No,12,3,1,80,0,4,4,2,2,2,1,2
27,No,Non-Travel,308,Research & Development,5,1,Medical,1,650,2,Male,53,4,5,Manager,1,Single,14470,13802,4,Y,No,23,3,3,80,2,8,1,3,8,2,0,2
47,No,Travel_Frequently,592,Sales,23,4,Medical,1,651,4,Male,86,3,1,Research Director,1,Divorced,6516,26510,2,Y,Yes,15,3,1,80,0,29,2,3,3,3,0,2
22,Yes,Travel_Rarely,1253,Research & Development,29,4,Marketing,1,652,2,Female,58,3,2,Laboratory Technician,2,Married,7664,5694,7,Y,No,18,3,2,80,2,4,3,4,4,4,3,4
50,Yes,Travel_Frequently,764,Human Resources,25,3,Life Sciences,1,653,1,Male,85,3,4,Laboratory Technician,1,Divorced,14042,19373,2,Y,No,16,3,4,80,1,33,1,2,6,3,1,4
18,No,Travel_Rarely,1136,Research & Development,8,3,Medical,1,654,3,Male,83,2,3,Research Director,1,Single,8987,16911,5,Y,No,14,4,2,80,0,2,1,3,2,2,2,2
35,No,Travel_Rarely,970,Research & Development,16,5,Medical,1,655,3,Male,34,3,3,Research Director,2,Married,11214,22064,1,Y,No,20,3,3,80,0,19,3,4,7,6,1,5
49,No,Travel_Frequently,831,Sales,22,3,Life Sciences,1,656,2,Male,64,3,5,Research Director,4,Divorced,17249,12655,1,Y,No,18,3,1,80,2,31,3,3,10,2,3,4
28,Yes,Travel_Rarely,1229,Human Resources,16,4,Life Sciences,1,657,2,Male,48,3,2,Sales Executive,3,Single,8567,11096,2,Y,No,13,3,2,80,0,10,3,3,8,1,2,3
38,Yes,Travel_Frequently,1498,Research & Development,13,1,Medical,1,658,3,Male,84,3,1,Research Director,1,Married,4195,8410,4,Y,No,14,3,1,80,0,23,5,3,11,2,1,6
43,No,Travel_Frequently,797,Sales,20,2,Technical Degree,1,659,1,Male,98,3,1,Research Director,2,Married,6724,5397,5,Y,No,21,3,2,80,0,24,3,2,7,2,0,5
42,No,Travel_Frequently,1222,Sales,29,3,Medical,1,660,4,Male,73,3,1,Research Scientist,1,Married,6401,22381,4,Y,No,19,3,3,80,0,25,6,3,7,7,1,2
39,No,Travel_Rarely,693,Sales,15,3,Marketing,1,661,4,Female,67,4,2,Human Resources,4,Single,7471,15031,9,Y,No,15,3,4,80,0,22,3,4,7,4,0,5
44,No,Travel_Frequently,985,Sales,1,4,Life Sciences,1,662,2,Male,91,3,1,Sales Representative,4,Single,6281,2910,5,Y,No,16,3,2,80,3,23,0,3,4,4,3,3
30,No,Travel_Rarely,951,Research & Development,22,5,Life Sciences,1,663,3,Male,51,3,3,Research Director,2,Divorced,10800,24970,8,Y,No,22,3,1,80,2,13,0,3,6,6,1,3
50,No,Travel_Frequently,1315,Research & Development,3,3,Life Sciences,1,664,3,Male,69,3,1,Research Scientist,3,Married,5896,24365,1,Y,No,21,3,1,80,2,31,3,3,8,4,1,4
51,No,Travel_Rarely,424,Research & Development,6,1,Life Sciences,1,665,3,Female,55,2,1,Manufacturing Director,3,Single,6994,20507,0,Y,No,12,3,1,80,0,33,5,3,8,5,1,8
58,No,Travel_Rarely,1078,Research & Development,22,4,Life Sciences,1,666,1,Female,34,2,2,Sales Representative,1,Single,10397,20235,1,Y,Yes,19,3,3,80,3,40,5,3,7,4,0,0
52,No,Travel_Rarely,1055,Research & Development,14,3,Life Sciences,1,667,2,Male,83,2,1,Manager,2,Divorced,5863,16915,1,Y,No,18,3,3,80,1,31,2,2,8,6,2,2
18,No,Travel_Rarely,993,Research & Development,4,2,Medical,1,668,2,Male,78,2,3,Sales Representative,3,Single,8886,24840,3,Y,No,17,3,4,80,2,3,5,3,3,3,2,3
38,No,Travel_Rarely,1490,Research & Development,18,3,Marketing,1,669,2,Female,32,2,5,Sales Executive,4,Married,15840,14863,3,Y,No,19,3,1,80,1,23,6,3,3,3,2,3
23,Yes,Travel_Frequently,1441,Sales,15,4,Life Sciences,1,670,1,Female,67,2,3,Research Director,3,Married,8763,13957,4,Y,No,15,3,4,80,0,5,6,4,5,5,0,4
45,No,Travel_Rarely,243,Research & Development,9,4,Life Sciences,1,671,2,Female,43,2,1,Sales Representative,2,Divorced,5456,3615,6,Y,Yes,15,3,1,80,2,28,2,3,8,3,4,2
34,Yes,Travel_Rarely,483,Research & Development,18,3,Life Sciences,1,672,4,Female,76,3,4,Manufacturing Director,4,Married,12671,12582,9,Y,Yes,21,3,2,80,1,14,3,3,7,4,4,4
22,No,Travel_Rarely,315,Sales,3,3,Medical,1,673,2,Female,43,4,1,Sales Executive,1,Married,4961,11397,8,Y,No,21,3,2,80,3,4,5,2,4,1,2,4
48,No,Travel_Rarely,1484,Research & Development,10,5,Life Sciences,1,674,2,Male,67,4,3,Research Director,4,Single,11914,6026,1,Y,No,19,3,2,80,0,32,0,2,4,4,2,2
22,No,Travel_Rarely,423,Research & Development,17,3,Life Sciences,1,675,2,Male,93,1,1,Sales Representative,3,Divorced,3630,8869,2,Y,Yes,21,4,1,80,3,5,2,3,5,2,3,5
55,No,Travel_Rarely,1138,Human Resources,7,3,Human Resources,1,676,1,Female,73,3,1,Research Director,3,Married,7481,12871,1,Y,No,15,3,2,80,0,39,0,3,4,2,2,4
20,No,Travel_Rarely,316,Research & Development,15,2,Marketing,1,677,4,Female,99,4,5,Sales Executive,3,Divorced,13491,20830,1,Y,No,19,3,1,80,0,1,6,3,1,1,1,1
40,No,Travel_Rarely,1050,Research & Development,1,4,Life Sciences,1,678,4,Male,94,2,2,Healthcare Representative,1,Married,6971,5312,4,Y,No,11,3,4,80,1,24,1,3,9,2,0,3
54,Yes,Travel_Rarely,282,Research & Development,27,2,Life Sciences,1,679,3,Female,54,4,3,Human Resources,3,Married,11586,10014,4,Y,No,20,3,3,80,1,37,6,4,8,3,4,6
54,No,Travel_Rarely,369,Research & Development,25,2,Life Sciences,1,680,3,Male,45,3,2,Healthcare Representative,2,Single,10278,25241,1,Y,No,20,3,2,80,1,33,6,2,5,1,1,3
27,No,Travel_Rarely,1044,Research & Development,27,3,Marketing,1,681,4,Male,44,4,3,Laboratory Technician,1,Married,10244,7019,6,Y,No,21,3,1,80,1,11,0,3,7,4,2,5
27,Yes,Travel_Frequently,969,Research & Development,11,2,Medical,1,682,2,Female,32,4,5,Human Resources,4,Married,14718,12293,6,Y,Yes,18,3,1,80,0,7,3,3,6,5,2,3
36,No,Travel_Frequently,566,Research & Development,17,3,Life Sciences,1,683,2,Male,96,3,2,Human Resources,3,Married,7606,5216,0,Y,No,13,3,4,80,1,21,5,3,6,4,2,6
34,No,Travel_Rarely,404,Research & Development,5,2,Marketing,1,684,2,Male,66,3,2,Manufacturing Director,2,Single,7468,23859,2,Y,No,23,3,4,80,0,14,6,4,7,4,2,5
38,No,Non-Travel,1267,Research & Development,7,3,Life Sciences,1,685,1,Male,84,2,2,Manufacturing Director,2,Single,8187,22053,8,Y,No,18,3,3,80,1,18,5,3,8,4,2,4
31,No,Travel_Rarely,210,Research & Development,19,2,Life Sciences,1,686,2,Male,67,2,4,Research Director,1,Single,11685,13222,3,Y,No,15,3,4,80,0,15,4,3,5,5,3,5
26,Yes,Travel_Rarely,1113,Sales,25,1,Life Sciences,1,687,1,Male,92,3,1,Sales Representative,2,Married,4361,20908,2,Y,No,12,3,3,80,0,7,3,3,7,4,2,4
18,No,Non-Travel,331,Sales,24,2,Medical,1,688,4,Male,30,2,2,Healthcare Representative,1,Divorced,6327,25882,1,Y,No,19,3,3,80,3,0,1,3,0,0,0,0
30,Yes,Travel_Rarely,694,Sales,29,4,Life Sciences,1,689,2,Male,48,2,1,Manager,1,Married,3879,15603,1,Y,No,14,3,4,80,0,12,5,1,8,1,4,4
21,No,Non-Travel,1396,Research & Development,15,4,Life Sciences,1,690,2,Female,81,3,1,Laboratory Technician,1,Married,3569,15340,0,Y,No,24,3,3,80,1,6,0,4,4,3,4,4
18,No,Travel_Rarely,272,Sales,3,2,Life Sciences,1,691,3,Female,59,4,1,Manager,4,Single,4328,12934,7,Y,No,24,3,2,80,0,0,2,2,0,0,0,0
57,No,Travel_Rarely,1072,Sales,15,4,Life Sciences,1,692,4,Male,84,1,2,Research Director,4,Married,9627,20345,0,Y,No,17,3,3,80,0,40,6,3,12,7,1,4
49,No,Travel_Rarely,1130,Research & Development,5,3,Marketing,1,693,2,Female,43,3,4,Human Resources,2,Married,13732,24687,1,Y,No,22,3,1,80,1,28,3,3,6,4,3,6
51,Yes,Travel_Frequently,1278,Research & Development,23,5,Life Sciences,1,694,1,Male,42,3,1,Laboratory Technician,4,Divorced,5910,6625,0,Y,Yes,18,3,1,80,0,32,5,4,4,0,4,4
45,Yes,Travel_Rarely,645,Research & Development,12,3,Life Sciences,1,695,4,Male,56,3,2,Research Director,1,Divorced,9921,10292,6,Y,No,17,3,1,80,1,30,2,3,12,5,3,7
48,Yes,Travel_Rarely,647,Sales,20,4,Medical,1,696,3,Male,38,2,2,Laboratory Technician,1,Married,8229,11505,0,Y,No,21,4,4,80,2,33,0,3,7,2,2,7
25,No,Travel_Rarely,617,Human Resources,5,1,Marketing,1,697,4,Female,70,4,2,Research Scientist,4,Married,7261,5448,1,Y,No,16,3,1,80,2,4,5,3,4,4,2,4
56,Yes,Travel_Rarely,1013,Research & Development,3,3,Marketing,1,698,1,Female,77,3,4,Healthcare Representative,2,Single,14149,21628,4,Y,Yes,24,3,4,80,2,37,1,3,12,3,4,6
43,No,Travel_Rarely,314,Research & Development,9,5,Medical,1,699,3,Male,41,3,2,Manufacturing Director,1,Married,8529,16678,2,Y,No,22,4,1,80,1,26,6,3,12,3,1,6
51,No,Travel_Rarely,233,Research & Development,26,3,Life Sciences,1,700,1,Male,39,1,1,Healthcare Representative,4,Single,7006,8047,1,Y,No,17,3,3,80,1,30,6,4,11,3,1,8
20,No,Non-Travel,384,Research & Development,9,2,Marketing,1,701,4,Male,35,3,1,Manager,3,Married,3063,23058,1,Y,No,14,3,4,80,1,5,3,2,5,4,2,5
29,No,Travel_Rarely,1249,Sales,7,2,Medical,1,702,3,Male,63,4,4,Laboratory Technician,2,Single,12374,3214,6,Y,Yes,20,4,1,80,1,10,2,3,9,2,4,3
18,No,Travel_Frequently,785,Sales,26,4,Life Sciences,1,703,1,Male,81,2,5,Sales Executive,2,Married,14952,25990,9,Y,No,11,3,3,80,1,3,5,3,3,2,0,3
22,No,Travel_Frequently,1275,Sales,2,3,Technical Degree,1,704,4,Male,70,3,1,Manufacturing Director,2,Married,5729,22010,2,Y,No,15,3,4,80,0,1,6,3,1,1,1,1
47,No,Travel_Rarely,430,Research & Development,23,3,Life Sciences,1,705,1,Female,35,1,1,Manager,3,Married,6215,11558,0,Y,No,18,3,3,80,0,27,3,3,3,3,2,3
47,No,Travel_Rarely,1238,Research & Development,23,5,Other,1,706,2,Male,31,4,2,Research Scientist,1,Married,8853,9875,0,Y,No,20,3,3,80,0,32,5,2,5,5,3,5
34,Yes,Travel_Rarely,993,Research & Development,27,1,Technical Degree,1,707,4,Female,44,2,2,Research Scientist,2,Single,9549,24652,6,Y,Yes,16,3,3,80,0,14,3,2,3,3,3,3
40,No,Travel_Rarely,1407,Sales,21,3,Medical,1,708,3,Female,46,4,2,Sales Executive,4,Married,9167,15919,4,Y,No,15,3,4,80,0,24,2,3,3,3,2,2
32,No,Travel_Rarely,998,Research & Development,16,4,Human Resources,1,709,3,Male,45,3,5,Human Resources,2,Divorced,14626,17225,6,Y,No,12,4,4,80,1,12,1,3,12,7,0,1
54,No,Travel_Rarely,1198,Research & Development,9,3,Medical,1,710,2,Female,57,3,3,Laboratory Technician,4,Divorced,11384,25196,5,Y,No,20,3,2,80,0,36,3,3,6,2,3,1
38,No,Travel_Rarely,1289,Research & Development,13,2,Life Sciences,1,711,1,Female,39,3,3,Research Scientist,2,Married,11365,13815,8,Y,No,22,3,2,80,1,18,1,3,6,0,4,3
31,No,Travel_Rarely,1312,Research & Development,28,3,Medical,1,712,1,Male,39,2,2,Manufacturing Director,4,Married,6731,7479,8,Y,No,15,3,2,80,2,11,1,3,7,4,4,3
19,No,Travel_Rarely,177,Sales,27,4,Life Sciences,1,713,3,Male,39,3,1,Manager,4,Married,4950,2172,6,Y,No,20,3,2,80,0,2,6,3,2,2,2,1
28,No,Travel_Rarely,1046,Research & Development,19,2,Life Sciences,1,714,1,Female,57,3,2,Sales Executive,4,Single,7567,19270,3,Y,No,22,3,4,80,0,7,6,4,5,3,0,3
56,No,Travel_Rarely,787,Research & Development,20,5,Marketing,1,715,4,Male,53,2,2,Human Resources,3,Single,9954,18044,1,Y,Yes,13,3,2,80,0,35,0,2,8,6,2,5
55,No,Travel_Frequently,120,Sales,17,4,Life Sciences,1,716,4,Male,48,4,1,Human Resources,3,Single,6754,8263,3,Y,No,23,3,1,80,1,35,5,3,6,5,1,3
51,No,Travel_Rarely,665,Sales,6,2,Life Sciences,1,717,3,Male,97,1,1,Research Director,3,Single,6136,22752,3,Y,Yes,12,3,2,80,1,30,2,3,8,4,3,4
55,No,Travel_Rarely,1307,Research & Development,4,4,Medical,1,718,4,Female,85,3,2,Manager,1,Married,10629,13621,4,Y,Yes,24,3,1,80,1,36,0,3,2,2,2,2
51,No,Travel_Frequently,1345,Research & Development,1,3,Technical Degree,1,719,3,Female,96,3,2,Manufacturing Director,4,Divorced,8942,11601,1,Y,Yes,13,3,1,80,0,35,4,3,12,2,0,4
35,Yes,Travel_Rarely,926,Research & Development,18,3,Life Sciences,1,720,1,Female,71,2,2,Research Scientist,1,Married,7531,9056,5,Y,No,14,3,3,80,1,20,6,3,5,4,1,5
47,No,Travel_Rarely,1451,Sales,19,4,Life Sciences,1,721,1,Male,41,3,1,Research Director,3,Married,6255,23337,3,Y,No,12,3,3,80,2,27,5,2,9,4,2,3
32,No,Travel_Rarely,278,Research & Development,9,5,Life Sciences,1,722,1,Male,47,3,2,Sales Representative,4,Married,7774,16245,4,Y,No,24,3,3,80,0,16,0,3,3,3,3,1
44,No,Travel_Rarely,1235,Research & Development,13,2,Medical,1,723,2,Male,52,3,1,Manufacturing Director,1,Single,5255,17678,1,Y,Yes,14,3,2,80,2,24,3,3,4,4,1,3
51,No,Travel_Rarely,1182,Research & Development,8,3,Life Sciences,1,724,3,Female,35,3,2,Laboratory Technician,3,Single,8688,2260,2,Y,No,14,3,4,80,1,33,3,2,12,4,3,3
55,No,Travel_Rarely,1450,Research & Development,23,3,Medical,1,725,4,Male,82,3,2,Manager,1,Married,8965,21736,1,Y,No,16,4,1,80,0,39,3,3,7,6,2,2
50,Yes,Travel_Rarely,1004,Sales,13,3,Life Sciences,1,726,1,Male,71,4,3,Sales Executive,1,Married,12236,3352,8,Y,No,22,3,4,80,1,31,4,3,8,6,3,4
41,No,Travel_Rarely,768,Research & Development,15,3,Life Sciences,1,727,2,Male,95,3,3,Research Scientist,3,Divorced,10131,7243,3,Y,Yes,15,3,4,80,0,21,1,2,4,4,2,3
32,Yes,Travel_Frequently,290,Research & Development,11,1,Human Resources,1,728,4,Male,59,3,3,Sales Representative,4,Married,8715,11691,1,Y,Yes,17,3,2,80,0,12,6,2,12,2,2,6
47,No,Travel_Frequently,1323,Human Resources,12,4,Life Sciences,1,729,4,Female,38,3,2,Laboratory Technician,2,Divorced,7246,14565,0,Y,Yes,21,3,4,80,0,26,3,3,9,2,5,4
59,No,Travel_Rarely,1435,Research & Development,14,3,Medical,1,730,4,Female,71,1,2,Sales Executive,2,Married,8603,21390,5,Y,No,17,3,4,80,0,39,5,3,9,2,1,4
34,Yes,Travel_Frequently,807,Research & Development,4,2,Life Sciences,1,731,1,Female,63,3,1,Research Scientist,1,Married,6369,19206,1,Y,No,13,3,3,80,0,18,5,4,7,4,2,3
22,No,Travel_Rarely,1158,Research & Development,1,4,Medical,1,732,4,Male,69,3,2,Human Resources,1,Married,6832,18915,9,Y,No,19,3,3,80,1,6,6,2,5,4,1,4
46,No,Travel_Rarely,478,Research & Development,24,4,Medical,1,733,3,Female,46,4,2,Sales Representative,1,Single,9140,21204,3,Y,No,17,3,1,80,3,26,0,2,6,6,3,3
21,No,Travel_Frequently,486,Research & Development,4,3,Life Sciences,1,734,2,Female,58,4,2,Sales Representative,4,Single,7169,2166,1,Y,No,17,3,1,80,1,1,1,2,1,1,1,1
27,No,Travel_Rarely,336,Research & Development,19,3,Life Sciences,1,735,4,Male,79,3,2,Research Director,1,Single,7264,23310,5,Y,No,12,4,3,80,0,7,0,3,5,0,3,5
34,No,Travel_Rarely,715,Research & Development,9,3,Life Sciences,1,736,4,Female,78,3,4,Research Director,1,Married,12720,14523,1,Y,No,22,3,2,80,3,16,0,3,11,6,4,4
27,Yes,Travel_Rarely,382,Research & Development,10,2,Medical,1,737,3,Male,90,3,1,Human Resources,1,Married,5555,19439,7,Y,Yes,20,3,2,80,0,8,3,3,4,3,4,2
34,Yes,Travel_Rarely,100,Research & Development,4,2,Marketing,1,738,4,Female,75,3,1,Research Scientist,3,Single,5396,3254,1,Y,No,13,3,1,80,0,19,0,3,4,4,3,3
37,Yes,Travel_Frequently,563,Sales,20,4,Medical,1,739,1,Female,75,3,5,Research Director,2,Married,16639,6286,9,Y,No,13,3,3,80,1,21,6,3,5,3,2,2
41,No,Travel_Frequently,1353,Research & Development,9,1,Medical,1,740,1,Female,46,4,3,Research Director,2,Single,11336,10009,4,Y,Yes,22,3,2,80,1,23,4,4,8,4,1,7
22,No,Travel_Frequently,1066,Sales,13,1,Life Sciences,1,741,1,Male,95,2,1,Healthcare Representative,3,Divorced,3825,6007,7,Y,No,23,3,4,80,0,7,5,2,7,4,1,1
51,No,Travel_Frequently,271,Research & Development,12,1,Life Sciences,1,742,4,Male,34,3,4,Healthcare Representative,4,Divorced,13742,16992,0,Y,No,16,3,1,80,1,30,5,2,5,3,2,1
23,No,Travel_Rarely,1210,Research & Development,11,2,Life Sciences,1,743,2,Male,83,4,1,Manufacturing Director,4,Married,3818,9758,2,Y,No,14,3,1,80,0,6,5,2,6,4,2,2
19,No,Travel_Rarely,1246,Human Resources,12,1,Life Sciences,1,744,2,Male,45,3,2,Healthcare Representative,4,Married,7554,11723,6,Y,No,14,3,4,80,1,0,6,1,0,0,0,0
30,No,Travel_Rarely,942,Research & Development,18,5,Life Sciences,1,745,4,Female,36,1,2,Research Scientist,3,Single,7135,16590,5,Y,No,11,3,4,80,1,14,1,4,7,1,1,2
28,No,Travel_Rarely,1421,Research & Development,12,2,Medical,1,746,2,Female,37,1,2,Research Scientist,2,Divorced,6661,17638,1,Y,Yes,16,3,1,80,2,13,3,3,8,8,1,3
40,No,Travel_Rarely,789,Research & Development,16,2,Medical,1,747,2,Female,67,3,2,Healthcare Representative,2,Single,8515,14234,2,Y,Yes,18,3,4,80,3,19,3,3,8,4,2,6
33,No,Non-Travel,674,Sales,5,2,Human Resources,1,748,4,Male,83,3,1,Laboratory Technician,1,Single,5122,16011,1,Y,No,18,3,2,80,1,17,6,3,5,5,0,4
48,No,Travel_Rarely,264,Research & Development,20,4,Life Sciences,1,749,1,Female,44,3,1,Sales Executive,2,Single,6635,9889,4,Y,No,18,3,1,80,0,31,0,2,7,1,1,7
28,No,Travel_Rarely,482,Sales,25,3,Medical,1,750,4,Female,79,3,2,Human Resources,4,Married,8811,14016,2,Y,Yes,15,3,2,80,1,13,0,2,6,5,2,6
33,No,Travel_Rarely,308,Research & Development,12,3,Marketing,1,751,1,Female,85,4,1,Research Scientist,4,Married,5930,17415,1,Y,No,20,3,1,80,0,13,2,3,6,6,2,3
25,No,Travel_Rarely,323,Research & Development,21,4,Medical,1,752,1,Male,38,3,5,Research Scientist,1,Married,14581,6744,1,Y,No,16,4,2,80,3,9,2,3,7,3,4,5
21,No,Travel_Frequently,102,Research & Development,25,3,Life Sciences,1,753,2,Male,37,3,2,Manufacturing Director,1,Married,5613,26681,2,Y,Yes,15,3,3,80,2,1,3,4,1,1,1,1
57,No,Travel_Rarely,471,Sales,11,3,Life Sciences,1,754,2,Male,48,3,1,Research Scientist,2,Single,6720,11796,1,Y,No,14,3,2,80,0,40,6,3,10,3,4,5
21,No,Travel_Rarely,710,Sales,9,2,Life Sciences,1,755,1,Female,80,2,2,Sales Representative,1,Divorced,7308,13965,9,Y,No,22,3,4,80,2,3,3,3,3,3,1,3
42,No,Travel_Frequently,215,Research & Development,18,3,Life Sciences,1,756,1,Female,86,2,1,Sales Executive,1,Married,4983,6287,1,Y,No,14,3,3,80,0,27,0,1,11,4,2,5
20,No,Travel_Rarely,1393,Research & Development,25,3,Marketing,1,757,2,Female,97,4,1,Research Scientist,3,Married,5872,3002,8,Y,No,14,4,1,80,0,3,6,4,3,2,3,3
49,No,Travel_Rarely,546,Research & Development,3,3,Life Sciences,1,758,3,Male,60,4,2,Healthcare Representative,2,Married,8991,15589,2,Y,Yes,14,3,2,80,1,32,4,1,6,2,4,6
20,No,Travel_Rarely,1491,Research & Development,20,2,Life Sciences,1,759,1,Male,32,2,5,Research Scientist,4,Single,14199,14922,2,Y,No,24,3,1,80,0,4,4,4,4,4,0,4
44,No,Travel_Frequently,1376,Research & Development,17,3,Medical,1,760,1,Female,72,4,2,Human Resources,3,Single,8046,2084,1,Y,No,16,3,3,80,3,29,5,3,3,3,3,1
46,No,Travel_Rarely,1440,Sales,14,1,Marketing,1,761,1,Female,58,2,1,Manufacturing Director,4,Married,6637,21379,5,Y,No,16,4,4,80,0,27,0,2,9,4,3,7
49,No,Travel_Frequently,514,Human Resources,1,2,Medical,1,762,2,Female,39,3,2,Human Resources,1,Single,8053,15015,5,Y,Yes,15,3,4,80,2,29,6,3,8,3,5,5
36,Yes,Travel_Frequently,1218,Research & Development,17,3,Medical,1,763,4,Female,41,2,1,Sales Executive,1,Single,7171,17373,3,Y,No,22,3,4,80,1,21,2,4,6,5,2,5
38,No,Travel_Rarely,991,Sales,25,4,Life Sciences,1,764,1,Male,75,4,1,Sales Executive,4,Divorced,6653,7156,0,Y,No,21,3,1,80,2,22,2,3,5,4,3,3
22,No,Non-Travel,1147,Research & Development,27,3,Life Sciences,1,765,1,Female,59,2,3,Sales Executive,3,Married,10107,9194,8,Y,No,24,4,4,80,0,2,4,2,2,2,2,2
35,No,Travel_Frequently,762,Sales,8,3,Life Sciences,1,766,1,Female,61,3,5,Manufacturing Director,3,Married,14247,7783,9,Y,No,21,3,4,80,1,17,3,2,3,3,2,3
45,No,Travel_Frequently,1173,Human Resources,5,2,Medical,1,767,4,Male,76,3,1,Human Resources,3,Married,6324,7695,2,Y,No,19,4,1,80,2,30,0,3,7,4,1,3
59,No,Travel_Frequently,817,Sales,5,2,Human Resources,1,768,4,Male,92,2,2,Research Director,1,Divorced,10747,14357,4,Y,Yes,18,4,1,80,1,40,5,2,11,4,2,2
39,No,Travel_Rarely,1458,Research & Development,9,1,Life Sciences,1,769,1,Male,55,3,5,Sales Representative,2,Single,16154,18537,3,Y,No,20,3,3,80,0,20,5,3,5,2,0,5
38,No,Travel_Rarely,1202,Sales,3,3,Medical,1,770,1,Male,32,1,1,Sales Executive,1,Divorced,4798,11653,2,Y,No,16,3,4,80,1,19,3,4,7,6,1,3
23,Yes,Travel_Rarely,1150,Research & Development,19,2,Life Sciences,1,771,3,Female,52,3,1,Laboratory Technician,4,Married,3879,24798,0,Y,Yes,21,3,3,80,3,4,2,4,4,3,2,4
18,No,Travel_Rarely,370,Research & Development,23,2,Medical,1,772,4,Male,79,3,4,Human Resources,3,Single,11138,25068,3,Y,Yes,19,3,2,80,1,0,4,2,0,0,0,0
22,No,Travel_Rarely,661,Research & Development,9,4,Life Sciences,1,773,3,Male,65,3,2,Human Resources,2,Single,6337,4019,7,Y,Yes,15,3,2,80,1,5,3,3,5,2,3,5
58,No,Travel_Frequently,903,Research & Development,22,1,Life Sciences,1,774,1,Male,42,4,1,Healthcare Representative,3,Married,8423,18155,0,Y,Yes,20,3,2,80,2,40,2,2,10,0,0,9
29,No,Travel_Frequently,346,Research & Development,18,3,Marketing,1,775,1,Male,58,3,2,Manager,1,Married,5843,2570,4,Y,No,14,3,2,80,0,9,2,3,7,3,2,5
43,Yes,Travel_Rarely,486,Sales,16,3,Medical,1,776,1,Male,67,1,1,Manager,2,Single,6524,9922,8,Y,Yes,24,4,1,80,3,23,6,3,6,5,4,5
51,No,Travel_Frequently,801,Research & Development,1,3,Medical,1,777,1,Female,34,3,2,Manufacturing Director,2,Married,8106,18200,1,Y,No,16,3,3,80,1,35,5,3,6,2,2,1
31,Yes,Travel_Frequently,658,Sales,2,3,Life Sciences,1,778,2,Male,49,3,3,Sales Executive,1,Married,9270,26724,1,Y,No,14,3,3,80,0,10,2,4,3,3,0,3
43,No,Travel_Rarely,1072,Human Resources,14,3,Life Sciences,1,779,2,Male,43,4,2,Healthcare Representative,3,Married,6892,13769,6,Y,No,18,3,1,80,0,25,3,3,2,2,0,2
44,Yes,Travel_Rarely,1484,Research & Development,14,3,Life Sciences,1,780,2,Male,37,2,2,Sales Executive,3,Divorced,8140,8153,1,Y,No,17,3,2,80,0,26,1,2,11,8,2,3
26,No,Travel_Rarely,1083,Research & Development,1,4,Marketing,1,781,3,Male,77,3,1,Sales Executive,3,Divorced,5848,21075,1,Y,No,15,3,3,80,1,7,4,3,4,4,2,3
43,No,Travel_Frequently,451,Research & Development,26,4,Human Resources,1,782,4,Male,42,4,1,Healthcare Representative,1,Married,6211,26053,2,Y,No,20,3,4,80,1,28,2,1,5,5,1,4
39,No,Travel_Rarely,1379,Sales,26,2,Medical,1,783,1,Male,53,3,1,Healthcare Representative,4,Divorced,4721,12301,2,Y,Yes,16,3,1,80,2,24,3,3,8,1,0,7
47,No,Travel_Rarely,1345,Sales,25,1,Life Sciences,1,784,4,Female,94,3,3,Sales Representative,4,Single,12133,7507,8,Y,No,21,3,1,80,3,31,5,2,7,2,5,5
34,No,Travel_Rarely,852,Sales,16,4,Technical Degree,1,785,2,Female,63,3,2,Research Scientist,3,Single,8765,6869,4,Y,No,17,3,4,80,0,13,0,4,8,2,3,1
43,No,Travel_Frequently,880,Research & Development,15,3,Medical,1,786,1,Male,80,3,1,Manager,2,Married,6083,24233,2,Y,Yes,12,3,2,80,1,22,5,3,8,3,0,5
53,No,Travel_Frequently,1124,Sales,26,3,Medical,1,787,1,Male,32,2,2,Research Scientist,4,Married,10927,17591,3,Y,No,19,3,2,80,1,35,6,3,8,3,2,7
18,Yes,Travel_Rarely,645,Sales,15,3,Life Sciences,1,788,3,Female,87,4,3,Healthcare Representative,3,Married,9657,24351,9,Y,No,17,4,3,80,0,0,4,3,0,0,0,0
25,No,Non-Travel,178,Research & Development,12,2,Marketing,1,789,4,Female,84,2,2,Manufacturing Director,4,Married,7606,5655,1,Y,Yes,18,3,4,80,1,5,0,3,5,5,0,3
52,No,Travel_Frequently,1359,Human Resources,16,3,Medical,1,790,3,Male,71,3,1,Healthcare Representative,3,Single,6077,18347,1,Y,No,24,3,3,80,0,33,0,3,13,3,2,5
32,Yes,Non-Travel,433,Research & Development,14,3,Marketing,1,791,2,Female,50,3,1,Research Scientist,4,Single,5621,25055,9,Y,No,15,3,2,80,0,12,5,3,7,4,4,2
39,No,Non-Travel,988,Research & Development,29,2,Marketing,1,792,4,Female,39,3,1,Research Director,4,Divorced,5853,24053,9,Y,No,13,3,3,80,0,24,3,3,6,4,6,3
31,No,Travel_Frequently,1472,Sales,24,3,Life Sciences,1,793,2,Female,86,3,3,Research Director,2,Divorced,10455,4492,1,Y,No,12,3,4,80,2,13,5,3,9,6,2,2
43,No,Travel_Rarely,1221,Research & Development,15,4,Medical,1,794,3,Male,54,3,2,Manager,2,Married,7952,14304,1,Y,No,12,3,4,80,1,24,1,3,7,5,1,4
45,Yes,Travel_Rarely,1205,Research & Development,23,3,Marketing,1,795,3,Male,85,3,2,Laboratory Technician,4,Married,8762,8512,2,Y,Yes,13,4,4,80,1,24,3,1,6,3,3,3
40,No,Travel_Rarely,601,Sales,15,1,Life Sciences,1,796,1,Male,67,3,3,Manufacturing Director,3,Married,10106,17243,0,Y,No,11,3,2,80,1,24,3,2,8,5,3,4
31,No,Travel_Rarely,864,Sales,19,3,Life Sciences,1,797,4,Female,90,3,5,Sales Executive,2,Single,13322,10774,5,Y,No,11,3,1,80,0,14,4,4,9,1,2,2
41,Yes,Travel_Rarely,1020,Research & Development,8,4,Life Sciences,1,798,4,Female,76,3,1,Human Resources,1,Married,6638,6350,0,Y,No,17,3,1,80,0,20,6,3,9,3,0,3
19,No,Travel_Rarely,649,Research & Development,2,4,Medical,1,799,1,Male,83,4,1,Healthcare Representative,2,Married,2878,24983,0,Y,Yes,20,3,1,80,0,4,6,3,4,4,3,0
43,No,Non-Travel,113,Sales,2,3,Life Sciences,1,800,4,Female,75,3,2,Research Director,4,Married,8585,12882,3,Y,Yes,22,3,3,80,0,27,3,2,10,6,1,3
31,No,Travel_Frequently,491,Research & Development,27,2,Medical,1,801,2,Female,97,3,1,Laboratory Technician,4,Single,5306,6656,9,Y,No,21,3,4,80,3,11,4,2,3,3,0,3
24,No,Travel_Frequently,1470,Research & Development,10,4,Life Sciences,1,802,2,Female,33,3,3,Manufacturing Director,1,Divorced,9741,10511,2,Y,No,18,4,2,80,1,6,2,2,6,6,1,3
20,No,Travel_Rarely,409,Research & Development,3,3,Technical Degree,1,803,3,Female,95,3,4,Manufacturing Director,2,Divorced,11433,22699,2,Y,No,16,3,1,80,0,1,4,3,1,1,1,1
40,No,Travel_Rarely,485,Research & Development,23,1,Life Sciences,1,804,2,Female,72,4,2,Research Director,4,Single,8476,23178,9,Y,No,17,4,1,80,0,25,6,4,11,7,3,6
35,No,Travel_Rarely,1332,Research & Development,17,3,Life Sciences,1,805,4,Male,91,3,1,Human Resources,1,Married,5736,19821,3,Y,No,11,3,3,80,1,20,3,3,8,3,4,7
55,Yes,Travel_Rarely,1480,Research & Development,8,3,Medical,1,806,1,Female,33,2,1,Laboratory Technician,1,Divorced,7547,18415,2,Y,Yes,24,3,3,80,1,37,2,3,10,4,2,3
52,No,Travel_Rarely,1073,Human Resources,28,3,Medical,1,807,3,Female,94,4,2,Sales Representative,3,Single,10606,2714,2,Y,Yes,11,4,1,80,1,34,2,3,8,3,1,8
32,No,Travel_Rarely,1217,Research & Development,23,2,Life Sciences,1,808,1,Male,91,3,3,Human Resources,2,Married,10307,26339,1,Y,No,19,3,4,80,0,12,1,3,4,1,4,1
42,No,Non-Travel,1216,Research & Development,4,3,Life Sciences,1,809,3,Male,31,3,1,Research Scientist,2,Married,5971,17089,3,Y,No,15,3,4,80,1,24,5,4,1,1,1,1
54,Yes,Travel_Rarely,439,Research & Development,14,4,Life Sciences,1,810,3,Female,38,4,1,Manufacturing Director,2,Married,6154,11231,2,Y,No,17,3,3,80,0,35,3,3,9,4,3,2
45,No,Travel_Rarely,696,Research & Development,21,4,Medical,1,811,1,Male,86,3,1,Laboratory Technician,4,Divorced,6508,18792,1,Y,No,16,3,3,80,2,30,0,3,12,2,2,3
27,No,Travel_Rarely,856,Research & Development,10,4,Marketing,1,812,2,Female,74,3,5,Research Director,1,Married,15253,17163,1,Y,No,14,3,4,80,0,6,5,3,6,4,2,4
56,No,Travel_Rarely,1145,Sales,29,5,Medical,1,813,2,Male,47,3,2,Manufacturing Director,3,Single,9386,18008,1,Y,Yes,11,4,3,80,0,38,3,3,6,4,4,2
34,No,Travel_Rarely,390,Human Resources,1,1,Medical,1,814,2,Male,77,3,4,Human Resources,2,Single,13215,9346,3,Y,Yes,14,3,3,80,1,15,0,3,7,1,1,4
56,No,Non-Travel,405,Research & Development,4,3,Marketing,1,815,2,Male,71,3,3,Sales Executive,3,Single,11805,10038,0,Y,No,20,4,4,80,0,37,5,2,6,6,1,5
39,No,Travel_Rarely,733,Research & Development,1,3,Life Sciences,1,816,1,Male,70,2,2,Sales Executive,3,Married,8716,26124,1,Y,No,20,4,4,80,1,19,6,2,8,4,2,4
43,No,Travel_Rarely,1251,Sales,17,4,Human Resources,1,817,4,Female,87,2,1,Manufacturing Director,1,Married,6730,26048,9,Y,Yes,18,3,2,80,0,25,1,4,7,5,1,7
42,No,Travel_Rarely,724,Research & Development,26,2,Marketing,1,818,3,Male,71,3,1,Laboratory Technician,2,Single,6638,23415,4,Y,Yes,23,4,3,80,0,27,3,3,13,3,1,4
34,No,Travel_Rarely,1038,Research & Development,17,5,Life Sciences,1,819,1,Male,64,3,2,Laboratory Technician,3,Married,7874,19511,0,Y,No,22,3,3,80,2,14,5,1,3,1,3,3
30,No,Travel_Rarely,1396,Sales,7,3,Life Sciences,1,820,2,Male,67,2,4,Research Scientist,2,Married,11628,23820,5,Y,Yes,21,3,2,80,0,9,1,3,9,7,0,3
37,No,Travel_Frequently,947,Human Resources,23,4,Life Sciences,1,821,2,Male,96,4,1,Research Scientist,2,Single,5030,10898,0,Y,No,23,3,3,80,0,16,0,3,7,5,4,0
42,No,Travel_Rarely,541,Sales,20,1,Life Sciences,1,822,1,Male,70,3,1,Research Director,2,Married,6396,14031,6,Y,Yes,11,3,3,80,0,26,4,3,6,4,1,3
21,No,Travel_Rarely,602,Sales,15,2,Marketing,1,823,3,Female,79,2,2,Sales Executive,3,Married,8699,13215,6,Y,No,12,3,1,80,2,2,6,1,2,2,1,2
27,No,Travel_Rarely,229,Research & Development,13,4,Medical,1,824,1,Male,74,3,1,Research Director,1,Married,4447,13851,5,Y,No,18,3,1,80,1,9,3,3,7,4,1,4
20,No,Travel_Rarely,1255,Research & Development,28,1,Marketing,1,825,1,Male,48,3,2,Laboratory Technician,1,Married,7024,2782,6,Y,Yes,12,3,1,80,3,4,2,2,4,3,1,4
58,No,Travel_Frequently,696,Research & Development,2,4,Marketing,1,826,4,Male,46,3,1,Research Scientist,3,Married,6755,7300,0,Y,No,21,3,2,80,2,40,2,3,10,5,2,4
35,No,Travel_Rarely,961,Sales,28,1,Medical,1,827,1,Male,94,2,1,Human Resources,4,Divorced,4580,20563,6,Y,No,23,4,3,80,2,16,1,1,4,4,3,4
53,No,Travel_Rarely,692,Human Resources,19,3,Medical,1,828,4,Male,85,2,2,Healthcare Representative,2,Married,8758,25190,1,Y,No,22,3,2,80,1,38,6,3,8,3,3,5
39,No,Travel_Rarely,1098,Sales,24,3,Life Sciences,1,829,3,Male,70,3,2,Healthcare Representative,2,Married,6514,3178,2,Y,No,20,3,2,80,2,21,4,1,17,3,1,2
51,No,Travel_Rarely,424,Sales,13,3,Life Sciences,1,830,1,Female,71,3,2,Manager,1,Married,10222,4406,9,Y,No,19,3,3,80,0,31,2,2,6,5,4,6
25,No,Travel_Rarely,1192,Sales,24,4,Medical,1,831,1,Female,35,3,1,Manufacturing Director,3,Single,2775,15546,3,Y,No,13,3,4,80,2,4,2,2,4,3,4,3
57,No,Travel_Rarely,547,Research & Development,11,3,Life Sciences,1,832,2,Female,98,4,4,Sales Representative,3,Married,14408,21191,9,Y,No,13,3,4,80,2,40,3,2,4,2,2,3
36,No,Travel_Rarely,918,Human Resources,27,2,Life Sciences,1,833,1,Male,69,3,1,Sales Representative,4,Married,4497,14452,0,Y,No,16,3,3,80,1,21,2,3,10,5,3,3
59,Yes,Travel_Frequently,1288,Research & Development,22,1,Technical Degree,1,834,2,Male,70,4,1,Human Resources,4,Single,6572,21148,3,Y,No,13,4,4,80,0,40,6,3,5,5,2,5
58,No,Travel_Rarely,808,Research & Development,15,3,Medical,1,835,2,Male,38,4,2,Manager,1,Married,10801,4724,0,Y,No,19,3,1,80,1,37,6,4,7,4,5,6
54,No,Non-Travel,364,Sales,10,3,Life Sciences,1,836,2,Female,37,4,1,Sales Executive,4,Single,7040,4535,5,Y,Yes,21,3,3,80,1,34,0,3,16,2,1,5
23,No,Travel_Rarely,711,Research & Development,9,4,Medical,1,837,3,Female,73,4,2,Human Resources,4,Married,6127,26788,0,Y,Yes,18,3,2,80,1,6,1,3,6,5,1,4
43,No,Non-Travel,1465,Research & Development,27,3,Marketing,1,838,4,Male,87,4,5,Human Resources,3,Single,15528,12140,1,Y,Yes,14,4,1,80,3,26,6,2,5,3,3,5
51,No,Travel_Frequently,931,Research & Development,28,3,Life Sciences,1,839,2,Male,96,3,2,Healthcare Representative,3,Single,8527,23245,1,Y,No,16,3,2,80,1,36,5,3,10,3,2,4
23,No,Travel_Rarely,1401,Sales,9,3,Life Sciences,1,840,1,Female,42,3,2,Sales Representative,4,Divorced,6865,24684,6,Y,No,18,3,4,80,0,6,2,2,6,3,1,4
54,No,Travel_Frequently,773,Research & Development,20,1,Human Resources,1,841,1,Female,48,3,2,Sales Executive,1,Divorced,9518,26240,1,Y,No,14,3,3,80,1,36,3,3,10,4,0,3
50,No,Travel_Rarely,256,Research & Development,28,3,Life Sciences,1,842,2,Female,78,4,1,Manufacturing Director,4,Single,8076,21530,7,Y,Yes,23,3,1,80,1,34,5,3,7,2,2,3
39,No,Non-Travel,350,Research & Development,1,5,Life Sciences,1,843,2,Female,59,3,2,Manufacturing Director,1,Married,6646,24962,1,Y,Yes,15,3,3,80,2,19,0,3,4,4,2,3
38,Yes,Travel_Rarely,977,Research & Development,17,4,Medical,1,844,1,Female,95,2,1,Healthcare Representative,4,Single,5572,3201,0,Y,No,17,3,1,80,1,20,5,3,4,3,4,4
23,No,Travel_Rarely,629,Sales,12,3,Marketing,1,845,2,Male,88,2,5,Manager,3,Married,14147,12011,2,Y,No,18,3,1,80,0,5,2,4,5,4,4,5
23,No,Travel_Rarely,426,Research & Development,10,3,Life Sciences,1,846,4,Female,82,3,1,Manufacturing Director,3,Married,5157,4889,9,Y,Yes,17,3,1,80,0,8,1,2,6,3,3,2
21,No,Non-Travel,1060,Sales,5,4,Life Sciences,1,847,4,Female,81,3,2,Manager,1,Single,7023,19028,1,Y,No,18,3,3,80,0,1,1,1,1,1,1,1
47,Yes,Travel_Rarely,994,Research & Development,29,3,Life Sciences,1,848,3,Female,60,3,4,Sales Representative,4,Married,14292,12551,1,Y,No,14,3,1,80,0,29,6,3,5,5,5,5
28,Yes,Travel_Rarely,196,Research & Development,18,1,Other,1,849,2,Male,44,3,3,Laboratory Technician,4,Single,10076,24335,6,Y,No,11,3,1,80,2,13,1,4,5,5,1,4
47,No,Travel_Frequently,612,Sales,15,1,Life Sciences,1,850,3,Male,49,3,5,Human Resources,1,Single,15574,22606,1,Y,No,16,3,3,80,0,31,2,3,6,3,3,5
48,Yes,Travel_Frequently,315,Human Resources,6,3,Medical,1,851,3,Male,34,1,2,Research Director,4,Married,9869,14664,6,Y,No,15,4,2,80,0,28,0,2,6,1,1,2
41,No,Travel_Rarely,1255,Research & Development,7,5,Technical Degree,1,852,3,Male,36,3,1,Sales Executive,2,Married,6478,17704,1,Y,No,21,4,4,80,2,24,6,3,5,1,4,4
26,No,Travel_Rarely,1383,Sales,17,4,Life Sciences,1,853,2,Female,47,3,3,Research Scientist,3,Married,10372,6320,3,Y,Yes,14,4,3,80,0,9,4,4,7,3,5,6
20,No,Travel_Rarely,224,Research & Development,6,1,Other,1,854,3,Male,85,4,1,Research Scientist,3,Married,5171,5088,1,Y,No,12,3,3,80,0,2,5,1,2,2,2,2
48,Yes,Travel_Rarely,1205,Sales,8,2,Human Resources,1,855,4,Male,74,3,1,Human Resources,1,Married,6734,10688,3,Y,No,11,3,1,80,1,27,6,2,4,3,2,2
57,No,Travel_Rarely,1406,Research & Development,12,4,Technical Degree,1,856,3,Female,57,3,2,Human Resources,4,Married,10804,12208,6,Y,No,19,4,3,80,0,37,1,3,4,4,3,4
54,Yes,Non-Travel,158,Research & Development,21,4,Life Sciences,1,857,4,Male,79,3,2,Human Resources,1,Married,9682,10664,6,Y,No,22,3,3,80,1,35,0,4,5,5,2,5
53,Yes,Travel_Rarely,260,Human Resources,14,3,Medical,1,858,4,Male,31,3,4,Sales Executive,2,Married,14124,12080,3,Y,No,12,3,4,80,2,38,3,3,7,2,3,3
41,No,Travel_Rarely,383,Research & Development,12,3,Marketing,1,859,2,Male,97,2,5,Sales Representative,4,Married,15834,21766,8,Y,No,19,3,3,80,3,22,3,4,6,3,1,6
48,No,Travel_Rarely,205,Research & Development,23,1,Other,1,860,3,Female,53,3,3,Laboratory Technician,2,Married,11380,9925,1,Y,No,16,3,1,80,0,30,0,2,10,6,1,2
23,No,Travel_Rarely,1228,Research & Development,10,4,Life Sciences,1,861,2,Male,77,4,1,Human Resources,1,Married,3984,3160,1,Y,No,23,3,4,80,0,2,3,3,2,2,1,2
19,No,Travel_Rarely,327,Sales,22,4,Marketing,1,862,4,Female,74,3,2,Research Director,3,Married,7885,12714,4,Y,No,16,3,3,80,1,0,3,3,0,0,0,0
37,No,Travel_Rarely,417,Research & Development,20,2,Life Sciences,1,863,1,Male,87,3,3,Laboratory Technician,2,Married,10757,6312,4,Y,No,12,3,1,80,0,20,1,3,11,3,0,5
45,No,Travel_Rarely,901,Research & Development,15,4,Life Sciences,1,864,3,Female,65,4,5,Sales Executive,4,Married,16235,10387,0,Y,Yes,16,3,4,80,1,27,2,3,5,5,4,5
28,No,Non-Travel,973,Sales,7,2,Medical,1,865,2,Male,31,3,2,Human Resources,1,Married,7610,20632,4,Y,No,13,3,3,80,0,8,2,4,5,1,2,5
21,No,Travel_Rarely,571,Research & Development,26,1,Marketing,1,866,1,Male,47,3,1,Sales Executive,1,Married,6623,22845,2,Y,Yes,17,3,1,80,1,1,2,3,1,1,1,1
32,Yes,Non-Travel,1179,Research & Development,9,2,Medical,1,867,3,Male,78,3,3,Laboratory Technician,1,Divorced,9214,21150,6,Y,Yes,23,4,4,80,2,12,2,1,11,4,3,3
23,No,Travel_Frequently,724,Research & Development,10,2,Medical,1,868,3,Male,37,4,1,Manager,3,Married,3723,19935,7,Y,Yes,20,4,1,80,3,2,0,3,2,2,0,1
47,Yes,Travel_Rarely,112,Sales,10,3,Other,1,869,2,Male,87,4,2,Manager,1,Divorced,7715,4447,4,Y,Yes,14,3,4,80,2,27,6,3,6,2,3,6
55,No,Travel_Frequently,1141,Sales,16,3,Life Sciences,1,870,1,Male,44,4,2,Manufacturing Director,1,Married,9273,24028,0,Y,No,19,4,3,80,0,34,1,2,8,2,2,4
19,No,Travel_Rarely,793,Sales,29,3,Medical,1,871,2,Male,46,3,2,Research Scientist,3,Divorced,6776,6309,5,Y,No,15,3,2,80,1,0,0,3,0,0,0,0
32,No,Travel_Rarely,1072,Research & Development,7,3,Life Sciences,1,872,3,Male,52,3,3,Manager,1,Married,9747,12580,6,Y,Yes,22,3,4,80,1,16,5,2,3,3,3,3
28,No,Travel_Frequently,212,Sales,28,2,Life Sciences,1,873,3,Male,95,2,2,Healthcare Representative,1,Divorced,6868,25880,1,Y,No,20,3,3,80,3,8,5,1,7,4,3,3
25,No,Travel_Rarely,328,Research & Development,5,1,Medical,1,874,4,Male,99,3,2,Manager,2,Single,7173,10310,3,Y,Yes,13,4,4,80,3,9,3,3,9,4,3,3
43,Yes,Travel_Rarely,270,Sales,23,3,Human Resources,1,875,3,Female,56,4,1,Sales Representative,1,Single,5598,5496,9,Y,No,11,3,2,80,3,26,1,3,8,5,2,5
22,No,Travel_Rarely,394,Research & Development,3,3,Medical,1,876,3,Female,66,4,1,Human Resources,3,Married,4568,3716,1,Y,No,11,3,1,80,2,6,4,3,6,4,3,5
23,No,Travel_Rarely,288,Research & Development,18,3,Marketing,1,877,1,Male,78,3,1,Sales Representative,2,Divorced,5291,23321,1,Y,No,23,3,2,80,1,7,2,3,4,4,1,3
43,No,Travel_Rarely,525,Research & Development,11,4,Life Sciences,1,878,1,Male,93,3,3,Manufacturing Director,1,Married,11541,21298,1,Y,Yes,14,3,2,80,1,28,5,3,7,7,1,7
21,Yes,Non-Travel,1076,Sales,15,4,Life Sciences,1,879,4,Female,63,3,1,Healthcare Representative,3,Single,4944,17732,4,Y,No,20,3,1,80,3,6,5,2,6,4,3,5
36,No,Travel_Rarely,1202,Research & Development,21,4,Medical,1,880,4,Male,47,3,2,Manager,4,Married,8808,3672,9,Y,Yes,20,3,2,80,1,21,3,2,6,6,0,2
37,No,Travel_Rarely,757,Sales,20,3,Life Sciences,1,881,4,Female,93,3,2,Human Resources,1,Married,8246,11394,4,Y,No,14,3,3,80,2,17,2,3,5,1,1,3
50,No,Travel_Rarely,1018,Research & Development,5,2,Life Sciences,1,882,2,Male,73,3,2,Healthcare Representative,4,Single,8933,3455,1,Y,No,19,3,4,80,3,33,2,3,3,1,1,3
37,No,Travel_Rarely,1305,Research & Development,24,4,Medical,1,883,2,Female,46,2,2,Healthcare Representative,2,Married,7402,16031,5,Y,No,18,3,2,80,1,19,2,4,7,2,2,4
29,No,Travel_Rarely,598,Sales,12,2,Life Sciences,1,884,4,Male,88,3,2,Sales Representative,3,Divorced,7067,15232,4,Y,No,14,3,4,80,0,10,6,3,6,5,3,5
18,No,Non-Travel,861,Research & Development,4,3,Life Sciences,1,885,2,Female,42,2,2,Research Scientist,2,Divorced,6081,24929,4,Y,No,16,3,4,80,0,0,5,3,0,0,0,0
43,No,Travel_Rarely,965,Research & Development,15,1,Medical,1,886,3,Male,81,4,2,Laboratory Technician,4,Single,9085,18340,1,Y,No,17,3,1,80,0,22,4,3,7,5,4,1
31,Yes,Travel_Rarely,925,Sales,9,4,Medical,1,887,4,Female,89,3,1,Research Scientist,4,Married,5317,9026,5,Y,No,20,4,2,80,1,13,3,2,8,3,2,8
55,No,Travel_Frequently,170,Research & Development,7,2,Technical Degree,1,888,4,Male,71,4,4,Research Scientist,4,Married,15017,17438,2,Y,Yes,18,4,1,80,1,36,2,3,7,6,3,1
54,No,Travel_Frequently,347,Sales,10,4,Medical,1,889,2,Male,93,2,3,Laboratory Technician,3,Married,10951,5978,0,Y,No,14,3,1,80,1,35,2,3,7,5,2,7
28,No,Travel_Rarely,245,Research & Development,29,4,Medical,1,890,1,Female,95,2,1,Manager,4,Single,5945,4471,3,Y,Yes,11,3,4,80,1,11,1,3,6,0,6,6
53,No,Travel_Rarely,1419,Research & Development,28,3,Human Resources,1,891,4,Male,63,3,2,Healthcare Representative,4,Married,8958,10309,9,Y,Yes,15,3,3,80,3,38,2,2,8,2,5,2
30,No,Travel_Rarely,681,Sales,23,4,Marketing,1,892,2,Female,93,3,4,Healthcare Representative,3,Married,11579,2367,2,Y,Yes,24,3,4,80,0,12,1,3,9,3,0,5
20,No,Travel_Rarely,569,Research & Development,13,3,Life Sciences,1,893,2,Male,62,3,1,Research Scientist,4,Divorced,3808,15417,9,Y,No,11,4,1,80,2,0,3,2,0,0,0,0
50,No,Travel_Rarely,292,Research & Development,29,4,Life Sciences,1,894,1,Female,41,2,3,Research Scientist,1,Divorced,13547,21560,0,Y,No,21,3,2,80,0,34,3,3,8,7,0,4
23,Yes,Travel_Rarely,1191,Human Resources,8,3,Medical,1,895,4,Male,48,1,1,Sales Executive,4,Single,4089,5374,6,Y,Yes,21,3,3,80,1,7,3,3,6,2,0,2
27,No,Non-Travel,593,Research & Development,12,4,Medical,1,896,1,Female,38,3,2,Laboratory Technician,3,Divorced,6959,8773,1,Y,No,14,3,3,80,1,6,1,4,6,4,2,2
22,No,Travel_Frequently,151,Human Resources,22,3,Marketing,1,897,3,Female,46,2,4,Sales Representative,4,Married,11666,16205,1,Y,No,17,3,2,80,2,5,5,3,5,3,1,2
40,Yes,Travel_Rarely,981,Research & Development,24,5,Marketing,1,898,1,Male,79,3,2,Healthcare Representative,3,Married,8141,5812,4,Y,No,17,3,2,80,1,24,5,3,9,5,1,5
27,No,Travel_Rarely,462,Research & Development,19,3,Medical,1,899,1,Female,68,3,2,Sales Representative,4,Married,6594,24675,4,Y,No,11,4,3,80,0,10,6,3,8,1,0,7
19,No,Travel_Rarely,1016,Research & Development,26,3,Other,1,900,2,Female,70,2,4,Human Resources,1,Married,11694,24369,6,Y,No,19,3,1,80,0,3,4,2,3,3,3,3
30,No,Travel_Rarely,573,Research & Development,26,4,Medical,1,901,1,Male,39,2,2,Manager,3,Married,8320,20581,4,Y,No,12,3,3,80,0,14,6,2,7,4,3,1
57,No,Travel_Rarely,620,Research & Development,1,4,Life Sciences,1,902,3,Female,41,2,2,Research Scientist,3,Married,9871,23295,4,Y,Yes,15,3,3,80,0,39,4,2,6,6,1,2
19,No,Travel_Frequently,1421,Research & Development,16,3,Marketing,1,903,2,Male,44,4,2,Sales Executive,3,Single,5691,16351,8,Y,No,16,3,3,80,1,2,6,3,2,2,2,0
37,No,Travel_Rarely,790,Research & Development,22,2,Life Sciences,1,904,3,Female,57,3,2,Sales Executive,3,Married,7744,2900,3,Y,No,11,3,1,80,1,18,5,3,6,4,2,3
18,No,Travel_Rarely,1321,Research & Development,17,3,Marketing,1,905,1,Male,33,4,3,Human Resources,4,Single,8558,18576,1,Y,Yes,24,3,2,80,2,0,6,4,0,0,0,0
54,No,Travel_Frequently,1251,Research & Development,25,5,Human Resources,1,906,3,Male,65,3,5,Manager,4,Single,16922,4770,1,Y,No,22,3,2,80,3,38,5,4,5,5,1,5
26,No,Travel_Rarely,631,Research & Development,18,4,Medical,1,907,3,Male,94,3,3,Manager,1,Married,10704,13540,2,Y,No,12,3,2,80,1,11,2,3,11,4,0,5
34,No,Travel_Rarely,939,Research & Development,11,4,Medical,1,908,1,Male,76,2,2,Manufacturing Director,1,Married,7660,7180,6,Y,Yes,17,3,1,80,0,15,3,3,7,6,1,2
26,No,Travel_Rarely,1188,Research & Development,18,1,Medical,1,909,1,Female,68,3,1,Research Scientist,4,Married,4569,17308,0,Y,Yes,16,3,1,80,2,6,5,3,6,5,1,3
28,No,Travel_Rarely,340,Sales,7,3,Life Sciences,1,910,2,Female,67,3,3,Laboratory Technician,2,Single,11222,19334,1,Y,No,16,3,2,80,1,9,0,2,9,5,0,5
32,Yes,Non-Travel,1492,Research & Development,18,3,Life Sciences,1,911,2,Male,73,3,3,Laboratory Technician,3,Divorced,10820,8679,1,Y,No,16,3,4,80,1,17,5,4,10,3,3,5
41,No,Travel_Rarely,635,Research & Development,26,4,Medical,1,912,4,Male,80,3,3,Research Director,4,Married,11299,5606,4,Y,No,24,3,4,80,1,20,2,2,5,5,4,1
55,No,Travel_Rarely,182,Research & Development,8,1,Marketing,1,913,2,Female,55,3,1,Manager,1,Single,8526,16678,1,Y,No,24,3,2,80,1,35,5,3,9,5,2,5
52,Yes,Travel_Rarely,1081,Sales,6,4,Medical,1,914,1,Male,65,2,4,Sales Representative,3,Married,14611,23422,1,Y,No,17,3,4,80,2,34,4,3,4,4,1,4
47,No,Non-Travel,1050,Sales,7,3,Life Sciences,1,915,3,Male,98,3,1,Human Resources,1,Married,4730,2257,4,Y,No,20,3,4,80,3,32,4,3,4,4,1,4
48,No,Travel_Rarely,710,Human Resources,23,2,Medical,1,916,3,Male,30,3,1,Sales Executive,2,Single,7066,19605,6,Y,Yes,22,4,2,80,3,28,6,3,4,3,4,4
22,No,Travel_Rarely,673,Research & Development,22,3,Marketing,1,917,2,Male,82,4,2,Research Scientist,3,Married,5546,16388,2,Y,Yes,24,4,2,80,2,5,3,4,5,2,1,5
31,No,Travel_Rarely,385,Sales,10,2,Medical,1,918,2,Male,35,3,2,Human Resources,2,Divorced,7901,19034,4,Y,No,24,3,1,80,2,10,1,2,5,5,2,1
28,No,Travel_Rarely,1088,Research & Development,11,3,Medical,1,919,1,Female,66,4,1,Healthcare Representative,2,Married,3429,12510,0,Y,No,22,3,4,80,0,11,2,2,6,2,1,4
26,Yes,Travel_Rarely,558,Research & Development,25,1,Marketing,1,920,3,Male,31,3,2,Manufacturing Director,2,Single,6766,4425,8,Y,No,19,3,4,80,2,7,1,3,7,2,3,4
51,No,Travel_Rarely,1335,Sales,13,2,Medical,1,921,4,Female,98,3,2,Sales Executive,4,Divorced,8848,17011,2,Y,No,19,3,2,80,0,33,4,2,7,7,2,3
29,No,Travel_Rarely,225,Research & Development,9,4,Life Sciences,1,922,4,Male,70,3,1,Human Resources,1,Married,4263,21543,9,Y,Yes,12,3,3,80,1,8,6,3,5,5,1,2
52,No,Travel_Rarely,524,Research & Development,7,2,Technical Degree,1,923,2,Male,80,3,1,Human Resources,3,Divorced,6440,2397,9,Y,No,12,3,2,80,0,34,3,3,5,2,2,4
52,No,Travel_Frequently,653,Research & Development,9,2,Life Sciences,1,924,4,Female,76,3,4,Manufacturing Director,4,Single,15046,23685,6,Y,No,15,3,1,80,0,36,4,4,11,4,0,5
18,No,Travel_Rarely,709,Research & Development,13,3,Other,1,925,1,Male,42,3,1,Human Resources,1,Married,3428,13106,0,Y,No,20,3,3,80,0,0,3,3,0,0,0,0
57,No,Travel_Rarely,1281,Research & Development,26,3,Life Sciences,1,926,4,Male,98,4,1,Sales Executive,4,Married,7556,23786,4,Y,No,17,3,3,80,0,40,5,4,8,3,1,5
39,No,Travel_Rarely,211,Human Resources,3,4,Life Sciences,1,927,2,Female,95,3,2,Healthcare Representative,1,Single,7407,26084,0,Y,No,22,3,3,80,0,22,0,3,3,3,1,3
46,No,Non-Travel,501,Research & Development,3,3,Technical Degree,1,928,1,Male,88,3,2,Sales Executive,3,Married,8588,18944,8,Y,No,24,3,1,80,0,27,1,4,9,3,3,1
25,No,Travel_Rarely,221,Sales,1,4,Life Sciences,1,929,3,Female,97,4,3,Manufacturing Director,3,Married,9819,10381,6,Y,No,22,4,4,80,2,5,2,2,5,5,1,5
28,Yes,Travel_Frequently,372,Sales,21,3,Medical,1,930,1,Male,88,3,3,Healthcare Representative,3,Single,9002,10396,9,Y,Yes,23,3,2,80,2,10,3,3,6,3,2,3
58,Yes,Travel_Frequently,1417,Research & Development,20,2,Marketing,1,931,2,Female,39,3,3,Laboratory Technician,3,Married,11150,13207,4,Y,Yes,13,3,1,80,2,37,5,4,7,2,3,4
54,No,Travel_Rarely,497,Research & Development,2,2,Technical Degree,1,932,2,Male,42,3,1,Research Scientist,1,Married,7273,23483,3,Y,Yes,13,3,1,80,2,33,5,3,9,7,3,6
31,No,Non-Travel,570,Sales,25,3,Other,1,933,4,Male,31,3,2,Manager,4,Single,8438,5371,3,Y,Yes,14,3,3,80,2,15,6,4,1,1,1,1
47,No,Travel_Rarely,1084,Research & Development,3,3,Life Sciences,1,934,4,Female,44,3,2,Laboratory Technician,3,Divorced,8756,5041,2,Y,No,13,4,3,80,3,29,6,1,3,1,1,3
52,No,Travel_Rarely,1330,Sales,15,4,Medical,1,935,3,Female,75,4,1,Sales Executive,3,Divorced,6354,8844,3,Y,No,13,3,1,80,1,32,0,4,9,2,0,4
38,No,Travel_Frequently,1233,Research & Development,24,3,Life Sciences,1,936,3,Male,86,3,1,Healthcare Representative,3,Single,5724,11897,5,Y,No,18,4,4,80,1,19,5,3,6,3,0,4
54,No,Travel_Rarely,1401,Research & Development,6,3,Life Sciences,1,937,2,Male,39,2,2,Research Scientist,2,Married,9424,23782,8,Y,No,17,3,3,80,2,33,5,2,11,0,2,7
22,No,Travel_Rarely,668,Research & Development,13,2,Technical Degree,1,938,2,Male,51,3,1,Research Scientist,3,Single,4514,19096,4,Y,No,23,3,1,80,0,1,0,1,1,1,1,1
36,No,Travel_Rarely,1237,Research & Development,21,2,Life Sciences,1,939,2,Female,37,2,5,Manufacturing Director,3,Married,13417,5456,7,Y,Yes,17,3,3,80,0,18,1,2,4,4,2,4
31,Yes,Travel_Rarely,996,Sales,1,3,Medical,1,940,3,Female,50,3,3,Manufacturing Director,1,Divorced,9184,12876,7,Y,No,24,3,2,80,1,13,5,4,11,4,2,3
43,No,Travel_Frequently,919,Research & Development,20,3,Medical,1,941,2,Female,51,3,1,Manufacturing Director,2,Married,5323,25331,3,Y,No,20,3,2,80,0,22,3,3,5,5,2,0
21,No,Travel_Rarely,952,Sales,19,3,Medical,1,942,3,Male,74,3,1,Sales Representative,1,Divorced,4360,6406,2,Y,No,12,3,2,80,1,0,2,4,0,0,0,0
42,No,Travel_Rarely,809,Research & Development,1,2,Other,1,943,2,Female,69,4,5,Sales Executive,4,Married,16068,15165,5,Y,No,21,3,3,80,0,26,2,3,8,4,4,5
59,No,Travel_Rarely,420,Sales,28,3,Life Sciences,1,944,1,Male,51,3,2,Research Director,2,Married,10288,13791,3,Y,Yes,19,3,3,80,2,38,2,4,4,2,2,1
42,No,Travel_Rarely,278,Research & Development,21,4,Medical,1,945,1,Male,59,3,3,Human Resources,1,Divorced,11126,15144,0,Y,No,23,4,4,80,3,25,4,3,13,1,0,2
35,No,Travel_Frequently,996,Research & Development,22,2,Technical Degree,1,946,2,Male,91,2,2,Manager,1,Married,6819,9649,2,Y,No,16,3,2,80,0,14,6,2,5,2,2,4
57,No,Travel_Rarely,318,Research & Development,2,3,Medical,1,947,1,Female,74,3,3,Manufacturing Director,4,Married,13277,5877,9,Y,No,24,3,4,80,0,38,4,2,10,2,2,5
25,Yes,Non-Travel,888,Research & Development,15,5,Life Sciences,1,948,3,Female,64,4,2,Manager,4,Married,8077,21906,0,Y,No,13,4,1,80,0,6,3,4,6,3,2,5
56,No,Travel_Rarely,591,Research & Development,14,3,Medical,1,949,4,Male,71,2,1,Sales Representative,3,Single,6033,7651,5,Y,No,19,3,1,80,1,40,6,3,6,4,3,3
57,No,Travel_Frequently,160,Sales,19,3,Life Sciences,1,950,1,Female,34,3,1,Manager,3,Married,7386,14818,7,Y,Yes,19,3,2,80,0,40,5,2,4,3,3,4
31,No,Travel_Rarely,1177,Sales,11,1,Life Sciences,1,951,4,Female,56,3,2,Sales Executive,2,Divorced,7063,6112,5,Y,Yes,16,4,4,80,1,11,5,1,9,6,1,6
49,Yes,Travel_Rarely,637,Research & Development,15,3,Technical Degree,1,952,1,Male,99,2,4,Healthcare Representative,2,Married,14091,6565,4,Y,No,23,4,3,80,0,31,6,3,3,3,2,1
55,No,Travel_Rarely,947,Sales,6,1,Medical,1,953,3,Male,91,3,1,Research Director,4,Divorced,7802,23290,5,Y,Yes,20,3,4,80,0,35,2,4,5,3,2,5
50,No,Travel_Rarely,1087,Sales,20,5,Human Resources,1,954,1,Female,61,3,2,Research Director,2,Single,10764,23807,2,Y,No,16,3,1,80,0,29,0,3,2,2,1,2
40,No,Travel_Rarely,164,Human Resources,9,4,Marketing,1,955,1,Female,37,4,1,Human Resources,3,Married,6361,6977,0,Y,No,18,3,4,80,1,22,5,3,5,3,3,3
32,No,Non-Travel,685,Human Resources,5,4,Medical,1,956,2,Male,47,3,4,Manufacturing Director,4,Divorced,12855,21062,9,Y,No,18,3,1,80,0,11,2,4,11,8,0,6
50,No,Travel_Rarely,270,Research & Development,20,4,Life Sciences,1,957,4,Male,44,3,3,Manager,1,Single,11288,10775,2,Y,No,16,3,1,80,1,32,3,3,6,6,0,5
42,No,Travel_Rarely,1396,Research & Development,2,3,Medical,1,958,4,Male,55,3,2,Sales Representative,4,Single,8565,23325,5,Y,Yes,17,3,4,80,0,26,2,4,2,2,0,2
34,No,Travel_Rarely,634,Research & Development,6,3,Life Sciences,1,959,3,Male,82,1,1,Healthcare Representative,2,Married,6367,25713,3,Y,No,14,3,3,80,0,19,1,3,6,4,0,2
50,No,Travel_Rarely,792,Sales,26,4,Technical Degree,1,960,3,Female,73,3,1,Research Director,3,Married,6524,12188,0,Y,No,11,3,1,80,0,33,2,4,7,6,2,7
19,No,Travel_Rarely,1450,Research & Development,18,5,Life Sciences,1,961,4,Male,61,3,2,Laboratory Technician,3,Single,5871,2841,9,Y,No,14,3,4,80,1,4,5,2,4,4,0,3
31,No,Travel_Frequently,207,Research & Development,28,3,Life Sciences,1,962,2,Female,57,2,2,Research Director,1,Divorced,6244,12567,6,Y,No,18,3,1,80,1,14,6,3,8,7,5,3
57,No,Non-Travel,1285,Human Resources,29,4,Medical,1,963,2,Male,68,4,1,Healthcare Representative,1,Divorced,7530,6038,1,Y,Yes,22,3,2,80,2,40,5,3,13,10,2,4
57,No,Travel_Rarely,913,Sales,23,3,Life Sciences,1,964,4,Male,61,2,5,Sales Executive,4,Married,17317,3804,9,Y,No,23,4,3,80,0,40,0,2,7,3,1,5
56,No,Travel_Rarely,1104,Research & Development,19,3,Life Sciences,1,965,1,Male,47,3,2,Manager,3,Married,9023,10921,6,Y,No,18,3,2,80,0,40,3,3,7,5,0,2
23,No,Travel_Rarely,551,Sales,9,3,Medical,1,966,4,Female,99,3,3,Research Scientist,1,Divorced,10220,6349,3,Y,No,24,4,1,80,0,8,6,3,5,3,2,2
23,No,Travel_Rarely,1329,Sales,27,2,Life Sciences,1,967,1,Male,40,1,1,Sales Representative,1,Married,4062,11655,4,Y,No,12,4,3,80,0,3,6,2,3,3,0,3
20,No,Travel_Rarely,689,Sales,21,1,Life Sciences,1,968,4,Female,61,3,1,Human Resources,4,Single,4052,16906,1,Y,Yes,17,3,4,80,0,2,6,3,2,1,2,2
24,No,Travel_Rarely,1139,Human Resources,24,2,Life Sciences,1,969,1,Male,49,3,2,Laboratory Technician,4,Single,6966,16879,4,Y,Yes,23,3,4,80,0,4,3,4,4,2,3,2
25,Yes,Travel_Rarely,426,Research & Development,27,3,Medical,1,970,2,Male,69,3,2,Manufacturing Director,3,Single,6779,6946,0,Y,No,11,3,3,80,0,7,0,3,3,3,3,3
59,No,Travel_Rarely,707,Research & Development,6,3,Medical,1,971,4,Male,37,3,2,Manufacturing Director,2,Single,9968,12359,4,Y,No,12,4,2,80,1,38,3,3,8,5,1,5
32,No,Travel_Frequently,758,Research & Development,14,3,Medical,1,972,3,Male,64,2,4,Manufacturing Director,2,Single,13541,25502,4,Y,No,24,3,2,80,2,15,2,1,6,5,1,4
46,No,Travel_Rarely,101,Research & Development,28,5,Medical,1,973,1,Female,98,4,2,Laboratory Technician,3,Married,7826,8657,8,Y,Yes,18,3,3,80,0,29,3,2,8,4,2,2
50,No,Travel_Rarely,1133,Sales,26,3,Life Sciences,1,974,2,Male,50,3,1,Healthcare Representative,2,Single,6950,17989,6,Y,Yes,21,3,4,80,1,32,2,3,6,2,1,0
47,No,Travel_Rarely,533,Sales,24,3,Human Resources,1,975,3,Female,53,2,4,Human Resources,3,Single,13957,19956,1,Y,No,20,3,3,80,2,27,3,4,6,2,2,6
56,No,Travel_Rarely,224,Research & Development,29,2,Life Sciences,1,976,2,Male,46,4,2,Research Director,3,Married,9663,15266,8,Y,No,23,3,2,80,0,36,5,4,6,5,1,6
44,No,Non-Travel,1204,Research & Development,13,1,Medical,1,977,1,Male,47,3,1,Research Scientist,1,Single,6777,8240,4,Y,No,23,3,1,80,2,25,2,3,13,0,1,6
53,Yes,Travel_Frequently,584,Research & Development,11,4,Technical Degree,1,978,4,Male,41,2,1,Human Resources,2,Divorced,6839,23350,4,Y,No,14,3,4,80,3,36,2,3,3,3,0,3
46,No,Travel_Frequently,751,Sales,12,3,Marketing,1,979,2,Male,45,3,3,Research Scientist,3,Single,11624,11585,1,Y,Yes,24,3,3,80,2,29,5,3,8,4,2,2
55,No,Travel_Rarely,1273,Sales,19,4,Life Sciences,1,980,4,Female,33,3,3,Sales Representative,2,Divorced,12532,17776,7,Y,Yes,13,3,1,80,1,35,0,3,3,3,3,3
50,No,Travel_Frequently,899,Sales,19,2,Life Sciences,1,981,4,Female,63,2,1,Healthcare Representative,2,Divorced,6156,18640,8,Y,No,24,4,2,80,1,33,0,3,10,2,0,4
54,No,Travel_Rarely,972,Research & Development,21,3,Medical,1,982,2,Male,75,3,1,Sales Representative,4,Married,7119,2127,6,Y,No,12,3,4,80,1,34,5,3,9,3,2,4
44,Yes,Travel_Frequently,1463,Human Resources,27,2,Life Sciences,1,983,2,Male,60,4,3,Healthcare Representative,2,Married,10879,11574,9,Y,No,21,3,3,80,0,25,4,1,8,1,1,2
50,No,Travel_Rarely,228,Research & Development,26,2,Marketing,1,984,2,Female,54,2,4,Manager,3,Divorced,13953,13920,1,Y,No,16,4,2,80,2,32,0,4,5,1,3,1
21,No,Non-Travel,537,Research & Development,19,1,Medical,1,985,4,Female,53,3,2,Research Director,1,Single,6482,16392,7,Y,No,14,3,3,80,0,3,2,2,3,3,3,3
39,No,Non-Travel,850,Research & Development,24,2,Medical,1,986,3,Female,94,3,4,Sales Executive,2,Divorced,13556,16917,3,Y,Yes,13,3,3,80,2,20,6,3,9,4,0,9
19,No,Travel_Frequently,600,Research & Development,26,3,Life Sciences,1,987,1,Male,54,3,2,Sales Executive,3,Married,6645,25251,1,Y,Yes,13,3,4,80,0,2,2,4,2,2,1,2
27,No,Travel_Rarely,1181,Sales,13,2,Medical,1,988,3,Male,57,4,1,Healthcare Representative,4,Married,5035,26238,5,Y,No,20,3,2,80,0,12,3,3,12,4,3,2
22,Yes,Travel_Rarely,1321,Research & Development,28,5,Medical,1,989,4,Female,65,3,1,Sales Executive,2,Married,4305,4205,5,Y,No,13,3,2,80,1,1,3,2,1,1,1,1
27,No,Travel_Frequently,310,Research & Development,14,3,Marketing,1,990,2,Female,35,2,1,Laboratory Technician,1,Married,3436,10513,1,Y,No,22,4,1,80,1,10,4,2,5,4,2,3
50,Yes,Travel_Rarely,1001,Sales,24,2,Life Sciences,1,991,2,Male,95,3,2,Human Resources,2,Married,9085,12548,0,Y,No,18,3,2,80,0,30,2,3,7,6,0,6
55,Yes,Travel_Frequently,144,Research & Development,18,2,Life Sciences,1,992,1,Female,96,2,4,Sales Representative,3,Married,14510,6379,1,Y,No,19,3,2,80,1,39,4,2,5,5,1,4
30,No,Travel_Rarely,1220,Research & Development,12,3,Life Sciences,1,993,1,Female,77,3,1,Manager,2,Married,5154,10067,2,Y,Yes,19,3,4,80,0,9,2,3,8,1,1,5
48,No,Travel_Rarely,1402,Research & Development,4,1,Life Sciences,1,994,3,Male,99,1,2,Research Director,2,Single,8425,13305,1,Y,No,15,3,1,80,1,29,0,3,6,1,3,6
53,No,Non-Travel,634,Human Resources,10,4,Medical,1,995,3,Male,96,3,1,Research Director,4,Married,5843,14148,1,Y,No,11,3,4,80,0,35,3,3,6,6,1,6
41,No,Travel_Rarely,560,Research & Development,29,5,Technical Degree,1,996,1,Male,77,3,3,Manager,2,Married,11339,24661,2,Y,No,20,3,2,80,0,23,5,2,7,3,0,2
32,No,Travel_Rarely,490,Research & Development,17,2,Life Sciences,1,997,4,Male,94,3,4,Manufacturing Director,1,Single,12401,14901,9,Y,No,15,4,1,80,0,17,5,3,6,3,2,5
46,No,Travel_Rarely,1167,Sales,4,3,Technical Degree,1,998,3,Female,73,3,1,Manufacturing Director,2,Single,6376,12888,6,Y,No,11,3,4,80,0,29,6,3,6,2,3,3
25,No,Travel_Rarely,126,Sales,12,1,Life Sciences,1,999,2,Male,92,2,2,Manufacturing Director,4,Single,6834,11708,1,Y,Yes,19,3,1,80,1,7,4,3,7,5,2,4
22,Yes,Travel_Frequently,893,Sales,13,3,Life Sciences,1,1000,2,Female,75,4,1,Manager,3,Married,4315,13485,9,Y,No,23,3,2,80,0,5,1,2,2,1,2,2
46,No,Travel_Rarely,1220,Sales,29,3,Life Sciences,1,1001,4,Female,48,3,2,Sales Executive,2,Married,8380,22708,5,Y,No,20,3,1,80,2,31,5,3,3,3,2,1
21,No,Non-Travel,1074,Research & Development,27,2,Life Sciences,1,1002,1,Male,93,4,1,Research Scientist,2,Single,3465,16117,3,Y,No,23,4,1,80,0,6,6,3,6,5,2,6
29,No,Travel_Frequently,647,Research & Development,29,2,Technical Degree,1,1003,3,Male,79,3,2,Manager,4,Divorced,7758,16220,3,Y,Yes,18,3,1,80,0,9,2,2,3,1,3,3
19,No,Travel_Rarely,720,Sales,4,3,Life Sciences,1,1004,2,Female,92,3,3,Sales Executive,4,Married,8597,26694,2,Y,Yes,17,3,2,80,1,0,0,3,0,0,0,0
44,No,Travel_Frequently,666,Research & Development,10,3,Medical,1,1005,1,Female,70,3,2,Human Resources,4,Married,8711,18221,1,Y,Yes,12,3,2,80,0,25,1,4,6,2,3,5
48,No,Travel_Rarely,803,Sales,25,2,Medical,1,1006,3,Female,36,3,1,Manager,2,Single,6728,9081,2,Y,No,12,3,1,80,0,32,0,2,8,3,5,6
53,No,Travel_Rarely,1342,Research & Development,3,4,Human Resources,1,1007,4,Male,38,3,1,Sales Representative,1,Married,6330,4371,3,Y,No,24,3,4,80,0,33,0,3,6,4,1,5
53,No,Non-Travel,284,Sales,15,3,Life Sciences,1,1008,2,Male,33,3,2,Sales Executive,4,Married,8336,7016,3,Y,Yes,14,3,4,80,0,36,2,3,5,5,2,4
43,No,Travel_Rarely,1192,Research & Development,2,4,Life Sciences,1,1009,4,Male,78,3,2,Research Director,3,Divorced,10440,8302,6,Y,No,19,4,2,80,1,25,0,1,9,5,1,7
44,No,Travel_Rarely,1253,Sales,25,2,Life Sciences,1,1010,4,Female,35,3,1,Healthcare Representative,2,Married,5657,8382,2,Y,No,24,3,3,80,1,24,4,3,8,5,1,3
22,Yes,Travel_Rarely,947,Research & Development,25,4,Medical,1,1011,4,Male,50,3,3,Healthcare Representative,3,Married,9818,24923,6,Y,No,19,3,4,80,0,2,1,4,2,2,2,2
37,Yes,Travel_Rarely,698,Research & Development,17,3,Life Sciences,1,1012,3,Female,44,2,2,Manager,3,Divorced,9571,14607,4,Y,Yes,24,4,1,80,1,20,0,3,12,4,3,4
28,No,Travel_Rarely,905,Human Resources,6,2,Technical Degree,1,1013,4,Male,96,3,1,Sales Representative,1,Single,5431,13452,9,Y,Yes,18,3,3,80,3,13,5,4,8,3,5,3
27,No,Travel_Frequently,1457,Sales,26,4,Medical,1,1014,3,Female,95,3,1,Sales Representative,3,Single,4479,24836,2,Y,Yes,21,3,2,80,2,7,5,3,5,5,3,1
57,No,Travel_Rarely,1277,Sales,8,3,Medical,1,1015,3,Female,85,1,5,Healthcare Representative,4,Married,17066,24776,8,Y,No,15,3,4,80,0,39,0,1,5,5,1,5
55,No,Travel_Rarely,178,Sales,3,5,Medical,1,1016,4,Male,97,3,1,Sales Executive,4,Single,6293,23180,7,Y,No,24,3,3,80,0,39,3,2,5,3,4,3
23,No,Travel_Rarely,678,Research & Development,27,2,Life Sciences,1,1017,4,Female,61,2,4,Human Resources,2,Single,12605,17865,5,Y,Yes,17,3,2,80,1,5,3,3,5,4,1,2
25,No,Travel_Rarely,512,Sales,25,3,Medical,1,1018,1,Male,95,3,2,Manager,1,Married,7513,20825,5,Y,Yes,22,3,2,80,0,10,4,3,6,6,1,1
40,No,Travel_Rarely,645,Research & Development,18,3,Other,1,1019,2,Male,58,3,2,Human Resources,1,Single,7848,3017,0,Y,Yes,19,3,1,80,0,24,5,2,9,4,2,5
43,No,Travel_Rarely,268,Research & Development,22,5,Marketing,1,1020,1,Male,95,3,2,Manufacturing Director,3,Married,7666,22885,9,Y,Yes,13,3,4,80,0,25,3,3,9,3,0,3
29,No,Travel_Rarely,780,Research & Development,1,3,Technical Degree,1,1021,2,Male,63,4,1,Research Scientist,1,Divorced,3823,5047,1,Y,No,14,4,3,80,0,14,0,3,3,3,3,2
43,No,Travel_Rarely,682,Research & Development,29,5,Marketing,1,1022,2,Male,56,3,1,Laboratory Technician,3,Single,6789,15492,4,Y,No,12,4,1,80,1,25,5,3,6,5,2,6
30,No,Travel_Rarely,614,Sales,16,4,Life Sciences,1,1023,1,Female,89,4,1,Manufacturing Director,3,Single,5056,12260,2,Y,No,19,3,4,80,1,9,0,2,4,3,1,2
57,No,Travel_Rarely,1437,Sales,7,2,Life Sciences,1,1024,1,Female,68,3,3,Research Director,1,Single,12291,24178,2,Y,No,17,3,3,80,0,40,1,2,4,4,3,4
35,Yes,Non-Travel,131,Research & Development,3,4,Life Sciences,1,1025,2,Male,73,4,2,Laboratory Technician,2,Single,7201,15894,4,Y,No,16,4,2,80,1,17,5,4,7,1,2,2
42,No,Non-Travel,386,Research & Development,23,5,Life Sciences,1,1026,2,Female,65,4,2,Research Director,3,Single,7249,13857,8,Y,Yes,15,4,2,80,1,27,3,4,12,5,0,7
50,Yes,Travel_Rarely,693,Sales,4,2,Life Sciences,1,1027,2,Female,48,3,1,Manager,4,Single,7330,6250,3,Y,No,22,3,4,80,1,35,2,3,9,6,1,8
57,No,Non-Travel,1166,Sales,9,3,Medical,1,1028,3,Female,74,3,2,Manufacturing Director,4,Married,9653,24331,9,Y,No,17,3,1,80,3,36,3,3,10,6,3,6
29,Yes,Travel_Frequently,716,Human Resources,5,3,Medical,1,1029,2,Female,50,3,1,Sales Representative,1,Married,5605,26769,4,Y,Yes,13,4,3,80,3,11,0,2,7,4,2,5
53,No,Travel_Rarely,1124,Sales,19,3,Technical Degree,1,1030,4,Male,52,2,1,Healthcare Representative,1,Married,6491,9391,1,Y,No,15,4,3,80,1,38,1,2,6,4,1,4
21,No,Travel_Rarely,369,Research & Development,15,1,Marketing,1,1031,4,Male,56,4,1,Healthcare Representative,3,Divorced,4050,4446,1,Y,No,12,3,2,80,2,6,3,2,6,4,2,5
22,No,Travel_Frequently,1303,Research & Development,8,2,Human Resources,1,1032,4,Female,48,4,2,Human Resources,3,Divorced,7390,25507,6,Y,Yes,15,4,4,80,0,4,1,2,4,4,3,4
54,No,Travel_Rarely,617,Sales,6,2,Life Sciences,1,1033,1,Male,70,3,2,Laboratory Technician,4,Married,9965,19783,0,Y,No,17,3,1,80,1,37,3,4,7,4,3,6
25,Yes,Travel_Rarely,1226,Sales,18,3,Life Sciences,1,1034,1,Male,55,4,2,Manufacturing Director,3,Single,7698,12711,3,Y,Yes,21,4,2,80,1,9,4,3,4,4,1,3
59,Yes,Travel_Frequently,1133,Sales,19,2,Medical,1,1035,1,Male,57,4,2,Healthcare Representative,4,Married,9543,24679,1,Y,No,20,3,2,80,1,40,0,2,7,4,1,7
45,No,Travel_Rarely,682,Research & Development,24,4,Life Sciences,1,1036,2,Male,93,3,5,Sales Executive,3,Married,16651,14119,2,Y,No,21,3,1,80,0,25,0,4,7,3,3,7
48,No,Travel_Rarely,1213,Research & Development,15,4,Life Sciences,1,1037,4,Male,97,3,3,Sales Representative,2,Single,12287,5687,6,Y,No,17,3,3,80,0,30,2,3,6,2,4,4
26,No,Non-Travel,325,Research & Development,26,1,Life Sciences,1,1038,2,Male,80,3,2,Research Director,2,Divorced,7056,18367,3,Y,Yes,19,4,3,80,0,7,0,2,7,3,0,4
46,No,Travel_Rarely,769,Human Resources,7,3,Life Sciences,1,1039,3,Male,77,3,3,Manager,4,Married,10829,9864,1,Y,No,13,3,4,80,1,29,2,3,6,5,5,2
31,Yes,Travel_Rarely,1016,Research & Development,10,3,Medical,1,1040,3,Female,39,1,4,Human Resources,2,Single,13614,8127,1,Y,No,18,3,2,80,3,14,0,3,7,7,6,7
57,No,Travel_Rarely,225,Sales,6,5,Medical,1,1041,1,Male,68,3,2,Laboratory Technician,2,Divorced,9096,18936,2,Y,Yes,15,3,4,80,0,39,6,3,7,6,0,4
58,No,Travel_Rarely,1055,Sales,14,1,Medical,1,1042,3,Male,48,3,2,Research Scientist,1,Divorced,10203,23927,0,Y,No,17,3,3,80,3,39,3,3,16,8,3,3
39,No,Travel_Frequently,1332,Research & Development,17,2,Medical,1,1043,4,Male,93,3,1,Healthcare Representative,3,Married,5633,15834,4,Y,No,11,3,1,80,0,24,3,2,7,4,0,4
28,No,Travel_Rarely,1220,Sales,9,4,Life Sciences,1,1044,3,Male,48,4,4,Human Resources,1,Married,10826,10921,4,Y,No,11,3,3,80,3,12,4,3,5,4,3,3
40,No,Travel_Rarely,173,Sales,19,4,Life Sciences,1,1045,1,Male,91,3,1,Sales Executive,4,Married,6662,20944,0,Y,Yes,14,3,3,80,2,22,3,4,6,6,4,4
18,No,Travel_Rarely,1314,Research & Development,5,4,Life Sciences,1,1046,2,Male,42,2,1,Sales Executive,1,Married,1793,7108,2,Y,No,15,3,2,80,0,0,6,4,0,0,0,0
54,Yes,Travel_Rarely,155,Research & Development,23,4,Life Sciences,1,1047,3,Male,54,3,2,Laboratory Technician,4,Single,7792,6266,2,Y,Yes,23,3,3,80,0,39,1,2,6,1,3,5
38,No,Travel_Rarely,819,Research & Development,7,1,Marketing,1,1048,4,Female,71,3,3,Laboratory Technician,2,Married,11021,6945,2,Y,No,20,3,4,80,0,21,6,1,6,6,5,6
43,No,Travel_Frequently,652,Research & Development,19,3,Marketing,1,1049,4,Male,68,3,2,Healthcare Representative,1,Divorced,8921,10985,4,Y,No,13,3,1,80,3,28,3,4,8,7,3,4
53,No,Travel_Rarely,131,Sales,20,2,Medical,1,1050,4,Male,59,3,3,Manufacturing Director,2,Single,11289,24068,2,Y,No,16,3,2,80,0,36,2,3,5,4,4,5
40,Yes,Travel_Rarely,673,Human Resources,26,2,Life Sciences,1,1051,2,Male,34,3,3,Manager,3,Divorced,10878,26700,2,Y,Yes,13,3,1,80,1,24,5,3,10,6,2,2
18,No,Travel_Rarely,766,Sales,7,4,Medical,1,1052,4,Female,47,4,2,Research Director,2,Divorced,4474,10366,6,Y,No,15,3,4,80,0,0,4,3,0,0,0,0
57,No,Travel_Frequently,383,Research & Development,24,2,Medical,1,1053,1,Female,50,3,2,Research Director,3,Single,10185,4551,1,Y,No,21,3,4,80,3,36,5,3,5,5,3,4
32,No,Non-Travel,286,Research & Development,2,3,Medical,1,1054,1,Female,79,2,2,Manufacturing Director,2,Married,7819,5848,4,Y,No,23,3,3,80,0,16,5,3,9,4,2,1
38,No,Non-Travel,597,Sales,25,4,Medical,1,1055,4,Male,35,3,4,Sales Executive,1,Single,13063,5456,3,Y,No,11,3,4,80,0,19,1,3,6,3,4,5
26,No,Travel_Frequently,229,Research & Development,23,2,Medical,1,1056,3,Male,79,4,3,Sales Representative,1,Married,9656,21142,1,Y,No,13,3,3,80,0,11,6,2,9,1,3,5
26,Yes,Travel_Frequently,738,Sales,16,5,Medical,1,1057,4,Male,95,3,4,Manager,2,Divorced,12534,14031,6,Y,No,17,3,2,80,1,6,1,4,5,2,2,5
27,No,Travel_Rarely,1415,Research & Development,13,5,Medical,1,1058,1,Female,30,4,1,Healthcare Representative,4,Single,4696,22139,4,Y,Yes,13,3,1,80,0,8,0,4,8,2,2,5
43,No,Travel_Rarely,213,Research & Development,8,3,Life Sciences,1,1059,1,Male,86,3,1,Manufacturing Director,4,Married,4500,22026,3,Y,No,15,3,3,80,1,27,6,4,6,4,2,2
58,No,Travel_Rarely,1322,Research & Development,6,2,Marketing,1,1060,1,Female,59,4,1,Manager,3,Divorced,8957,10119,5,Y,No,17,4,3,80,0,37,2,4,9,7,0,7
52,Yes,Travel_Frequently,112,Research & Development,6,3,Life Sciences,1,1061,3,Female,87,3,2,Research Director,3,Married,10180,12162,7,Y,No,23,3,2,80,1,37,5,3,9,4,1,3
42,No,Non-Travel,1394,Sales,9,3,Life Sciences,1,1062,3,Female,81,3,4,Manager,2,Single,12392,3660,9,Y,Yes,12,3,4,80,1,22,3,2,12,6,2,2
43,Yes,Travel_Rarely,1338,Research & Development,4,3,Other,1,1063,3,Male,66,3,1,Laboratory Technician,1,Single,5723,26613,4,Y,No,13,3,3,80,0,23,3,1,9,5,4,2
28,No,Non-Travel,543,Research & Development,27,2,Human Resources,1,1064,1,Female,77,4,1,Human Resources,3,Married,4611,15208,8,Y,Yes,14,4,4,80,0,7,6,2,7,1,0,7
55,Yes,Travel_Rarely,546,Sales,11,5,Life Sciences,1,1065,2,Male,30,3,1,Laboratory Technician,2,Divorced,7823,12716,0,Y,No,15,3,3,80,1,37,0,3,7,1,4,5
19,No,Travel_Rarely,1085,Research & Development,5,2,Medical,1,1066,4,Male,48,4,2,Manufacturing Director,3,Divorced,4852,23970,3,Y,No,22,4,4,80,0,0,3,3,0,0,0,0
24,No,Travel_Rarely,1092,Research & Development,25,4,Life Sciences,1,1067,4,Male,75,3,1,Healthcare Representative,1,Married,4080,15009,1,Y,Yes,19,3,3,80,0,8,6,4,8,3,2,3
35,No,Travel_Rarely,814,Sales,17,1,Medical,1,1068,1,Female,96,2,1,Research Scientist,3,Married,3951,21960,0,Y,No,19,3,1,80,1,15,1,3,8,7,2,7
44,No,Travel_Rarely,173,Research & Development,20,3,Marketing,1,1069,3,Male,31,3,3,Research Scientist,2,Single,10851,24842,3,Y,No,14,3,1,80,0,28,3,3,7,3,1,7
51,No,Travel_Rarely,636,Sales,7,4,Human Resources,1,1070,2,Male,85,3,2,Manager,3,Single,8761,13727,6,Y,No,24,3,1,80,1,32,5,3,9,6,1,4
44,No,Travel_Rarely,200,Research & Development,27,2,Medical,1,1071,2,Male,46,3,2,Research Scientist,4,Married,8643,24509,2,Y,No,19,3,3,80,0,29,3,2,9,2,0,2
34,No,Travel_Rarely,275,Sales,15,2,Life Sciences,1,1072,3,Female,51,3,2,Sales Executive,3,Married,7296,15921,5,Y,No,14,3,4,80,0,13,1,4,6,3,3,4
41,No,Travel_Frequently,526,Human Resources,25,3,Medical,1,1073,4,Female,56,3,2,Research Director,1,Married,7739,15021,3,Y,Yes,12,3,2,80,2,24,2,3,7,3,2,4
42,No,Travel_Frequently,1240,Research & Development,15,4,Life Sciences,1,1074,4,Female,84,4,1,Sales Executive,1,Divorced,6415,21307,2,Y,Yes,20,4,2,80,0,21,5,2,4,4,0,1
24,No,Non-Travel,1289,Research & Development,14,4,Technical Degree,1,1075,2,Male,61,2,4,Manager,1,Married,12343,13233,1,Y,No,11,3,2,80,0,5,2,4,5,1,3,2
23,No,Travel_Rarely,140,Research & Development,13,3,Technical Degree,1,1076,2,Male,89,3,2,Sales Executive,1,Married,7341,21092,2,Y,Yes,17,3,1,80,1,3,1,3,3,3,2,2
41,No,Travel_Rarely,528,Research & Development,11,2,Medical,1,1077,3,Male,57,4,1,Research Director,2,Single,5698,14600,2,Y,No,14,4,1,80,0,26,1,3,6,3,3,2
50,No,Travel_Frequently,443,Research & Development,28,5,Life Sciences,1,1078,4,Male,57,3,1,Healthcare Representative,3,Divorced,6102,22555,5,Y,Yes,22,3,1,80,1,31,5,3,9,6,4,4
46,Yes,Travel_Rarely,465,Sales,13,4,Life Sciences,1,1079,2,Female,54,3,1,Laboratory Technician,3,Married,6144,12501,1,Y,No,18,3,4,80,3,31,4,3,9,4,2,9
39,Yes,Travel_Rarely,1243,Research & Development,26,3,Life Sciences,1,1080,4,Male,55,3,3,Healthcare Representative,3,Divorced,11080,10422,0,Y,No,18,3,1,80,1,22,4,2,9,3,0,6
43,No,Travel_Rarely,708,Research & Development,22,4,Marketing,1,1081,2,Male,46,3,2,Sales Executive,3,Married,6758,21134,5,Y,Yes,22,3,4,80,0,23,3,4,11,5,1,2
45,Yes,Travel_Rarely,756,Research & Development,28,3,Medical,1,1082,3,Male,36,2,2,Sales Executive,2,Married,8975,17739,4,Y,No,18,4,4,80,1,30,5,4,5,5,4,5
38,No,Travel_Rarely,827,Research & Development,24,3,Life Sciences,1,1083,4,Female,85,3,1,Manufacturing Director,1,Married,5847,12885,2,Y,No,16,3,4,80,0,21,5,3,2,2,2,2
24,No,Travel_Rarely,328,Research & Development,29,2,Medical,1,1084,2,Male,93,4,3,Human Resources,3,Single,9529,9476,1,Y,No,19,3,3,80,0,9,6,3,6,6,2,6
34,No,Travel_Rarely,924,Research & Development,9,3,Marketing,1,1085,2,Male,49,3,4,Human Resources,3,Married,12660,9931,2,Y,No,24,3,2,80,2,16,6,4,4,3,3,2
37,Yes,Travel_Rarely,1253,Research & Development,10,3,Life Sciences,1,1086,2,Female,67,1,2,Sales Executive,1,Divorced,5967,15699,6,Y,No,14,3,4,80,0,21,3,3,9,5,1,3
58,No,Travel_Rarely,1475,Sales,4,1,Technical Degree,1,1087,2,Male,87,3,2,Laboratory Technician,4,Single,9348,4804,8,Y,No,15,4,2,80,0,37,4,4,8,2,2,4
37,No,Travel_Rarely,988,Research & Development,17,3,Technical Degree,1,1088,3,Female,45,3,3,Manufacturing Director,4,Single,11951,18136,5,Y,No,14,3,4,80,0,19,6,3,5,2,2,1
39,No,Travel_Rarely,1441,Research & Development,14,4,Human Resources,1,1089,4,Male,80,2,3,Research Scientist,1,Married,10690,23828,0,Y,No,15,3,4,80,3,20,3,3,9,4,1,6
45,Yes,Travel_Rarely,1083,Research & Development,24,4,Life Sciences,1,1090,4,Female,56,4,2,Sales Representative,3,Single,8414,19225,5,Y,Yes,12,4,1,80,0,27,2,3,8,7,4,3
57,No,Travel_Rarely,935,Research & Development,18,3,Life Sciences,1,1091,1,Male,80,2,1,Laboratory Technician,1,Married,7133,7575,1,Y,No,15,3,2,80,0,36,2,3,2,1,0,2
24,No,Travel_Rarely,1460,Sales,11,4,Life Sciences,1,1092,4,Male,45,4,3,Sales Executive,3,Married,9763,13775,1,Y,No,20,3,4,80,1,4,6,2,4,4,0,4
18,No,Travel_Rarely,1396,Research & Development,16,1,Life Sciences,1,1093,1,Female,89,3,1,Sales Executive,3,Married,4527,25894,1,Y,No,18,3,2,80,1,2,0,3,2,2,2,2
49,No,Travel_Rarely,216,Research & Development,1,3,Life Sciences,1,1094,2,Male,69,3,1,Laboratory Technician,4,Divorced,6296,12681,6,Y,No,19,3,1,80,0,32,4,3,9,7,1,5
30,No,Travel_Rarely,917,Sales,29,4,Medical,1,1095,3,Male,96,3,3,Manager,4,Married,10299,16918,5,Y,No,17,3,4,80,3,15,2,3,7,2,2,2
47,No,Non-Travel,467,Research & Development,7,3,Medical,1,1096,3,Male,31,3,2,Manufacturing Director,3,Divorced,10161,24789,4,Y,No,17,3,1,80,0,27,6,2,9,3,4,5
40,No,Travel_Rarely,1217,Sales,28,3,Technical Degree,1,1097,2,Female,77,3,4,Sales Executive,3,Married,14065,15106,5,Y,No,24,3,4,80,0,24,0,3,10,5,2,4
36,No,Travel_Rarely,267,Research & Development,10,2,Life Sciences,1,1098,1,Male,81,4,2,Sales Representative,3,Divorced,9812,21918,1,Y,No,16,3,1,80,0,18,1,3,9,4,5,2
49,No,Travel_Rarely,1053,Sales,9,4,Medical,1,1099,2,Female,53,3,4,Research Scientist,4,Single,13454,26241,3,Y,Yes,12,3,1,80,1,30,6,4,3,3,1,3
47,No,Travel_Rarely,1464,Research & Development,27,3,Marketing,1,1100,3,Female,31,3,1,Healthcare Representative,3,Single,7660,2607,5,Y,No,20,3,3,80,0,29,5,4,15,4,1,7
46,No,Travel_Rarely,760,Research & Development,28,4,Marketing,1,1101,3,Female,94,4,3,Research Director,1,Single,10607,25778,5,Y,No,22,3,4,80,2,25,2,4,10,6,1,5
46,No,Travel_Rarely,794,Research & Development,28,3,Technical Degree,1,1102,4,Male,49,3,1,Sales Representative,2,Married,6522,6618,6,Y,No,21,4,4,80,3,25,0,2,12,5,3,3
47,No,Travel_Frequently,1024,Research & Development,25,3,Medical,1,1103,1,Male,63,2,1,Research Director,2,Divorced,6905,16089,1,Y,No,20,4,4,80,0,28,3,4,11,2,2,4
33,No,Travel_Rarely,251,Research & Development,3,4,Technical Degree,1,1104,4,Female,70,1,2,Manager,3,Married,7291,17568,6,Y,No,23,3,2,80,3,17,6,2,9,6,2,7
57,No,Travel_Rarely,685,Sales,22,3,Life Sciences,1,1105,3,Male,70,3,3,Sales Representative,1,Divorced,12190,22344,3,Y,Yes,19,4,3,80,0,37,5,2,4,1,1,3
36,No,Travel_Rarely,1012,Sales,23,3,Medical,1,1106,3,Male,52,4,1,Human Resources,3,Married,6168,6257,5,Y,No,24,3,2,80,0,21,0,2,11,3,2,1
35,No,Travel_Frequently,373,Research & Development,14,3,Life Sciences,1,1107,4,Male,67,3,2,Manager,1,Married,7291,17931,3,Y,No,15,3,4,80,2,20,2,4,10,2,2,3
18,No,Travel_Rarely,595,Sales,26,4,Life Sciences,1,1108,4,Male,73,4,1,Human Resources,4,Divorced,5335,23996,9,Y,No,16,3,3,80,1,0,3,2,0,0,0,0
31,No,Non-Travel,200,Human Resources,25,3,Life Sciences,1,1109,3,Male,96,3,1,Research Scientist,4,Married,3932,17794,1,Y,Yes,11,3,1,80,2,10,6,2,6,6,2,6
19,Yes,Travel_Rarely,656,Research & Development,15,3,Life Sciences,1,1110,4,Male,91,3,2,Research Scientist,3,Divorced,8131,12223,5,Y,No,15,3,3,80,1,0,3,2,0,0,0,0
45,No,Non-Travel,1205,Research & Development,2,1,Life Sciences,1,1111,4,Female,41,2,5,Research Scientist,4,Single,16961,18585,4,Y,No,16,3,1,80,3,25,0,3,7,2,1,4
47,Yes,Non-Travel,172,Human Resources,24,4,Life Sciences,1,1112,1,Male,59,4,1,Manager,3,Divorced,6248,24943,1,Y,Yes,20,3,4,80,2,29,6,4,5,4,1,5
55,No,Travel_Rarely,1137,Sales,14,1,Life Sciences,1,1113,3,Male,94,2,2,Research Scientist,2,Married,9137,23515,0,Y,No,21,3,4,80,0,38,0,3,4,4,1,3
21,Yes,Travel_Rarely,256,Research & Development,16,3,Technical Degree,1,1114,2,Male,70,3,5,Laboratory Technician,1,Married,13834,3364,6,Y,No,12,3,1,80,3,2,2,3,2,2,2,2
18,No,Travel_Rarely,834,Research & Development,7,3,Life Sciences,1,1115,1,Male,49,3,2,Research Director,1,Single,6391,2751,1,Y,Yes,17,3,3,80,3,0,3,2,0,0,0,0
25,Yes,Travel_Rarely,231,Research & Development,4,3,Marketing,1,1116,2,Male,35,3,2,Research Director,2,Married,7021,15237,1,Y,No,24,3,2,80,0,8,4,2,8,6,3,7
46,No,Travel_Frequently,1461,Research & Development,18,3,Life Sciences,1,1117,4,Female,33,3,1,Manufacturing Director,2,Divorced,7244,16708,9,Y,No,14,3,3,80,1,31,6,2,7,4,2,2
56,No,Travel_Rarely,1118,Sales,24,1,Technical Degree,1,1118,4,Female,39,3,2,Human Resources,2,Divorced,11114,9545,6,Y,Yes,15,3,1,80,2,37,0,3,5,1,2,1
20,Yes,Travel_Rarely,1499,Research & Development,27,3,Technical Degree,1,1119,2,Male,80,4,2,Research Director,2,Single,6819,7344,1,Y,No,13,3,1,80,2,2,4,3,2,2,1,2
49,No,Travel_Rarely,658,Research & Development,5,4,Medical,1,1120,4,Male,67,3,2,Sales Executive,4,Single,8303,3205,4,Y,No,15,3,2,80,0,31,6,3,7,2,3,1
27,No,Non-Travel,206,Research & Development,6,4,Medical,1,1121,4,Male,30,3,3,Research Director,1,Married,9283,11512,3,Y,Yes,22,4,2,80,1,7,4,4,7,5,2,4
27,No,Travel_Rarely,364,Sales,27,2,Life Sciences,1,1122,1,Female,37,3,2,Sales Executive,1,Single,7073,5887,7,Y,No,14,3,2,80,3,7,6,4,7,6,3,3
36,No,Travel_Rarely,1328,Research & Development,7,4,Other,1,1123,2,Female,92,3,1,Manufacturing Director,2,Married,4615,3330,6,Y,No,22,3,1,80,0,18,6,2,8,3,1,2
51,No,Travel_Rarely,1202,Research & Development,15,3,Technical Degree,1,1124,1,Female,62,4,4,Manager,3,Single,13196,10622,7,Y,No,24,4,4,80,2,33,3,1,11,3,2,3
50,No,Non-Travel,254,Sales,26,4,Technical Degree,1,1125,2,Male,44,3,2,Sales Representative,3,Married,10737,25903,1,Y,Yes,20,4,3,80,1,31,2,3,9,7,2,7
40,No,Travel_Rarely,1087,Research & Development,1,3,Medical,1,1126,1,Female,60,2,4,Manufacturing Director,3,Married,13502,6683,5,Y,No,16,3,2,80,0,24,4,2,9,2,2,3
45,No,Travel_Rarely,1096,Research & Development,24,3,Life Sciences,1,1127,3,Male,50,2,2,Research Director,3,Married,7993,20658,0,Y,Yes,12,3,1,80,0,30,2,3,10,6,2,4
49,Yes,Travel_Rarely,346,Research & Development,4,4,Technical Degree,1,1128,3,Male,32,4,1,Research Director,4,Married,7133,25907,0,Y,No,13,3,3,80,2,33,0,3,8,8,3,1
24,No,Travel_Rarely,630,Research & Development,29,4,Life Sciences,1,1129,2,Female,95,4,2,Human Resources,1,Divorced,6037,5365,6,Y,No,22,3,2,80,0,4,3,4,4,4,1,2
46,No,Travel_Rarely,957,Sales,25,3,Medical,1,1130,3,Female,64,3,2,Manager,1,Single,7863,19647,0,Y,No,20,3,4,80,0,29,1,3,8,3,3,3
25,No,Non-Travel,637,Research & Development,1,2,Life Sciences,1,1131,1,Male,70,3,1,Manufacturing Director,1,Married,3917,22620,4,Y,No,11,3,3,80,1,7,3,1,7,7,0,5
18,No,Travel_Frequently,828,Research & Development,11,3,Technical Degree,1,1132,2,Male,88,1,2,Research Scientist,3,Single,7823,6299,7,Y,No,17,3,3,80,1,1,1,1,1,1,1,1
20,No,Travel_Rarely,1277,Research & Development,18,3,Life Sciences,1,1133,3,Male,45,2,2,Sales Representative,2,Married,6457,5733,2,Y,No,19,3,1,80,0,0,5,2,0,0,0,0
41,No,Travel_Frequently,253,Human Resources,14,2,Life Sciences,1,1134,3,Male,85,3,2,Laboratory Technician,3,Single,6386,3665,0,Y,No,12,3,1,80,1,26,6,3,8,1,3,7
40,No,Travel_Rarely,191,Research & Development,22,2,Medical,1,1135,2,Male,74,2,1,Laboratory Technician,1,Single,6728,2860,6,Y,Yes,17,4,1,80,1,20,0,3,8,4,1,5
25,No,Travel_Frequently,437,Sales,11,4,Marketing,1,1136,3,Female,88,3,2,Laboratory Technician,3,Single,6814,19228,8,Y,No,13,4,4,80,0,4,2,4,4,4,1,4
54,No,Travel_Frequently,1254,Research & Development,10,1,Medical,1,1137,3,Female,79,3,1,Manufacturing Director,2,Married,5400,13681,6,Y,No,15,3,3,80,1,36,0,3,6,5,2,5
20,No,Travel_Rarely,549,Human Resources,27,3,Life Sciences,1,1138,2,Female,41,3,2,Research Scientist,2,Divorced,6406,18520,4,Y,No,16,3,2,80,1,5,3,3,5,4,1,1
50,Yes,Travel_Frequently,909,Research & Development,17,2,Life Sciences,1,1139,3,Female,41,3,1,Healthcare Representative,3,Married,6976,24131,1,Y,Yes,18,4,4,80,0,34,1,3,2,2,1,2
45,Yes,Travel_Rarely,886,Research & Development,4,3,Marketing,1,1140,3,Male,62,3,1,Laboratory Technician,1,Divorced,6483,24878,0,Y,No,14,3,2,80,2,29,5,1,5,0,5,5
25,No,Travel_Rarely,372,Research & Development,24,1,Other,1,1141,3,Female,78,3,1,Healthcare Representative,4,Married,5998,13424,5,Y,No,12,3,2,80,1,5,1,4,5,3,2,5
51,No,Travel_Rarely,687,Research & Development,15,2,Marketing,1,1142,3,Male,50,2,1,Sales Representative,1,Single,5957,7786,1,Y,Yes,13,3,1,80,0,31,3,2,5,5,2,5
52,No,Travel_Rarely,276,Sales,26,4,Medical,1,1143,4,Male,89,3,2,Human Resources,4,Married,9257,11345,7,Y,No,18,3,2,80,0,34,3,3,12,2,1,5
49,No,Travel_Frequently,930,Research & Development,16,4,Technical Degree,1,1144,2,Male,81,2,5,Research Scientist,1,Single,15920,24584,3,Y,No,17,3,2,80,1,28,6,2,9,2,2,3
41,No,Non-Travel,742,Research & Development,21,2,Life Sciences,1,1145,4,Male,83,1,2,Human Resources,3,Married,7106,13598,3,Y,No,16,4,4,80,0,20,6,3,6,5,3,3
31,No,Travel_Rarely,1172,Research & Development,13,3,Medical,1,1146,4,Female,68,3,2,Manager,4,Married,8248,10325,6,Y,No,15,3,1,80,0,10,0,4,4,4,2,4
49,No,Travel_Frequently,666,Research & Development,9,3,Medical,1,1147,1,Female,78,4,4,Manager,1,Married,14350,20445,6,Y,No,21,4,2,80,0,28,4,2,7,1,3,7
33,No,Travel_Frequently,765,Research & Development,11,4,Medical,1,1148,4,Male,93,2,4,Laboratory Technician,3,Married,12926,6378,5,Y,No,15,3,2,80,1,18,1,3,5,3,1,0
21,No,Travel_Rarely,1478,Research & Development,11,4,Marketing,1,1149,4,Female,55,1,4,Human Resources,1,Single,12081,13045,8,Y,No,11,3,2,80,0,2,3,1,2,2,1,2
54,No,Travel_Rarely,1431,Research & Development,6,3,Medical,1,1150,1,Male,36,2,1,Manufacturing Director,2,Single,6331,5730,9,Y,No,24,3,3,80,2,36,6,3,4,2,3,4
38,No,Travel_Rarely,967,Research & Development,1,3,Life Sciences,1,1151,3,Female,91,3,2,Healthcare Representative,2,Single,7295,13684,9,Y,No,16,3,3,80,1,20,6,3,13,12,2,3
31,No,Travel_Rarely,1169,Research & Development,22,4,Life Sciences,1,1152,3,Male,53,3,3,Laboratory Technician,1,Single,10070,26702,7,Y,No,23,3,1,80,2,13,0,3,2,2,2,1
48,No,Non-Travel,401,Research & Development,6,1,Life Sciences,1,1153,4,Male,69,2,3,Healthcare Representative,3,Divorced,12328,8122,5,Y,Yes,19,4,4,80,1,33,4,3,5,3,5,5
35,Yes,Travel_Rarely,967,Research & Development,13,3,Medical,1,1154,1,Male,76,3,2,Research Director,1,Single,9146,3795,5,Y,No,18,3,1,80,1,19,6,4,8,3,2,5
24,No,Travel_Frequently,1011,Research & Development,22,4,Life Sciences,1,1155,3,Female,37,3,1,Research Director,3,Married,5116,12041,1,Y,Yes,22,3,3,80,1,9,2,3,6,6,1,1
27,No,Travel_Rarely,507,Research & Development,24,4,Life Sciences,1,1156,1,Male,83,3,5,Research Director,4,Married,14743,22697,1,Y,Yes,20,3,1,80,1,6,3,3,6,3,1,4
24,No,Travel_Rarely,1312,Research & Development,22,3,Medical,1,1157,2,Female,38,3,2,Manager,2,Single,7195,10187,0,Y,Yes,11,4,4,80,0,3,4,3,3,3,3,0
50,No,Travel_Rarely,921,Research & Development,5,3,Medical,1,1158,2,Male,32,3,2,Sales Executive,4,Divorced,9069,6840,1,Y,Yes,21,3,1,80,0,34,2,3,3,3,3,3
40,No,Travel_Rarely,1252,Sales,15,3,Marketing,1,1159,2,Female,83,3,2,Manager,3,Married,7439,12919,2,Y,No,23,3,2,80,2,25,6,2,7,0,1,3
38,No,Travel_Rarely,660,Sales,27,3,Medical,1,1160,2,Female,50,3,2,Sales Representative,1,Single,8119,5726,1,Y,No,16,3,4,80,1,22,5,3,6,4,1,3
36,No,Travel_Rarely,1389,Human Resources,18,3,Technical Degree,1,1161,4,Male,77,2,1,Human Resources,2,Divorced,4372,2259,8,Y,No,13,3,4,80,0,16,6,2,8,3,1,7
36,Yes,Travel_Rarely,1241,Research & Development,20,3,Human Resources,1,1162,2,Male,76,3,1,Research Director,3,Single,5340,19625,7,Y,Yes,16,3,4,80,0,17,2,3,5,3,1,4
53,No,Travel_Rarely,563,Research & Development,14,4,Marketing,1,1163,2,Female,97,3,5,Research Director,3,Single,18108,3843,0,Y,No,19,4,1,80,1,37,6,3,9,4,2,7
46,No,Travel_Rarely,243,Research & Development,15,4,Medical,1,1164,1,Female,92,2,2,Sales Representative,2,Married,9398,24161,1,Y,No,16,3,1,80,0,28,0,2,8,2,3,1
35,No,Travel_Frequently,541,Sales,26,2,Life Sciences,1,1165,3,Female,45,3,2,Research Scientist,1,Married,7121,15754,7,Y,No,18,3,2,80,3,16,1,3,7,5,1,4
19,No,Travel_Rarely,1323,Research & Development,5,3,Other,1,1166,1,Male,34,2,3,Sales Executive,2,Single,9022,4280,7,Y,No,24,4,4,80,1,4,3,4,4,4,4,2
18,No,Travel_Rarely,1280,Research & Development,26,3,Life Sciences,1,1167,4,Male,40,4,2,Research Scientist,1,Single,5832,9796,9,Y,Yes,16,4,2,80,0,2,4,3,2,2,0,2
22,No,Travel_Rarely,586,Research & Development,4,4,Life Sciences,1,1168,2,Female,58,2,1,Manager,1,Divorced,4269,6567,9,Y,No,16,3,4,80,0,4,5,2,4,3,4,3
37,No,Travel_Rarely,959,Research & Development,2,2,Medical,1,1169,3,Male,99,4,2,Research Scientist,3,Single,8852,11300,9,Y,No,17,3,3,80,0,16,5,4,12,5,2,6
28,Yes,Non-Travel,1257,Sales,7,3,Life Sciences,1,1170,3,Male,77,3,1,Manufacturing Director,1,Single,5322,26956,2,Y,No,21,4,1,80,0,13,2,3,8,4,3,3
59,No,Travel_Rarely,247,Sales,10,4,Other,1,1171,2,Male,44,4,1,Laboratory Technician,1,Married,9267,3255,1,Y,No,23,3,2,80,2,38,5,2,9,2,5,2
19,Yes,Travel_Rarely,1459,Human Resources,16,3,Medical,1,1172,2,Female,63,3,2,Manager,2,Divorced,7533,8462,6,Y,No,20,4,1,80,2,1,1,3,1,1,1,1
20,No,Travel_Frequently,1194,Research & Development,10,4,Medical,1,1173,4,Female,89,4,4,Research Director,2,Single,11823,12432,1,Y,No,21,3,1,80,3,3,2,3,3,3,0,2
40,No,Travel_Rarely,1356,Research & Development,18,5,Medical,1,1174,4,Male,91,2,3,Manager,1,Married,11301,20042,7,Y,No,14,3,3,80,1,25,3,3,9,3,1,6
29,No,Travel_Rarely,1457,Sales,17,2,Medical,1,1175,2,Male,31,3,1,Research Scientist,3,Married,4718,21032,3,Y,Yes,23,3,3,80,1,8,6,3,7,6,1,4
37,No,Travel_Rarely,910,Sales,21,2,Life Sciences,1,1176,2,Male,48,2,2,Healthcare Representative,2,Married,7117,16942,6,Y,No,23,4,4,80,3,17,3,3,7,7,3,6
22,No,Travel_Rarely,765,Research & Development,28,5,Medical,1,1177,2,Male,78,3,1,Manager,4,Married,5364,14150,1,Y,No,18,4,3,80,3,6,5,3,5,2,2,2
54,No,Travel_Rarely,189,Research & Development,13,5,Medical,1,1178,2,Male,57,3,2,Human Resources,3,Divorced,10187,5371,3,Y,No,14,3,4,80,2,33,0,3,4,4,0,4
55,No,Travel_Rarely,1457,Research & Development,1,1,Medical,1,1179,3,Female,77,3,1,Manager,2,Single,6767,21813,4,Y,No,17,3,3,80,2,35,3,3,8,5,5,2
47,No,Travel_Frequently,298,Sales,1,1,Marketing,1,1180,4,Male,66,3,3,Healthcare Representative,2,Single,11539,23244,9,Y,Yes,11,3,3,80,1,28,3,4,3,3,1,2
26,No,Travel_Frequently,1284,Research & Development,15,2,Life Sciences,1,1181,2,Male,78,2,1,Sales Executive,4,Divorced,5632,9620,1,Y,No,22,3,2,80,0,11,3,3,9,1,2,6
51,No,Travel_Rarely,637,Sales,1,5,Life Sciences,1,1182,2,Female,77,3,1,Healthcare Representative,1,Married,7317,4932,8,Y,No,19,3,3,80,0,30,1,3,8,2,1,0
52,No,Travel_Rarely,1244,Sales,6,2,Life Sciences,1,1183,3,Male,58,3,2,Healthcare Representative,2,Married,8049,23470,7,Y,No,20,4,2,80,1,36,4,2,4,4,4,4
39,No,Travel_Frequently,400,Research & Development,25,3,Life Sciences,1,1184,1,Male,89,2,1,Manager,4,Married,5874,11778,6,Y,No,19,3,3,80,1,18,4,3,10,8,4,5
41,No,Travel_Rarely,823,Sales,26,4,Technical Degree,1,1185,2,Male,58,4,3,Sales Representative,4,Married,10705,25033,6,Y,No,17,3,2,80,2,25,5,4,9,7,5,6
34,No,Travel_Frequently,1062,Sales,13,1,Marketing,1,1186,3,Male,87,4,4,Manufacturing Director,2,Married,13670,12304,4,Y,Yes,18,3,1,80,2,15,3,1,7,5,3,4
27,Yes,Travel_Frequently,167,Research & Development,27,3,Life Sciences,1,1187,3,Female,77,4,1,Sales Representative,3,Divorced,5544,10119,1,Y,No,12,3,4,80,1,11,4,2,5,2,0,5
47,No,Travel_Frequently,558,Research & Development,28,2,Medical,1,1188,1,Male,52,4,2,Healthcare Representative,2,Married,9874,16557,1,Y,No,20,3,3,80,0,27,5,3,3,3,2,2
40,No,Travel_Rarely,497,Research & Development,1,4,Medical,1,1189,4,Male,56,2,5,Manager,4,Single,14865,16407,7,Y,No,24,4,2,80,0,23,3,3,5,5,0,4
49,Yes,Travel_Rarely,719,Research & Development,5,2,Life Sciences,1,1190,4,Female,36,4,3,Manufacturing Director,2,Married,10852,6983,6,Y,Yes,24,3,3,80,0,34,4,3,7,6,3,5
34,No,Travel_Rarely,1409,Sales,9,4,Life Sciences,1,1191,4,Female,78,3,5,Research Director,3,Married,16171,4521,1,Y,Yes,22,3,2,80,0,18,4,2,4,4,3,2
34,No,Travel_Frequently,1263,Sales,25,3,Other,1,1192,2,Male,83,2,1,Human Resources,1,Married,4806,21086,4,Y,No,20,4,2,80,1,19,5,2,11,6,1,6
31,No,Travel_Rarely,829,Human Resources,17,2,Medical,1,1193,4,Male,97,3,1,Research Scientist,1,Married,3822,18402,3,Y,No,17,4,3,80,0,15,6,3,4,3,3,1
26,No,Travel_Frequently,655,Research & Development,16,1,Other,1,1194,2,Female,71,2,1,Manufacturing Director,2,Single,5066,20953,1,Y,No,11,3,4,80,0,11,2,3,3,3,3,2
57,No,Travel_Rarely,880,Research & Development,8,3,Life Sciences,1,1195,2,Male,88,3,1,Research Director,2,Married,6682,18343,3,Y,Yes,13,3,2,80,0,37,5,3,9,6,3,3
19,Yes,Travel_Rarely,993,Sales,17,2,Medical,1,1196,3,Female,73,2,3,Research Director,4,Married,10511,2783,1,Y,No,16,3,1,80,2,4,1,3,4,4,1,4
42,No,Travel_Rarely,709,Research & Development,15,4,Life Sciences,1,1197,4,Female,55,3,1,Human Resources,3,Divorced,6156,11898,0,Y,Yes,15,3,3,80,0,24,2,3,5,4,2,5
56,No,Travel_Rarely,847,Sales,24,4,Life Sciences,1,1198,4,Female,52,3,2,Laboratory Technician,4,Married,9668,18798,3,Y,No,15,3,1,80,2,38,2,2,4,4,3,4
26,No,Travel_Rarely,381,Research & Development,1,3,Medical,1,1199,4,Male,37,3,1,Sales Executive,4,Single,4344,10555,4,Y,No,19,3,2,80,0,8,4,3,6,3,2,4
39,No,Travel_Rarely,760,Research & Development,12,3,Life Sciences,1,1200,2,Male,82,2,3,Human Resources,1,Married,11952,12767,0,Y,No,16,3,2,80,0,23,0,2,6,1,3,6
21,No,Non-Travel,1023,Human Resources,5,3,Life Sciences,1,1201,2,Female,43,3,1,Sales Executive,4,Divorced,4526,3103,2,Y,Yes,13,4,3,80,1,2,0,2,2,2,2,2
43,No,Travel_Rarely,1095,Research & Development,24,4,Life Sciences,1,1202,4,Male,36,3,1,Laboratory Technician,4,Married,5673,23275,1,Y,No,12,3,4,80,3,23,6,3,8,6,2,4
46,No,Travel_Rarely,845,Research & Development,6,3,Life Sciences,1,1203,2,Male,38,3,2,Laboratory Technician,1,Married,8104,7309,0,Y,Yes,24,4,1,80,1,30,1,2,11,7,3,3
51,No,Travel_Rarely,186,Human Resources,25,2,Medical,1,1204,2,Male,32,4,1,Human Resources,1,Married,6581,3171,1,Y,Yes,19,4,4,80,1,36,3,3,14,3,1,2
40,No,Travel_Frequently,1202,Research & Development,1,2,Medical,1,1205,1,Male,46,3,2,Sales Executive,3,Single,7477,10634,1,Y,No,20,3,1,80,2,19,4,3,6,6,4,4
54,No,Travel_Frequently,1328,Sales,25,3,Life Sciences,1,1206,1,Female,73,4,2,Sales Representative,3,Divorced,10203,8408,1,Y,No,24,3,4,80,2,38,1,3,7,2,2,5
28,No,Travel_Rarely,890,Research & Development,1,3,Life Sciences,1,1207,4,Male,75,2,3,Research Scientist,3,Single,8353,14135,7,Y,No,14,3,3,80,0,10,2,3,8,4,3,3
23,No,Travel_Frequently,1460,Sales,10,3,Life Sciences,1,1208,4,Female,87,3,2,Sales Representative,2,Married,6788,23129,2,Y,No,21,3,1,80,1,3,4,4,3,3,2,3
35,Yes,Travel_Frequently,1377,Research & Development,10,1,Medical,1,1209,1,Male,57,2,2,Sales Executive,1,Single,8348,22945,1,Y,No,15,3,3,80,3,14,2,3,3,3,3,3
38,Yes,Travel_Rarely,403,Research & Development,3,4,Life Sciences,1,1210,2,Male,43,3,5,Research Director,2,Single,15873,26556,1,Y,No,19,3,4,80,1,18,1,3,7,4,3,6
59,Yes,Travel_Rarely,229,Research & Development,17,2,Marketing,1,1211,2,Male,38,2,5,Research Scientist,2,Married,16706,15710,1,Y,No,15,4,4,80,2,40,0,4,10,4,3,5
53,No,Travel_Rarely,695,Research & Development,19,2,Life Sciences,1,1212,3,Female,55,3,2,Laboratory Technician,3,Married,9828,8636,6,Y,No,17,3,4,80,1,35,1,3,4,2,4,2
58,No,Travel_Rarely,1399,Sales,28,3,Life Sciences,1,1213,4,Female,31,3,2,Research Director,1,Married,8991,4589,2,Y,No,12,4,3,80,0,40,5,3,6,1,1,6
55,No,Travel_Frequently,657,Research & Development,11,2,Technical Degree,1,1214,4,Male,63,2,2,Laboratory Technician,2,Married,9442,12031,1,Y,Yes,12,3,2,80,1,39,4,3,7,6,2,2
51,No,Travel_Rarely,998,Research & Development,29,3,Medical,1,1215,4,Female,48,3,2,Sales Executive,4,Married,9661,11695,2,Y,Yes,14,3,2,80,1,36,4,3,4,1,1,4
34,No,Non-Travel,1306,Research & Development,18,3,Life Sciences,1,1216,3,Male,68,4,5,Human Resources,4,Married,15650,17527,4,Y,No,18,3,1,80,2,16,6,3,5,2,1,4
54,No,Travel_Rarely,1391,Research & Development,2,3,Marketing,1,1217,3,Female,42,2,2,Research Director,1,Married,8839,7722,0,Y,Yes,12,3,3,80,3,36,3,2,9,6,2,7
42,No,Travel_Rarely,1445,Human Resources,9,3,Medical,1,1218,2,Female,34,3,1,Manufacturing Director,2,Married,6877,15402,4,Y,No,20,3,3,80,2,23,0,4,7,4,2,6
55,No,Travel_Rarely,177,Research & Development,24,2,Technical Degree,1,1219,1,Female,79,3,1,Research Director,3,Married,7029,19106,2,Y,No,17,3,3,80,3,34,4,3,5,1,1,3
29,No,Travel_Rarely,883,Sales,17,2,Medical,1,1220,1,Female,52,3,1,Healthcare Representative,2,Married,5474,2841,0,Y,No,23,3,4,80,0,11,0,4,5,4,1,2
40,No,Travel_Frequently,1462,Sales,28,4,Medical,1,1221,1,Male,58,4,1,Laboratory Technician,4,Divorced,6983,20731,5,Y,No,23,3,3,80,2,19,4,1,7,5,3,4
59,Yes,Travel_Frequently,773,Research & Development,14,3,Other,1,1222,2,Male,55,4,1,Sales Executive,4,Single,8174,2645,6,Y,Yes,11,3,2,80,0,38,0,4,6,6,3,4
39,No,Travel_Rarely,337,Research & Development,4,3,Life Sciences,1,1223,1,Male,86,3,2,Healthcare Representative,3,Divorced,9076,10215,4,Y,No,19,3,1,80,0,20,6,2,11,4,2,4
38,No,Travel_Rarely,1257,Human Resources,29,1,Medical,1,1224,3,Male,30,3,1,Manager,1,Single,5754,21656,2,Y,Yes,20,3,2,80,1,20,5,3,5,1,5,3
44,No,Travel_Rarely,1315,Research & Development,17,3,Medical,1,1225,3,Female,57,3,2,Manufacturing Director,2,Single,9215,18390,3,Y,No,16,3,3,80,1,28,6,3,1,1,1,1
48,No,Travel_Rarely,1479,Research & Development,17,3,Life Sciences,1,1226,4,Male,91,3,1,Sales Representative,4,Single,6570,5701,2,Y,No,21,3,1,80,3,29,1,3,5,5,1,5
23,No,Travel_Rarely,377,Research & Development,12,3,Life Sciences,1,1227,1,Female,76,3,1,Laboratory Technician,2,Married,3432,15908,5,Y,No,11,3,1,80,1,4,0,3,4,4,0,3
44,No,Travel_Rarely,1141,Sales,28,4,Life Sciences,1,1228,3,Male,88,4,2,Sales Representative,3,Single,8822,11463,4,Y,Yes,20,3,3,80,3,27,2,2,4,4,1,4
57,Yes,Travel_Rarely,623,Sales,20,2,Medical,1,1229,4,Male,60,3,4,Sales Executive,3,Divorced,14825,14453,0,Y,No,16,3,3,80,0,40,5,3,5,5,5,4
51,No,Non-Travel,279,Research & Development,18,2,Medical,1,1230,1,Female,99,2,2,Sales Representative,1,Divorced,9606,14715,5,Y,No,24,3,2,80,2,32,1,2,4,4,3,3
29,No,Travel_Rarely,222,Research & Development,3,4,Medical,1,1231,1,Male,78,2,2,Sales Executive,3,Married,7277,7630,5,Y,Yes,15,3,2,80,2,12,4,3,9,8,0,9
24,No,Travel_Rarely,1369,Research & Development,11,5,Life Sciences,1,1232,3,Female,34,4,2,Sales Executive,1,Married,6370,17902,2,Y,No,24,3,4,80,1,3,4,3,3,1,0,3
27,Yes,Travel_Rarely,1496,Research & Development,25,2,Medical,1,1233,4,Male,60,2,1,Research Scientist,2,Divorced,5245,4556,8,Y,No,22,4,4,80,0,11,3,2,3,3,2,3
34,No,Travel_Rarely,1174,Sales,18,3,Technical Degree,1,1234,4,Female,66,3,1,Research Scientist,4,Divorced,4229,21338,7,Y,No,15,3,4,80,2,18,5,3,7,2,2,2
43,No,Travel_Rarely,1194,Research & Development,4,2,Life Sciences,1,1235,3,Male,44,2,1,Manufacturing Director,4,Married,7167,9387,1,Y,No,15,4,3,80,1,22,2,3,4,3,0,0
38,No,Non-Travel,579,Sales,17,1,Medical,1,1236,3,Male,81,1,2,Sales Executive,1,Married,7914,25172,8,Y,No,14,3,3,80,1,18,5,3,7,5,0,3
45,No,Travel_Frequently,1142,Research & Development,18,3,Marketing,1,1237,3,Female,98,2,2,Manufacturing Director,4,Married,8856,11858,3,Y,No,17,3,4,80,1,29,6,4,3,1,3,1
19,No,Travel_Rarely,183,Research & Development,5,2,Marketing,1,1238,1,Female,40,3,2,Research Scientist,1,Married,7026,15630,6,Y,No,23,3,4,80,0,4,3,3,4,1,4,2
18,No,Travel_Rarely,1278,Research & Development,14,4,Medical,1,1239,3,Male,72,2,1,Manufacturing Director,1,Married,4472,6661,7,Y,No,19,3,2,80,0,0,6,2,0,0,0,0
53,No,Travel_Rarely,664,Human Resources,10,3,Technical Degree,1,1240,3,Male,99,3,3,Manufacturing Director,2,Married,10672,5801,3,Y,Yes,23,4,4,80,0,32,5,2,7,3,0,3
43,No,Travel_Frequently,718,Sales,15,2,Life Sciences,1,1241,2,Male,52,3,1,Human Resources,2,Single,6659,24017,2,Y,No,14,3,4,80,3,25,6,3,8,6,1,5
46,Yes,Travel_Rarely,456,Research & Development,1,1,Technical Degree,1,1242,3,Male,69,3,1,Human Resources,3,Married,6482,9413,8,Y,No,12,3,1,80,1,26,1,3,6,6,2,0
38,No,Travel_Rarely,915,Research & Development,16,4,Life Sciences,1,1243,3,Female,92,3,1,Sales Executive,1,Married,5091,19547,1,Y,No,12,3,4,80,2,19,3,2,6,6,4,4
28,Yes,Travel_Rarely,746,Research & Development,11,2,Life Sciences,1,1244,1,Female,31,3,2,Healthcare Representative,2,Divorced,6700,14071,1,Y,Yes,12,4,1,80,1,12,1,1,7,4,2,2
57,No,Travel_Rarely,542,Research & Development,23,3,Life Sciences,1,1245,4,Male,76,3,1,Sales Representative,1,Divorced,6852,19665,2,Y,No,17,4,4,80,3,40,3,3,8,3,2,2
28,Yes,Travel_Rarely,1192,Research & Development,20,3,Marketing,1,1246,1,Male,59,3,2,Manufacturing Director,1,Married,6261,12856,7,Y,No,14,3,1,80,0,8,0,3,2,2,1,2
53,No,Non-Travel,622,Research & Development,6,3,Medical,1,1247,2,Female,45,3,3,Healthcare Representative,1,Married,13177,13087,8,Y,Yes,14,3,4,80,0,37,1,2,11,2,1,4
56,No,Travel_Rarely,242,Sales,24,3,Life Sciences,1,1248,3,Male,88,4,1,Research Scientist,2,Single,8228,10187,1,Y,No,11,3,2,80,2,35,1,3,3,3,3,0
57,No,Travel_Rarely,291,Research & Development,29,1,Life Sciences,1,1249,3,Female,76,3,2,Laboratory Technician,1,Married,9981,18686,7,Y,No,14,3,3,80,1,39,0,4,10,3,2,1
52,No,Travel_Rarely,477,Sales,22,2,Technical Degree,1,1250,3,Male,59,3,1,Sales Representative,1,Single,6541,15805,1,Y,No,16,3,1,80,1,31,0,4,4,4,2,4
51,No,Travel_Frequently,680,Research & Development,16,2,Marketing,1,1251,3,Female,38,3,2,Sales Representative,3,Single,8982,10947,9,Y,No,12,3,3,80,0,33,2,4,10,1,6,2
41,Yes,Non-Travel,634,Research & Development,2,3,Medical,1,1252,3,Male,94,3,1,Manufacturing Director,1,Married,6446,22643,4,Y,No,14,3,2,80,0,25,6,3,11,3,1,2
39,No,Travel_Rarely,1416,Research & Development,1,3,Medical,1,1253,3,Female,88,2,5,Sales Executive,3,Single,17086,24147,0,Y,No,21,4,4,80,1,19,0,2,4,3,2,2
22,No,Travel_Frequently,1132,Research & Development,24,2,Medical,1,1254,2,Male,93,3,2,Sales Executive,1,Single,6363,11418,0,Y,No,17,3,4,80,1,3,3,2,3,3,2,1
50,No,Travel_Rarely,1394,Human Resources,24,1,Life Sciences,1,1255,3,Male,37,3,3,Manufacturing Director,3,Divorced,10665,26564,1,Y,No,23,3,2,80,1,31,0,3,4,4,1,3
53,No,Travel_Rarely,192,Sales,9,3,Technical Degree,1,1256,3,Female,81,3,1,Manufacturing Director,2,Single,8038,9575,1,Y,Yes,19,3,3,80,0,32,0,3,10,1,2,2
37,No,Travel_Rarely,628,Research & Development,22,3,Life Sciences,1,1257,3,Male,47,4,3,Manager,2,Single,9090,11425,6,Y,No,12,4,3,80,1,21,1,4,6,6,1,4
36,Yes,Travel_Rarely,1277,Research & Development,12,5,Medical,1,1258,2,Male,87,3,3,Sales Representative,4,Single,9633,7978,1,Y,Yes,18,3,3,80,0,18,1,2,5,5,3,2
52,No,Travel_Rarely,504,Research & Development,17,3,Life Sciences,1,1259,3,Male,78,3,2,Human Resources,1,Single,9022,16436,9,Y,No,24,3,3,80,1,32,5,3,1,1,1,1
34,No,Travel_Rarely,939,Sales,25,3,Medical,1,1260,2,Male,61,4,4,Human Resources,4,Single,11531,11089,5,Y,No,16,3,1,80,1,19,0,3,10,6,2,6
51,No,Travel_Rarely,1272,Research & Development,28,3,Medical,1,1261,1,Female,77,3,1,Healthcare Representative,4,Married,7529,24474,5,Y,No,18,3,3,80,0,33,6,3,5,1,1,4
26,Yes,Non-Travel,988,Research & Development,29,4,Medical,1,1262,3,Female,74,3,2,Laboratory Technician,3,Married,7825,10154,1,Y,No,12,3,1,80,0,8,2,3,7,3,3,5
43,No,Travel_Rarely,1390,Research & Development,15,4,Life Sciences,1,1263,4,Male,83,3,2,Laboratory Technician,2,Divorced,8040,10183,8,Y,No,24,3,2,80,0,25,1,2,6,3,1,4
19,No,Travel_Rarely,521,Research & Development,19,3,Medical,1,1264,2,Female,75,4,2,Manager,1,Single,7603,24064,5,Y,No,21,3,4,80,3,3,3,4,3,2,2,3
26,No,Travel_Rarely,571,Research & Development,27,2,Life Sciences,1,1265,1,Male,60,2,3,Sales Executive,1,Married,10799,24895,7,Y,No,11,3,1,80,1,6,5,3,2,2,1,2
26,No,Travel_Frequently,992,Human Resources,22,2,Life Sciences,1,1266,2,Female,66,3,1,Sales Representative,3,Married,4549,5362,9,Y,No,17,3,3,80,1,10,3,3,10,3,2,5
57,No,Travel_Rarely,646,Research & Development,10,3,Life Sciences,1,1267,2,Male,45,3,1,Laboratory Technician,4,Married,6759,13101,1,Y,No,23,3,4,80,1,40,0,2,6,5,3,4
34,Yes,Travel_Rarely,730,Sales,29,4,Marketing,1,1268,1,Male,75,3,1,Healthcare Representative,3,Married,7087,11646,0,Y,No,19,3,1,80,3,16,0,3,5,4,3,3
18,No,Non-Travel,1137,Sales,26,3,Medical,1,1269,3,Male,75,3,4,Sales Representative,4,Divorced,12076,20396,7,Y,No,19,3,4,80,1,3,2,2,3,2,3,3
42,No,Travel_Rarely,877,Research & Development,27,1,Medical,1,1270,3,Male,90,2,4,Sales Representative,1,Single,13625,19484,7,Y,No,12,3,2,80,0,27,6,2,7,4,1,4
57,No,Travel_Rarely,463,Sales,12,4,Medical,1,1271,2,Male,75,3,2,Human Resources,3,Married,10710,17755,4,Y,No,14,3,3,80,0,40,0,2,6,4,2,6
59,No,Travel_Frequently,218,Human Resources,14,4,Medical,1,1272,1,Male,80,3,2,Sales Executive,4,Divorced,10021,7104,2,Y,No,23,3,2,80,2,40,6,1,10,5,2,6
42,No,Travel_Rarely,1361,Research & Development,9,2,Medical,1,1273,3,Female,91,3,2,Laboratory Technician,3,Single,8015,23999,5,Y,No,11,3,4,80,0,21,6,3,6,3,4,4
56,Yes,Travel_Rarely,645,Sales,27,3,Life Sciences,1,1274,2,Male,64,2,2,Human Resources,2,Single,9604,11512,1,Y,Yes,21,3,2,80,0,39,5,3,7,3,1,2
52,Yes,Travel_Rarely,1292,Research & Development,13,3,Life Sciences,1,1275,4,Female,71,2,1,Research Director,3,Single,7550,18069,1,Y,No,17,3,3,80,3,34,4,4,12,6,3,6
20,No,Travel_Rarely,621,Research & Development,3,4,Medical,1,1276,1,Male,74,2,2,Research Scientist,1,Married,5066,18306,3,Y,No,12,3,1,80,3,5,4,1,5,5,1,2
54,No,Travel_Rarely,733,Human Resources,21,4,Medical,1,1277,4,Female,97,3,2,Research Director,3,Single,9149,18255,1,Y,No,14,3,2,80,3,35,0,1,4,4,4,4
47,No,Travel_Rarely,1062,Research & Development,29,3,Technical Degree,1,1278,4,Female,76,3,2,Research Director,1,Single,9926,6502,3,Y,No,22,3,3,80,0,31,5,4,8,6,1,4
55,No,Travel_Rarely,1057,Research & Development,14,4,Technical Degree,1,1279,2,Female,59,1,1,Research Scientist,1,Married,6550,17252,9,Y,Yes,12,4,4,80,0,40,4,2,6,5,3,4
51,No,Travel_Rarely,982,Research & Development,21,4,Life Sciences,1,1280,1,Female,53,2,3,Research Director,3,Married,12876,26007,7,Y,No,11,4,2,80,0,32,6,1,10,1,5,2
29,Yes,Travel_Frequently,879,Research & Development,10,3,Life Sciences,1,1281,3,Female,95,3,3,Laboratory Technician,3,Single,11011,22971,9,Y,Yes,17,3,1,80,2,8,3,2,7,7,1,5
36,No,Travel_Rarely,970,Research & Development,16,3,Medical,1,1282,3,Male,72,3,2,Sales Representative,3,Single,7887,8037,7,Y,No,16,3,2,80,1,15,5,3,3,3,3,3
54,Yes,Travel_Rarely,615,Sales,7,4,Life Sciences,1,1283,2,Female,63,3,3,Human Resources,2,Married,11425,19539,2,Y,No,12,4,4,80,2,37,5,3,7,0,1,4
34,No,Travel_Frequently,1037,Sales,4,2,Life Sciences,1,1284,3,Male,52,3,2,Manufacturing Director,2,Divorced,7550,11292,7,Y,No,24,3,4,80,3,17,0,3,8,5,0,3
27,No,Travel_Rarely,965,Research & Development,27,3,Technical Degree,1,1285,3,Male,90,4,2,Manager,4,Married,9351,16466,8,Y,No,14,3,4,80,2,12,3,3,5,1,2,4
29,No,Travel_Rarely,205,Sales,20,4,Life Sciences,1,1286,4,Male,66,3,2,Human Resources,3,Divorced,8879,2996,9,Y,Yes,22,3,2,80,0,12,6,3,6,6,2,3
33,No,Non-Travel,1208,Sales,23,4,Technical Degree,1,1287,4,Female,42,3,3,Healthcare Representative,4,Married,10300,11627,5,Y,No,21,3,2,80,0,13,3,4,4,4,4,3
41,No,Travel_Rarely,313,Research & Development,25,3,Medical,1,1288,1,Male,36,3,2,Sales Executive,4,Single,7853,23593,1,Y,No,13,3,2,80,0,21,4,2,7,2,1,7
36,No,Travel_Rarely,1244,Sales,11,2,Marketing,1,1289,4,Male,71,2,2,Laboratory Technician,1,Married,8033,20929,0,Y,No,22,3,1,80,0,17,2,3,6,1,6,3
25,No,Travel_Frequently,1255,Research & Development,16,3,Life Sciences,1,1290,3,Male,67,1,2,Human Resources,4,Divorced,7255,22084,1,Y,No,13,3,3,80,0,9,3,2,9,6,1,1
48,Yes,Travel_Rarely,949,Research & Development,20,2,Life Sciences,1,1291,1,Female,81,1,2,Laboratory Technician,3,Married,7905,25149,9,Y,No,13,3,2,80,2,27,4,3,7,5,1,2
38,No,Travel_Rarely,296,Human Resources,4,2,Medical,1,1292,1,Male,73,3,3,Research Scientist,2,Divorced,10664,6984,3,Y,Yes,21,3,1,80,0,20,6,2,10,5,3,1
34,Yes,Travel_Rarely,118,Research & Development,22,4,Life Sciences,1,1293,2,Male,93,2,2,Manufacturing Director,4,Divorced,8837,18737,7,Y,Yes,14,3,4,80,1,13,2,3,10,5,3,2
40,Yes,Travel_Rarely,741,Sales,22,2,Life Sciences,1,1294,4,Male,42,2,3,Healthcare Representative,4,Single,9320,4318,3,Y,No,11,3,2,80,2,20,6,3,7,2,3,3
54,No,Travel_Rarely,1135,Research & Development,23,3,Life Sciences,1,1295,1,Female,57,3,2,Sales Representative,2,Single,10041,15703,5,Y,No,11,4,2,80,0,35,5,3,7,1,3,7
33,No,Non-Travel,1204,Research & Development,17,3,Life Sciences,1,1296,3,Female,30,4,5,Sales Representative,4,Single,16299,14719,0,Y,No,17,3,2,80,0,15,4,3,12,4,1,4
23,No,Travel_Rarely,429,Human Resources,13,5,Life Sciences,1,1297,1,Female,72,2,3,Human Resources,3,Married,8951,4519,1,Y,No,15,3,1,80,0,6,4,3,6,1,3,6
25,No,Travel_Frequently,965,Research & Development,11,3,Marketing,1,1298,1,Female,71,3,1,Research Director,4,Single,5915,7427,2,Y,Yes,13,3,2,80,0,8,0,3,8,8,1,2
42,No,Travel_Rarely,873,Research & Development,3,1,Life Sciences,1,1299,2,Male,79,2,3,Research Scientist,1,Divorced,10367,6603,5,Y,No,19,3,2,80,1,22,5,2,9,4,4,1
35,No,Travel_Frequently,491,Research & Development,9,1,Life Sciences,1,1300,3,Female,89,4,2,Research Director,4,Single,8212,26630,1,Y,Yes,15,3,3,80,1,16,6,3,7,2,0,6
42,No,Travel_Frequently,736,Sales,6,3,Medical,1,1301,3,Male,30,3,5,Research Director,1,Single,15674,20468,6,Y,Yes,20,3,1,80,1,27,5,2,5,5,1,4
29,No,Travel_Rarely,406,Research & Development,22,3,Other,1,1302,4,Male,80,4,2,Healthcare Representative,2,Single,7134,2899,2,Y,No,13,4,3,80,0,13,1,3,4,3,1,4
32,No,Travel_Rarely,1390,Research & Development,21,3,Life Sciences,1,1303,3,Male,45,3,1,Laboratory Technician,2,Divorced,4626,18846,7,Y,No,19,3,3,80,1,11,2,3,1,1,0,1
43,No,Travel_Rarely,994,Sales,11,3,Life Sciences,1,1304,1,Male,68,3,2,Human Resources,4,Married,9058,19885,0,Y,Yes,11,3,3,80,1,23,4,3,6,6,2,6
58,No,Travel_Rarely,751,Research & Development,16,1,Medical,1,1305,3,Female,44,2,2,Sales Representative,4,Divorced,10379,14068,5,Y,No,24,3,3,80,0,40,3,3,7,6,1,6
43,No,Travel_Frequently,940,Sales,19,3,Technical Degree,1,1306,3,Male,62,3,3,Sales Executive,2,Divorced,10948,19099,1,Y,No,19,3,4,80,0,27,3,3,5,5,4,4
49,No,Travel_Frequently,1125,Research & Development,27,3,Marketing,1,1307,1,Female,82,2,3,Research Director,1,Married,10392,7330,6,Y,Yes,24,3,2,80,2,28,1,3,7,7,0,5
27,No,Travel_Rarely,619,Human Resources,5,2,Medical,1,1308,2,Male,46,3,2,Healthcare Representative,2,Single,7542,25558,2,Y,No,15,3,3,80,0,9,6,3,8,5,3,4
33,No,Travel_Rarely,735,Sales,14,2,Life Sciences,1,1309,4,Male,35,4,2,Manager,2,Single,8037,21995,5,Y,No,16,4,1,80,2,12,2,4,11,1,9,2
24,No,Travel_Rarely,1432,Research & Development,17,2,Medical,1,1310,4,Male,60,3,2,Human Resources,1,Single,6806,11180,8,Y,No,12,4,2,80,0,6,0,3,4,4,3,4
34,No,Travel_Rarely,839,Sales,3,2,Life Sciences,1,1311,2,Female,98,3,1,Research Director,2,Married,6773,18595,0,Y,Yes,18,3,3,80,0,18,2,3,6,4,0,5
40,No,Travel_Rarely,568,Research & Development,4,3,Medical,1,1312,1,Female,69,4,1,Laboratory Technician,4,Single,4508,25740,0,Y,No,13,3,3,80,1,21,3,3,4,3,3,4
43,No,Travel_Frequently,311,Sales,16,2,Medical,1,1313,4,Male,59,3,1,Healthcare Representative,4,Single,4226,19137,6,Y,No,11,3,1,80,2,23,6,4,11,2,0,5
38,No,Non-Travel,1235,Human Resources,16,2,Human Resources,1,1314,2,Male,98,4,1,Manufacturing Director,2,Married,5015,17473,5,Y,Yes,17,3,4,80,2,17,6,3,10,4,2,2
39,Yes,Travel_Rarely,1131,Research & Development,21,2,Life Sciences,1,1315,2,Male,36,2,1,Sales Executive,4,Married,6248,5750,1,Y,Yes,22,3,1,80,0,20,3,3,5,2,4,0
24,No,Travel_Rarely,903,Research & Development,26,5,Life Sciences,1,1316,2,Female,42,4,1,Healthcare Representative,3,Married,3635,13881,3,Y,Yes,13,3,4,80,3,5,0,3,4,4,3,3
31,No,Travel_Rarely,576,Research & Development,25,4,Medical,1,1317,4,Female,33,1,4,Sales Representative,2,Married,11755,21606,0,Y,Yes,14,3,4,80,1,10,0,3,4,4,4,4
32,No,Travel_Rarely,973,Research & Development,4,2,Medical,1,1318,4,Male,79,3,1,Sales Executive,3,Divorced,5880,18819,1,Y,Yes,15,4,4,80,0,15,3,3,8,5,1,6
24,No,Travel_Rarely,559,Human Resources,19,3,Marketing,1,1319,4,Female,32,3,1,Manufacturing Director,2,Married,4850,6929,2,Y,No,11,3,3,80,0,8,6,4,3,2,2,0
26,No,Travel_Rarely,352,Research & Development,26,2,Life Sciences,1,1320,4,Male,41,3,1,Manager,2,Single,4941,16796,7,Y,No,21,3,3,80,1,9,6,2,7,2,5,3
25,No,Travel_Frequently,851,Research & Development,17,3,Life Sciences,1,1321,3,Male,94,3,2,Human Resources,3,Divorced,7685,20344,3,Y,No,21,3,4,80,1,7,4,3,4,0,1,3
40,No,Travel_Rarely,1080,Research & Development,13,1,Medical,1,1322,2,Female,56,3,2,Research Director,2,Divorced,7919,22656,4,Y,No,19,3,4,80,0,21,4,4,8,3,2,3
46,No,Travel_Rarely,953,Sales,26,3,Life Sciences,1,1323,3,Male,79,4,1,Research Scientist,4,Single,5936,7813,8,Y,No,17,3,3,80,3,26,0,2,4,4,0,4
35,No,Non-Travel,335,Research & Development,22,3,Technical Degree,1,1324,2,Male,46,4,2,Laboratory Technician,3,Married,8507,3724,1,Y,No,12,3,4,80,1,15,5,3,4,4,1,4
48,Yes,Travel_Frequently,1429,Sales,23,4,Medical,1,1325,4,Male,61,4,3,Healthcare Representative,2,Married,10324,26761,5,Y,Yes,23,3,3,80,2,29,4,4,7,2,2,1
47,No,Travel_Rarely,577,Research & Development,26,2,Marketing,1,1326,4,Male,80,4,2,Sales Representative,4,Single,7105,3494,7,Y,No,11,3,4,80,1,30,6,4,4,4,2,1
56,No,Travel_Rarely,778,Research & Development,24,4,Medical,1,1327,3,Female,46,3,2,Laboratory Technician,3,Divorced,9193,20363,1,Y,No,24,3,3,80,1,40,0,3,10,2,4,4
52,No,Travel_Rarely,1143,Research & Development,28,4,Marketing,1,1328,1,Female,63,4,2,Sales Representative,3,Single,9964,23812,2,Y,Yes,21,3,1,80,0,33,2,1,8,7,0,2
35,Yes,Travel_Frequently,315,Sales,1,2,Life Sciences,1,1329,4,Female,64,4,1,Healthcare Representative,4,Divorced,5564,22437,9,Y,Yes,12,3,4,80,1,20,2,2,6,4,5,4
59,No,Travel_Frequently,954,Sales,12,3,Marketing,1,1330,1,Male,53,3,3,Manager,2,Married,12965,10437,9,Y,No,13,3,4,80,3,40,2,3,7,3,1,5
56,No,Travel_Rarely,234,Research & Development,4,2,Life Sciences,1,1331,2,Male,83,3,3,Manager,2,Married,10426,9160,1,Y,No,22,3,1,80,1,37,0,2,6,4,0,3
34,No,Travel_Rarely,1004,Human Resources,11,2,Medical,1,1332,3,Male,47,4,2,Manufacturing Director,3,Single,8032,10575,0,Y,No,13,3,2,80,0,13,0,2,8,8,1,2
31,No,Travel_Frequently,1252,Research & Development,5,2,Life Sciences,1,1333,1,Male,79,3,1,Research Director,1,Single,5563,25593,1,Y,Yes,18,3,4,80,0,14,4,3,7,3,0,2
48,Yes,Travel_Rarely,509,Research & Development,2,3,Medical,1,1334,1,Female,75,3,4,Human Resources,2,Single,12819,2284,2,Y,Yes,15,3,2,80,3,27,4,3,8,3,1,1
41,No,Travel_Rarely,1417,Research & Development,17,3,Life Sciences,1,1335,4,Female,77,2,2,Research Scientist,2,Single,9029,17315,3,Y,No,19,3,1,80,0,20,4,4,7,3,1,5
52,No,Travel_Rarely,1369,Research & Development,8,5,Life Sciences,1,1336,1,Male,62,3,1,Human Resources,4,Married,6630,7083,4,Y,No,13,4,4,80,2,33,1,2,5,5,5,5
51,Yes,Travel_Rarely,185,Sales,6,2,Human Resources,1,1337,1,Female,56,4,2,Manufacturing Director,1,Divorced,11597,22378,8,Y,No,16,3,2,80,1,35,0,2,5,5,2,5
20,No,Travel_Rarely,655,Research & Development,21,5,Life Sciences,1,1338,2,Female,30,3,2,Manager,1,Married,4918,10491,2,Y,No,14,3,4,80,0,1,5,4,1,1,1,1
54,No,Travel_Frequently,1498,Sales,29,2,Marketing,1,1339,3,Male,88,2,3,Sales Representative,3,Married,12975,2900,7,Y,No,18,3,4,80,1,38,2,3,12,3,0,1
57,Yes,Non-Travel,477,Human Resources,9,4,Other,1,1340,4,Female,39,3,1,Manufacturing Director,4,Married,6804,3459,0,Y,Yes,22,3,3,80,0,37,6,3,9,3,2,4
43,No,Travel_Rarely,1174,Sales,13,3,Life Sciences,1,1341,4,Male,54,3,1,Research Director,4,Divorced,4706,15680,0,Y,No,11,3,2,80,1,27,6,4,8,2,1,3
40,No,Travel_Rarely,341,Research & Development,11,2,Medical,1,1342,1,Male,86,3,2,Research Director,2,Divorced,7838,21305,3,Y,Yes,14,3,3,80,0,19,2,4,5,3,1,2
56,No,Travel_Rarely,1417,Sales,29,4,Life Sciences,1,1343,2,Male,95,3,4,Sales Executive,3,Single,14761,4533,0,Y,No,17,3,3,80,1,37,1,3,6,2,5,3
32,Yes,Travel_Rarely,1019,Sales,16,3,Life Sciences,1,1344,1,Male,44,4,1,Research Director,2,Divorced,5949,8579,2,Y,No,19,3,2,80,0,12,1,3,4,4,3,4
21,No,Travel_Rarely,365,Research & Development,16,3,Life Sciences,1,1345,1,Male,57,3,3,Laboratory Technician,1,Married,10617,19189,8,Y,Yes,23,3,2,80,0,6,2,3,6,4,2,1
46,No,Non-Travel,1243,Sales,27,3,Human Resources,1,1346,4,Male,42,3,2,Healthcare Representative,4,Divorced,9877,9595,1,Y,Yes,11,4,3,80,2,25,0,3,6,6,4,4
39,No,Travel_Rarely,811,Sales,2,3,Life Sciences,1,1347,1,Male,43,4,3,Research Director,3,Married,9907,20612,5,Y,Yes,18,3,4,80,0,19,2,3,5,5,0,2
42,No,Travel_Rarely,1371,Research & Development,10,3,Medical,1,1348,1,Female,95,3,2,Manager,2,Married,9324,3921,1,Y,Yes,12,3,4,80,0,25,2,3,9,5,3,5
30,No,Travel_Rarely,169,Sales,12,4,Medical,1,1349,2,Female,63,2,2,Manufacturing Director,2,Single,7773,6972,0,Y,No,14,3,1,80,1,12,5,2,5,3,1,3
35,No,Travel_Frequently,156,Sales,8,1,Technical Degree,1,1350,4,Female,54,3,2,Manufacturing Director,1,Single,7336,4387,4,Y,No,14,3,4,80,1,14,6,3,8,4,4,3
50,No,Travel_Frequently,138,Research & Development,11,3,Life Sciences,1,1351,3,Male,83,3,4,Manufacturing Director,4,Married,13890,12730,7,Y,No,24,3,2,80,0,31,1,1,7,4,1,5
33,No,Non-Travel,900,Research & Development,10,4,Medical,1,1352,2,Male,41,4,1,Manager,1,Divorced,4632,16830,2,Y,No,18,3,2,80,3,17,1,3,8,2,4,2
59,No,Travel_Frequently,1141,Research & Development,13,1,Medical,1,1353,2,Male,38,4,2,Sales Representative,2,Married,9809,3996,4,Y,No,21,3,1,80,1,40,6,4,4,4,2,3
19,No,Travel_Rarely,831,Research & Development,25,2,Medical,1,1354,2,Male,60,3,1,Healthcare Representative,4,Married,3496,6825,8,Y,No,12,3,2,80,0,4,4,2,4,3,3,2
52,No,Travel_Rarely,924,Research & Development,17,4,Human Resources,1,1355,4,Male,82,2,1,Research Director,4,Divorced,5897,7282,6,Y,No,17,3,3,80,1,32,1,3,9,5,2,5
59,No,Travel_Rarely,855,Sales,7,3,Marketing,1,1356,1,Female,72,2,3,Sales Representative,1,Married,12663,15869,1,Y,No,13,3,1,80,0,40,5,2,7,7,1,1
51,No,Travel_Rarely,451,Research & Development,24,3,Life Sciences,1,1357,3,Female,67,3,1,Research Director,4,Single,7142,20887,6,Y,No,19,3,1,80,0,35,5,4,5,2,1,4
47,No,Travel_Rarely,1421,Research & Development,3,2,Medical,1,1358,4,Female,71,3,3,Manufacturing Director,1,Single,11169,17451,3,Y,No,15,3,4,80,3,26,6,4,6,6,2,1
30,No,Travel_Rarely,382,Research & Development,20,3,Life Sciences,1,1359,1,Male,77,3,2,Research Director,4,Single,8554,2104,6,Y,Yes,24,3,4,80,1,12,2,4,7,7,0,4
30,No,Travel_Rarely,209,Research & Development,13,2,Life Sciences,1,1360,2,Male,96,3,5,Manager,4,Divorced,14751,25246,3,Y,No,22,3,3,80,2,13,5,4,9,1,1,5
35,No,Travel_Rarely,1116,Sales,19,3,Medical,1,1361,4,Female,95,4,1,Laboratory Technician,3,Divorced,5117,10630,1,Y,No,18,3,3,80,0,17,4,3,1,1,0,1
49,No,Travel_Rarely,1303,Research & Development,7,4,Life Sciences,1,1362,1,Male,45,4,1,Research Director,4,Single,7008,19905,4,Y,No,15,3,4,80,0,28,2,2,13,8,1,4
49,No,Travel_Frequently,643,Research & Development,9,2,Medical,1,1363,3,Male,45,3,1,Sales Representative,2,Single,6374,3351,3,Y,No,11,4,4,80,0,32,0,3,8,6,4,2
52,Yes,Travel_Rarely,124,Human Resources,19,3,Other,1,1364,3,Male,60,3,3,Healthcare Representative,3,Divorced,11787,4698,3,Y,Yes,19,3,3,80,0,32,0,3,7,6,3,7
56,Yes,Travel_Rarely,942,Sales,13,5,Life Sciences,1,1365,1,Male,87,3,2,Manufacturing Director,1,Divorced,7523,21996,8,Y,No,20,3,4,80,1,35,6,3,7,3,0,3
46,No,Travel_Rarely,890,Sales,22,4,Technical Degree,1,1366,4,Male,57,2,1,Sales Executive,2,Married,6253,18892,8,Y,No,21,3,1,80,1,28,1,3,10,2,2,2
46,No,Travel_Rarely,837,Sales,8,4,Medical,1,1367,2,Female,33,3,4,Laboratory Technician,1,Married,12278,17300,3,Y,No,22,3,3,80,1,25,4,2,7,5,3,7
33,No,Travel_Rarely,156,Research & Development,22,3,Medical,1,1368,1,Female,39,2,4,Research Scientist,1,Single,11723,7310,3,Y,No,17,3,4,80,1,16,5,2,11,4,1,6
27,No,Travel_Rarely,279,Sales,18,4,Marketing,1,1369,2,Male,80,3,3,Research Director,2,Married,8651,8190,3,Y,Yes,14,3,2,80,1,9,3,3,9,4,0,2
47,No,Travel_Rarely,331,Sales,29,1,Life Sciences,1,1370,3,Male,47,3,1,Research Director,1,Single,5485,15166,3,Y,No,17,4,2,80,2,27,0,2,3,3,3,3
42,Yes,Travel_Rarely,442,Human Resources,23,2,Medical,1,1371,1,Female,76,3,2,Healthcare Representative,3,Divorced,7980,19658,9,Y,No,15,3,3,80,0,27,5,3,11,5,1,2
56,No,Travel_Rarely,576,Sales,2,2,Life Sciences,1,1372,3,Male,61,3,3,Healthcare Representative,2,Married,11650,4822,5,Y,No,20,4,2,80,2,40,6,3,6,4,1,3
37,No,Travel_Rarely,675,Research & Development,18,3,Life Sciences,1,1373,2,Male,59,3,2,Manufacturing Director,1,Divorced,8551,18447,1,Y,Yes,24,3,2,80,1,21,0,3,5,5,3,5
22,No,Travel_Rarely,554,Research & Development,18,4,Technical Degree,1,1374,2,Male,65,2,1,Sales Executive,1,Married,4497,5921,3,Y,Yes,19,3,1,80,1,3,0,2,3,3,0,3
18,No,Travel_Rarely,1355,Research & Development,11,3,Marketing,1,1375,1,Male,38,3,1,Sales Executive,4,Divorced,2479,19243,4,Y,No,12,3,3,80,2,0,0,4,0,0,0,0
47,No,Travel_Rarely,388,Research & Development,1,3,Life Sciences,1,1376,1,Female,65,3,5,Manager,4,Married,16386,13019,5,Y,No,14,3,2,80,0,26,1,1,8,5,1,4
20,Yes,Travel_Rarely,1336,Research & Development,14,4,Life Sciences,1,1377,1,Female,58,3,1,Manufacturing Director,1,Married,4414,3547,4,Y,Yes,16,3,4,80,1,1,4,3,1,1,1,1
31,No,Travel_Rarely,357,Research & Development,16,3,Medical,1,1378,3,Male,45,4,3,Manufacturing Director,2,Married,9777,4076,1,Y,Yes,21,3,3,80,3,15,0,3,9,6,3,3
47,No,Travel_Rarely,629,Sales,11,3,Life Sciences,1,1379,2,Male,50,3,2,Laboratory Technician,3,Single,8771,15962,0,Y,No,15,3,3,80,1,31,5,1,6,4,2,5
21,No,Travel_Rarely,786,Sales,1,3,Medical,1,1380,2,Male,93,3,3,Human Resources,1,Divorced,9392,18820,2,Y,No,11,4,2,80,2,4,5,2,4,4,2,4
35,No,Travel_Rarely,1028,Sales,7,3,Life Sciences,1,1381,3,Male,95,3,2,Laboratory Technician,1,Married,8471,24469,2,Y,Yes,19,3,2,80,0,19,6,2,14,3,1,6
54,No,Travel_Frequently,328,Research & Development,29,1,Medical,1,1382,1,Female,88,4,2,Research Director,1,Married,8120,15908,0,Y,No,19,3,1,80,1,39,1,3,5,5,0,4
42,No,Travel_Frequently,1349,Research & Development,16,5,Life Sciences,1,1383,4,Female,57,4,1,Research Scientist,4,Divorced,5724,5657,7,Y,No,13,3,4,80,2,24,4,4,10,3,1,2
18,No,Travel_Frequently,695,Research & Development,14,2,Life Sciences,1,1384,1,Male,84,3,3,Manufacturing Director,2,Divorced,10206,19146,2,Y,No,14,4,1,80,0,0,4,3,0,0,0,0
32,No,Travel_Rarely,534,Research & Development,15,1,Medical,1,1385,4,Female,60,3,1,Sales Executive,1,Married,6253,2735,8,Y,No,14,4,1,80,1,15,6,3,5,3,3,4
26,No,Travel_Rarely,981,Sales,14,4,Medical,1,1386,4,Female,62,2,3,Healthcare Representative,4,Divorced,10320,9214,1,Y,No,20,3,4,80,0,10,3,3,7,2,0,4
32,No,Travel_Rarely,1120,Research & Development,28,3,Other,1,1387,3,Female,89,4,2,Research Scientist,1,Single,8049,25968,0,Y,No,18,3,2,80,0,11,2,1,10,8,2,3
41,No,Travel_Rarely,501,Human Resources,21,3,Technical Degree,1,1388,2,Male,70,3,2,Sales Executive,1,Single,9663,13856,3,Y,No,16,3,1,80,1,21,0,1,8,3,2,6
21,No,Travel_Rarely,721,Sales,11,3,Life Sciences,1,1389,2,Male,75,4,2,Sales Executive,2,Married,8274,6094,1,Y,No,12,3,3,80,2,6,1,4,6,6,4,5
29,Yes,Travel_Rarely,187,Research & Development,16,3,Life Sciences,1,1390,2,Female,78,3,1,Research Scientist,4,Married,4776,24978,8,Y,No,14,3,1,80,3,10,4,2,7,3,2,2
54,Yes,Non-Travel,683,Sales,19,2,Technical Degree,1,1391,2,Male,94,3,2,Healthcare Representative,3,Married,8604,6728,0,Y,Yes,11,3,4,80,1,37,3,4,9,3,0,1
54,Yes,Travel_Rarely,408,Research & Development,17,3,Technical Degree,1,1392,3,Female,71,4,1,Human Resources,2,Married,6663,5729,2,Y,No,13,4,1,80,2,38,2,2,7,1,2,7
23,No,Travel_Frequently,1005,Research & Development,27,3,Marketing,1,1393,4,Female,52,4,5,Manager,3,Married,16877,9241,8,Y,No,14,4,1,80,1,2,4,3,2,2,2,2
56,No,Travel_Rarely,442,Sales,26,4,Life Sciences,1,1394,2,Female,56,2,5,Manufacturing Director,4,Divorced,15784,19460,2,Y,No,18,3,3,80,1,35,4,4,7,6,4,7
41,Yes,Travel_Rarely,535,Research & Development,6,3,Other,1,1395,4,Male,61,3,1,Laboratory Technician,4,Married,5463,12472,0,Y,No,13,3,4,80,2,22,0,3,6,2,2,2
28,Yes,Travel_Rarely,276,Research & Development,11,5,Life Sciences,1,1396,3,Female,32,3,1,Research Director,3,Divorced,3669,3830,1,Y,No,15,3,3,80,1,11,2,3,8,5,1,6
30,No,Travel_Rarely,238,Research & Development,17,1,Medical,1,1397,1,Male,89,3,2,Laboratory Technician,4,Divorced,7559,12090,3,Y,Yes,11,3,2,80,1,10,2,3,10,6,4,2
51,No,Travel_Frequently,293,Research & Development,9,3,Technical Degree,1,1398,3,Female,46,3,5,Sales Executive,2,Single,15677,19057,1,Y,Yes,23,4,4,80,0,36,6,3,8,6,4,3
42,No,Travel_Rarely,1309,Sales,18,3,Life Sciences,1,1399,2,Male,61,3,2,Manufacturing Director,1,Single,8332,18932,3,Y,No,14,3,1,80,2,22,1,2,6,3,2,4
24,No,Travel_Rarely,1341,Research & Development,17,4,Technical Degree,1,1400,1,Male,36,3,2,Healthcare Representative,3,Married,5419,16432,7,Y,No,12,3,3,80,0,7,3,3,5,4,0,5
21,No,Travel_Frequently,1287,Research & Development,12,1,Life Sciences,1,1401,3,Female,98,2,2,Healthcare Representative,1,Divorced,7234,2895,8,Y,No,14,3,3,80,0,3,6,2,3,0,3,3
25,Yes,Travel_Rarely,1284,Research & Development,23,3,Other,1,1402,3,Male,87,3,1,Healthcare Representative,3,Single,5537,20953,0,Y,No,15,4,4,80,1,10,5,3,6,3,2,2
37,No,Non-Travel,1042,Sales,22,4,Life Sciences,1,1403,4,Male,69,3,2,Research Director,1,Single,7712,19297,1,Y,No,13,3,3,80,3,21,1,4,10,1,1,5
46,No,Travel_Rarely,624,Research & Development,22,2,Human Resources,1,1404,3,Female,77,3,1,Research Director,1,Divorced,6131,19560,1,Y,No,24,3,4,80,2,26,3,3,10,1,2,6
27,No,Travel_Rarely,1165,Human Resources,5,4,Life Sciences,1,1405,1,Male,80,3,2,Manufacturing Director,2,Married,7089,9273,4,Y,No,16,3,2,80,0,9,6,3,9,4,1,3
51,No,Travel_Rarely,1014,Sales,11,1,Medical,1,1406,3,Female,86,1,1,Human Resources,1,Single,6784,8696,2,Y,Yes,22,3,4,80,1,34,1,4,6,4,3,4
43,Yes,Travel_Rarely,309,Research & Development,4,4,Medical,1,1407,2,Male,66,3,2,Sales Executive,3,Single,8469,23249,7,Y,Yes,12,3,4,80,3,27,3,3,5,2,1,1
58,No,Travel_Rarely,840,Sales,27,4,Medical,1,1408,4,Female,84,3,3,Healthcare Representative,1,Divorced,12814,22690,6,Y,Yes,15,3,2,80,1,37,5,3,7,2,1,2
20,No,Travel_Rarely,961,Research & Development,4,3,Life Sciences,1,1409,1,Female,70,3,2,Healthcare Representative,4,Divorced,7646,21657,1,Y,No,14,4,2,80,1,3,0,3,3,3,3,2
23,No,Travel_Frequently,1398,Sales,3,3,Medical,1,1410,1,Male,49,3,2,Healthcare Representative,1,Single,6248,24960,4,Y,Yes,15,3,1,80,1,2,3,3,2,2,0,2
22,No,Travel_Frequently,1053,Research & Development,26,1,Life Sciences,1,1411,3,Male,62,3,1,Research Director,1,Married,4072,17042,1,Y,No,23,3,3,80,0,5,5,2,5,3,5,2
22,No,Travel_Rarely,1402,Research & Development,24,4,Medical,1,1412,2,Male,69,2,2,Human Resources,4,Divorced,7541,16900,1,Y,No,19,3,2,80,3,7,1,3,5,2,4,5
40,Yes,Travel_Rarely,1374,Research & Development,23,3,Life Sciences,1,1413,4,Male,63,4,1,Laboratory Technician,4,Married,4622,14434,1,Y,No,16,3,2,80,2,22,2,3,6,1,1,1
26,Yes,Travel_Rarely,1433,Research & Development,25,1,Human Resources,1,1414,1,Male,91,4,2,Human Resources,3,Divorced,5563,19906,1,Y,No,17,3,3,80,1,10,4,1,6,2,4,4
52,No,Travel_Rarely,932,Research & Development,17,4,Life Sciences,1,1415,4,Female,48,1,1,Research Director,4,Married,6901,24809,4,Y,No,24,3,3,80,1,34,5,3,4,4,0,0
37,No,Travel_Rarely,239,Research & Development,7,3,Life Sciences,1,1416,3,Male,72,3,1,Laboratory Technician,4,Divorced,5917,9477,4,Y,Yes,21,3,1,80,3,21,5,3,8,5,1,5
59,Yes,Travel_Rarely,891,Sales,26,2,Life Sciences,1,1417,2,Male,98,3,1,Research Scientist,3,Married,6702,4802,1,Y,Yes,18,3,1,80,0,40,5,2,9,8,1,3
52,No,Travel_Rarely,645,Sales,4,2,Medical,1,1418,3,Female,92,3,1,Manufacturing Director,3,Single,6257,5122,9,Y,Yes,19,3,4,80,0,35,3,3,3,3,2,3
35,No,Travel_Rarely,1116,Research & Development,23,1,Life Sciences,1,1419,4,Male,39,3,2,Research Scientist,1,Married,7251,14782,2,Y,Yes,24,3,1,80,0,14,6,3,10,1,0,5
34,No,Non-Travel,156,Sales,13,3,Medical,1,1420,3,Male,42,3,2,Manufacturing Director,2,Married,7086,4456,0,Y,No,15,3,2,80,1,17,3,3,5,2,5,5
41,Yes,Travel_Rarely,211,Research & Development,12,3,Technical Degree,1,1421,4,Male,34,2,1,Healthcare Representative,3,Divorced,6394,20033,1,Y,No,18,3,2,80,2,20,2,3,8,4,4,2
20,No,Travel_Rarely,104,Research & Development,1,3,Medical,1,1422,1,Male,87,4,2,Research Scientist,4,Single,5715,4320,4,Y,No,12,3,3,80,1,2,0,2,2,2,0,2
49,No,Travel_Rarely,1305,Sales,21,4,Medical,1,1423,1,Female,88,3,2,Research Director,1,Divorced,8767,12697,9,Y,No,20,3,1,80,1,30,1,2,11,3,1,1
52,No,Travel_Rarely,1136,Research & Development,19,4,Life Sciences,1,1424,3,Female,88,3,2,Sales Executive,4,Single,8495,19527,4,Y,No,19,4,4,80,0,32,0,2,5,3,0,5
55,No,Travel_Rarely,1462,Research & Development,21,3,Medical,1,1425,1,Male,44,3,3,Laboratory Technician,3,Married,10795,13964,9,Y,Yes,12,3,4,80,0,37,6,2,10,8,1,4
30,No,Travel_Rarely,1382,Research & Development,20,1,Life Sciences,1,1426,4,Male,30,1,1,Sales Representative,2,Single,5656,10237,3,Y,Yes,23,3,4,80,0,13,3,3,11,0,3,6
42,No,Travel_Frequently,189,Human Resources,18,4,Marketing,1,1427,1,Male,67,3,1,Sales Executive,1,Married,5504,21698,2,Y,No,22,3,4,80,1,25,3,3,9,9,3,5
26,Yes,Travel_Rarely,715,Research & Development,11,3,Life Sciences,1,1428,2,Male,82,3,2,Research Scientist,3,Married,7290,6406,3,Y,No,15,3,3,80,2,5,5,2,5,1,2,4
21,No,Travel_Rarely,990,Sales,20,3,Medical,1,1429,2,Female,81,3,4,Laboratory Technician,3,Married,10533,20993,5,Y,No,16,3,1,80,2,1,5,3,1,1,1,1
31,Yes,Non-Travel,797,Research & Development,3,3,Life Sciences,1,1430,3,Male,30,3,2,Research Scientist,4,Single,6946,9591,2,Y,No,14,4,1,80,0,15,0,4,8,6,2,8
54,No,Travel_Frequently,1373,Research & Development,29,3,Technical Degree,1,1431,3,Male,40,1,3,Research Scientist,2,Married,12484,5119,7,Y,Yes,18,3,1,80,0,36,1,2,6,6,0,6
51,No,Travel_Rarely,1378,Research & Development,17,4,Life Sciences,1,1432,3,Male,87,2,3,Manager,3,Divorced,13709,19784,0,Y,No,20,3,1,80,2,36,3,3,7,2,2,2
28,No,Travel_Rarely,997,Sales,12,2,Medical,1,1433,3,Female,69,2,2,Sales Representative,4,Married,5719,26583,2,Y,Yes,13,3,4,80,0,8,3,3,8,1,0,6
58,No,Travel_Rarely,1070,Sales,10,3,Life Sciences,1,1434,4,Female,89,4,2,Manager,1,Single,9539,21981,3,Y,No,21,4,4,80,0,38,6,1,10,5,2,3
20,Yes,Travel_Rarely,1231,Research & Development,8,1,Medical,1,1435,4,Female,73,1,2,Manager,4,Single,6989,23873,4,Y,No,23,3,3,80,0,2,0,3,2,2,2,2
45,No,Travel_Rarely,767,Research & Development,15,4,Technical Degree,1,1436,2,Female,35,2,2,Human Resources,1,Divorced,8167,5511,1,Y,No,15,3,3,80,1,24,4,4,12,8,1,3
46,No,Travel_Rarely,693,Research & Development,5,2,Medical,1,1437,4,Male,57,4,2,Research Director,4,Married,9419,5828,2,Y,Yes,12,3,4,80,0,30,5,2,10,2,3,4
26,No,Travel_Rarely,688,Research & Development,4,1,Medical,1,1438,1,Male,60,3,2,Research Director,2,Single,6446,18949,3,Y,Yes,13,3,2,80,0,5,2,3,4,4,1,4
20,No,Travel_Rarely,584,Research & Development,26,3,Technical Degree,1,1439,2,Male,37,3,2,Manager,4,Divorced,6783,9651,5,Y,Yes,18,3,1,80,1,5,3,3,5,5,1,5
42,No,Travel_Rarely,1081,Research & Development,28,3,Medical,1,1440,3,Female,34,2,1,Healthcare Representative,2,Married,5502,11092,6,Y,No,21,3,3,80,0,21,1,2,6,5,2,6
51,No,Travel_Rarely,1071,Sales,21,2,Medical,1,1441,3,Female,83,3,3,Human Resources,2,Single,12615,12370,6,Y,No,15,3,4,80,0,32,4,3,10,4,0,5
29,No,Travel_Rarely,1381,Sales,20,3,Medical,1,1442,4,Male,46,2,2,Research Scientist,1,Divorced,6838,13784,2,Y,No,24,3,1,80,1,9,0,2,9,2,1,1
59,No,Travel_Rarely,738,Sales,19,3,Medical,1,1443,2,Female,67,3,5,Sales Representative,4,Married,16998,4771,9,Y,No,13,3,1,80,2,40,6,3,4,4,2,4
26,No,Travel_Rarely,1096,Research & Development,21,1,Life Sciences,1,1444,4,Female,38,4,2,Manager,4,Married,7896,8777,7,Y,Yes,15,3,4,80,0,5,0,1,5,3,1,4
32,No,Travel_Rarely,381,Research & Development,4,3,Marketing,1,1445,4,Female,43,3,1,Sales Representative,4,Married,4297,2113,1,Y,Yes,19,3,2,80,0,16,6,3,8,4,1,3
57,No,Travel_Rarely,1085,Research & Development,15,4,Medical,1,1446,4,Male,55,2,1,Manufacturing Director,2,Divorced,7175,2531,1,Y,Yes,13,3,2,80,0,39,1,3,8,1,2,3
42,No,Travel_Rarely,1211,Research & Development,17,4,Life Sciences,1,1447,2,Female,91,3,3,Human Resources,3,Single,9461,11714,1,Y,Yes,22,4,3,80,1,22,6,3,7,2,4,7
22,No,Travel_Rarely,1327,Research & Development,12,4,Marketing,1,1448,3,Male,54,3,1,Sales Representative,4,Single,3449,5410,3,Y,No,20,3,4,80,2,4,5,2,4,4,3,3
28,No,Travel_Rarely,115,Research & Development,3,4,Life Sciences,1,1449,1,Female,65,3,4,Research Scientist,4,Single,12605,11236,7,Y,Yes,17,3,3,80,0,11,5,3,4,1,1,4
51,No,Travel_Frequently,1274,Research & Development,10,3,Life Sciences,1,1450,3,Female,62,3,1,Manufacturing Director,3,Married,5847,24223,6,Y,No,18,3,2,80,1,31,4,2,7,2,1,7
41,No,Travel_Frequently,1035,Sales,15,1,Medical,1,1451,2,Male,32,3,4,Healthcare Representative,1,Married,12904,26608,7,Y,No,15,3,3,80,0,23,1,3,6,0,4,6
32,Yes,Travel_Rarely,353,Sales,10,2,Technical Degree,1,1452,3,Female,40,3,3,Research Scientist,4,Married,10514,10324,1,Y,No,13,3,3,80,0,11,3,2,5,5,1,3
55,No,Travel_Rarely,1311,Research & Development,24,4,Technical Degree,1,1453,3,Female,87,4,4,Research Director,3,Single,13996,13159,4,Y,No,21,3,2,80,0,36,4,3,8,6,3,0
25,No,Travel_Rarely,428,Human Resources,23,5,Human Resources,1,1454,1,Male,93,3,1,Sales Executive,4,Married,5218,3726,1,Y,No,16,3,1,80,3,7,2,2,5,3,1,5
22,No,Travel_Rarely,643,Research & Development,18,3,Technical Degree,1,1455,3,Male,47,3,2,Laboratory Technician,2,Married,6992,23454,1,Y,No,23,3,1,80,1,7,2,3,4,3,0,2
43,Yes,Travel_Rarely,882,Research & Development,1,1,Life Sciences,1,1456,3,Male,76,3,1,Sales Executive,3,Married,6348,10217,5,Y,No,22,3,2,80,0,27,1,3,5,5,4,5
35,No,Non-Travel,1096,Research & Development,3,2,Life Sciences,1,1457,3,Female,73,2,1,Healthcare Representative,2,Divorced,6352,4648,1,Y,Yes,13,3,1,80,2,18,2,3,5,5,1,4
23,No,Travel_Rarely,1453,Sales,21,3,Marketing,1,1458,4,Female,88,3,1,Research Director,3,Married,4655,14832,5,Y,No,19,3,4,80,0,2,1,3,2,2,2,2
54,No,Travel_Rarely,944,Sales,26,3,Life Sciences,1,1459,2,Male,79,2,3,Sales Representative,1,Married,13111,11453,5,Y,No,12,3,1,80,0,39,6,3,2,2,0,2
30,No,Travel_Frequently,1292,Sales,27,1,Medical,1,1460,2,Male,98,3,1,Human Resources,2,Single,5689,4065,7,Y,No,23,3,2,80,3,13,3,3,9,5,3,2
45,No,Non-Travel,465,Research & Development,12,5,Medical,1,1461,1,Male,58,3,4,Research Scientist,4,Married,13241,2933,1,Y,No,13,3,4,80,0,29,5,3,3,2,3,2
22,Yes,Travel_Frequently,1301,Sales,1,3,Life Sciences,1,1462,4,Male,96,3,1,Research Director,3,Divorced,5354,3050,6,Y,Yes,17,4,3,80,3,6,3,3,6,5,1,4
30,No,Travel_Rarely,754,Research & Development,3,4,Technical Degree,1,1463,4,Male,31,4,2,Research Director,4,Divorced,7671,24414,9,Y,Yes,24,3,2,80,1,11,1,4,9,3,0,2
34,No,Travel_Rarely,1485,Research & Development,3,4,Medical,1,1464,3,Male,54,3,1,Manager,1,Single,4964,9116,7,Y,Yes,24,3,2,80,3,17,3,3,12,1,0,6
57,No,Travel_Rarely,859,Research & Development,5,4,Medical,1,1465,2,Male,48,3,3,Laboratory Technician,3,Married,12342,23427,6,Y,No,20,4,1,80,2,40,2,3,10,7,1,9
49,No,Travel_Rarely,738,Sales,19,3,Other,1,1466,1,Male,69,3,1,Research Scientist,1,Single,7369,24851,5,Y,No,18,3,4,80,0,31,6,2,9,5,4,1
46,No,Travel_Rarely,1163,Research & Development,29,3,Medical,1,1467,4,Female,31,4,4,Research Director,3,Divorced,14104,13106,2,Y,No,15,3,2,80,2,30,3,3,5,3,1,5
20,No,Travel_Rarely,1023,Research & Development,25,3,Life Sciences,1,1468,3,Female,94,2,2,Manager,2,Married,8117,21986,6,Y,No,15,3,4,80,0,4,6,3,3,3,3,3
57,No,Non-Travel,515,Research & Development,1,3,Medical,1,1469,1,Female,91,3,4,Manufacturing Director,4,Married,15489,8878,6,Y,Yes,15,3,4,80,1,39,2,3,3,3,2,3
51,No,Travel_Rarely,1478,Research & Development,4,3,Marketing,1,1470,4,Female,83,3,1,Healthcare Representative,2,Single,7058,2792,5,Y,No,14,3,1,80,1,30,5,3,8,5,1,4
